# File generated by ImageToStl.com - Free Image and 3D model conversion tools

o obj1
v 5.264877 9.598202 0.00382732
v 4.905498 9.737003 0.00671813
v 5.222522 10.20914 0.01015306
v 4.868376 10.67295 0.02175648
v 4.85288 11.03762 0.03012139
v 5.03081 10.92132 0.03049459
v 5.307127 10.83572 0.03133589
v 5.546025 10.37755 0.00835393
v 5.761374 9.881457 0.00294479
v 5.516325 9.641105 0.00287404
v 5.404967 9.433881 0.00179384
v -5.761455 -10.21707 0.7322596
v -5.639136 -10.28454 0.844034
v -5.770509 -10.30378 0.7105428
v -5.645261 -10.34977 0.8278839
v -5.55343 -10.34183 0.9499159
v -5.558726 -10.38514 0.9342523
v -5.561202 -10.43191 0.9335907
v -5.65154 -10.41665 0.8197688
v -5.77979 -10.39267 0.6994963
v -5.789071 -10.48155 0.6995739
v -5.65782 -10.48352 0.8200181
v -5.56675 -10.47822 0.9290086
v -5.568975 -10.52199 0.9397916
v -5.663944 -10.54876 0.8285521
v -5.798125 -10.56826 0.7106864
v -5.806724 -10.65062 0.7327444
v -5.669762 -10.61073 0.8452916
v -5.57438 -10.56675 0.9467891
v -5.575986 -10.60325 0.9680247
v -5.675133 -10.66794 0.8697449
v -5.814664 -10.72667 0.7651051
v -5.821741 -10.79444 0.8071256
v -5.679921 -10.71894 0.90142
v -5.580871 -10.64205 0.9859517
v -5.58155 -10.66774 1.015598
v -5.684014 -10.76253 0.9394544
v -5.82779 -10.85238 0.857661
v -5.832651 -10.89893 0.9155662
v -5.687302 -10.79755 0.9829853
v -5.585586 -10.69677 1.042703
v -5.585123 -10.70914 1.077857
v -5.689715 -10.82325 1.030863
v -5.836217 -10.93309 0.9793057
v -5.838387 -10.95387 1.047344
v -5.691183 -10.83889 1.081939
v -5.588065 -10.72553 1.111453
v -5.586354 -10.72341 1.148641
v -5.69168 -10.84418 1.134894
v -5.839121 -10.96091 1.117915
v -5.838386 -10.95387 1.191216
v -5.691182 -10.83889 1.189922
v -5.588065 -10.72553 1.185377
v -5.585122 -10.70914 1.239542
v -5.689715 -10.82325 1.270539
v -5.836217 -10.9331 1.298805
v -5.832651 -10.89893 1.401979
v -5.687301 -10.79755 1.347864
v -5.585586 -10.69677 1.294824
v -5.58155 -10.66774 1.341134
v -5.684013 -10.76253 1.419997
v -5.82779 -10.85238 1.498186
v -5.821741 -10.79444 1.584888
v -5.67992 -10.71894 1.485046
v -5.580871 -10.64205 1.390057
v -5.575986 -10.60325 1.42384
v -5.675133 -10.66794 1.541499
v -5.814664 -10.72667 1.660066
v -5.57438 -10.56675 1.461563
v -5.669762 -10.61073 1.587853
v -5.568975 -10.52199 1.479554
v -5.663944 -10.54876 1.623133
v -5.798125 -10.56826 1.768561
v -5.806724 -10.65062 1.721719
v -5.56675 -10.47822 1.502416
v -5.65782 -10.48352 1.646369
v -5.561202 -10.43191 1.502972
v -5.651541 -10.41665 1.657204
v -5.77979 -10.39267 1.813559
v -5.789071 -10.48155 1.799323
v -5.558726 -10.38514 1.508833
v -5.645261 -10.34977 1.655284
v -5.55343 -10.34183 1.492052
v -5.639136 -10.28454 1.640882
v -5.761455 -10.21707 1.791518
v -5.770509 -10.30378 1.810827
v -5.551096 -10.29662 1.480457
v -5.633318 -10.22257 1.614266
v -5.550669 -10.24317 1.455989
v -5.638577 -10.15569 1.591718
v -5.745731 -10.05503 1.716753
v -5.752856 -10.13471 1.75602
v -5.71673 -10.03265 1.660024
v -5.665679 -10.0757 1.589484
v -5.620703 -10.10813 1.517129
v -5.683692 -9.994464 1.507882
v -5.742607 -9.907117 1.500888
v -5.74437 -9.958601 1.6022
v -5.603802 -10.10786 1.478224
v -5.539767 -10.21969 1.407894
v -5.541958 -10.18062 1.373014
v -5.608389 -10.07928 1.455709
v -5.673114 -9.97062 1.450223
v -5.716702 -9.911799 1.446533
v -5.608243 -10.04087 1.387132
v -5.627874 -10.02679 1.432503
v -5.672853 -9.933977 1.383153
v -5.721671 -9.87009 1.393403
v -5.601206 -10.03753 1.354421
v -5.536247 -10.16705 1.321798
v -5.535687 -10.15596 1.278468
v -5.606983 -10.01517 1.319701
v -5.675284 -9.90633 1.329027
v -5.715609 -9.850185 1.333309
v -5.540885 -10.13228 1.233915
v -5.625796 -9.972174 1.268319
v -5.53692 -10.13902 1.179355
v -5.614875 -9.983559 1.182012
v -5.723325 -9.813693 1.182307
v -5.696113 -9.855304 1.261646
v -5.73452 -9.806938 1.289111
v -5.727881 -9.81993 1.298038
v -5.611898 -9.994416 1.127311
v -5.53741 -10.13784 1.142325
v -5.537282 -10.15468 1.107381
v -5.613365 -10.01004 1.075317
v -5.723362 -9.852242 1.040335
v -5.721194 -9.831471 1.109392
v -5.72693 -9.886403 0.9738685
v -5.615779 -10.03575 1.025302
v -5.53989 -10.1666 1.071275
v -5.540855 -10.19608 1.041316
v -5.619067 -10.07077 0.9784487
v -5.73179 -9.932954 0.9115576
v -5.73784 -9.990895 0.8549657
v -5.623159 -10.11436 0.935938
v -5.544606 -10.22131 1.009114
v -5.546419 -10.26057 0.9870587
v -5.627947 -10.16535 0.8987562
v -5.744916 -10.05867 0.8054061
v -5.752856 -10.13471 0.7641923
v -5.633318 -10.22257 0.8678898
v -5.551096 -10.29662 0.9618873
v -6.108774 -10.05012 0.4776571
v -5.918323 -10.13984 0.6194046
v -6.126117 -10.17888 0.4435723
v -5.931059 -10.24776 0.592013
v -5.944115 -10.35839 0.5778942
v -6.143894 -10.31087 0.429254
v -5.95717 -10.46902 0.5776347
v -5.969905 -10.57694 0.591145
v -6.179015 -10.57162 0.4470383
v -6.161672 -10.44286 0.4287647
v -6.195487 -10.69392 0.4890087
v -5.982001 -10.67945 0.618335
v -5.993171 -10.7741 0.6584187
v -6.210697 -10.80685 0.5467296
v -6.224252 -10.90749 0.6122547
v -6.003125 -10.85845 0.71061
v -6.011635 -10.93057 0.7734862
v -6.235842 -10.99352 0.6872661
v -6.245152 -11.06265 0.773446
v -6.018473 -10.9885 0.8456244
v -6.02349 -11.03102 0.9251034
v -6.251985 -11.11338 0.8684897
v -6.026541 -11.05688 1.010002
v -6.027575 -11.06564 1.098105
v -6.257547 -11.15468 1.075589
v -6.256139 -11.14422 0.9700928
v -6.026541 -11.05688 1.188068
v -6.02349 -11.03102 1.322581
v -6.251984 -11.11338 1.341888
v -6.256139 -11.14422 1.182313
v -6.245152 -11.06265 1.496557
v -6.018473 -10.9885 1.451561
v -6.011635 -10.93057 1.571794
v -6.235842 -10.99352 1.640708
v -6.224252 -10.90749 1.770491
v -6.003125 -10.85845 1.680089
v -5.993171 -10.7741 1.77392
v -6.210697 -10.80685 1.882875
v -5.982001 -10.67945 1.850787
v -5.969905 -10.57694 1.909108
v -6.179014 -10.57162 2.044587
v -6.195487 -10.69392 1.974865
v -5.95717 -10.46902 1.947321
v -5.944114 -10.35839 1.964901
v -6.143894 -10.31087 2.111095
v -6.161672 -10.44286 2.090192
v -5.931059 -10.24776 1.961335
v -5.918323 -10.13984 1.937147
v -6.108774 -10.05012 2.077734
v -6.126117 -10.17888 2.10672
v -5.906227 -10.03733 1.892855
v -5.900642 -9.954703 1.84949
v -6.076597 -9.823198 1.96822
v -6.0923 -9.927819 2.024795
v -6.025084 -9.826539 1.921418
v -6.02491 -9.83007 1.923138
v -5.96962 -9.863353 1.880872
v -5.907443 -9.906416 1.827993
v -5.798352 -9.979007 1.740036
v -5.811948 -9.921043 1.673438
v -5.873476 -9.833937 1.640758
v -5.895182 -9.890373 1.788381
v -5.751859 -10.00107 1.693585
v -5.794215 -9.879887 1.569687
v -5.868365 -9.639378 1.164326
v -5.794804 -9.727769 1.243887
v -5.892532 -9.612834 1.226264
v -6.033854 -9.455481 1.168445
v -5.995991 -9.49542 1.222479
v -5.988491 -9.505725 1.246013
v -5.91019 -9.588466 1.251297
v -5.829773 -9.687309 1.265105
v -5.748231 -9.78512 1.269893
v -5.796519 -9.723315 1.280458
v -6.03165 -9.477515 1.069249
v -5.861688 -9.659905 1.089923
v -5.864738 -9.68576 1.00399
v -6.035804 -9.508362 0.9666629
v -6.042637 -9.55909 0.867793
v -5.869756 -9.728277 0.9212291
v -5.876594 -9.786215 0.8435786
v -6.051948 -9.628215 0.7749476
v -6.063536 -9.714255 0.6904344
v -5.885104 -9.858329 0.7729778
v -5.895057 -9.942682 0.711066
v -6.077091 -9.814894 0.6120138
v -6.0923 -9.927819 0.5374461
v -5.906227 -10.03733 0.6594819
v -6.586133 -9.82146 0.1025653
v -6.331841 -9.945202 0.2792051
v -6.616127 -9.990263 0.05920527
v -6.354887 -10.09431 0.2364982
v -6.378512 -10.24716 0.2278674
v -6.646876 -10.1633 0.05704757
v -6.677623 -10.33634 0.05696268
v -6.402137 -10.40001 0.2275279
v -6.425184 -10.54912 0.2554767
v -6.707619 -10.50514 0.08899979
v -6.736109 -10.66547 0.1832081
v -6.447074 -10.69075 0.3317108
v -6.467288 -10.82153 0.4270818
v -6.762417 -10.81352 0.3014593
v -6.785861 -10.94545 0.4056253
v -6.4853 -10.93807 0.5124411
v -6.500701 -11.03771 0.5993368
v -6.805903 -11.05824 0.5087146
v -6.822007 -11.14887 0.6237361
v -6.513073 -11.11776 0.6993169
v -6.522152 -11.1765 0.8096976
v -6.833825 -11.21537 0.7491679
v -6.527674 -11.21222 0.9277951
v -6.529545 -11.22433 1.050494
v -6.843445 -11.26951 1.023136
v -6.84101 -11.25581 0.8834881
v -6.84101 -11.25581 1.164552
v -6.527674 -11.21222 1.17468
v -6.522152 -11.1765 1.356746
v -6.833825 -11.21537 1.367435
v -6.513073 -11.11776 1.536911
v -6.500701 -11.03771 1.704809
v -6.805903 -11.05824 1.764188
v -6.822007 -11.14887 1.5728
v -6.4853 -10.93807 1.855929
v -6.467286 -10.82152 1.986737
v -6.762417 -10.81352 2.085481
v -6.785861 -10.94545 1.936427
v -6.447074 -10.69075 2.093745
v -6.425184 -10.54912 2.174792
v -6.707619 -10.50514 2.299663
v -6.736109 -10.66547 2.207373
v -6.402137 -10.40001 2.227756
v -6.378512 -10.24716 2.251994
v -6.649551 -10.1633 2.387567
v -6.679064 -10.33634 2.359957
v -6.354887 -10.09431 2.246879
v -6.331841 -9.945202 2.21323
v -6.587459 -9.821463 2.343695
v -6.618905 -9.990263 2.381821
v -6.30995 -9.803572 2.151853
v -6.300109 -9.683158 2.086571
v -6.555997 -9.483695 2.184301
v -6.557642 -9.661131 2.274147
v -6.602552 -9.305439 2.103001
v -6.494458 -9.445279 2.098555
v -6.578739 -9.314122 2.110112
v -6.313211 -9.597697 2.041056
v -6.135525 -9.744711 1.979226
v -6.13553 -9.739311 1.975107
v -6.208951 -9.675264 1.998855
v -6.327124 -9.564395 2.053463
v -6.07202 -9.795823 1.955612
v -6.064003 -9.801688 1.954199
v -6.233175 -9.261241 1.154115
v -6.118636 -9.373622 1.237179
v -6.252133 -9.247086 1.254119
v -6.468776 -9.034662 1.167394
v -6.421894 -9.086838 1.273082
v -6.569322 -8.920069 1.303877
v -6.55016 -8.958755 1.32086
v -6.486498 -8.878551 1.116572
v -6.129481 -9.365151 1.266842
v -6.100506 -9.392979 1.25636
v -6.059758 -9.430633 1.237941
v -6.030329 -9.458475 1.250943
v -6.452741 -9.070792 1.025757
v -6.229351 -9.2821 1.047719
v -6.234872 -9.317822 0.9287313
v -6.459927 -9.11123 0.8906579
v -6.243953 -9.376566 0.8139691
v -6.256325 -9.456618 0.7061009
v -6.487848 -9.268355 0.6339558
v -6.471745 -9.177732 0.7602565
v -6.507891 -9.381151 0.5111592
v -6.271725 -9.556255 0.6077953
v -6.289737 -9.672799 0.5045275
v -6.531335 -9.513087 0.3794114
v -6.557642 -9.661129 0.2262571
v -6.30995 -9.803572 0.3817728
v -7.182215 -9.502339 0.00664428
v -6.870256 -9.675279 0.02625424
v -7.230395 -9.707806 0.00010762
v -6.908593 -9.862945 0.00010761
v -6.947891 -10.05532 0.00010761
v -7.279783 -9.918427 0.00010762
v -7.329172 -10.12905 0.00010762
v -6.987189 -10.24769 0.00010761
v -7.025526 -10.43536 0.02014754
v -7.377353 -10.33452 0.00511761
v -7.423115 -10.52967 0.02014756
v -7.061939 -10.61361 0.08026736
v -7.095562 -10.7782 0.1718462
v -7.465371 -10.70987 0.06812362
v -7.503028 -10.87047 0.1719719
v -7.125525 -10.92488 0.2862633
v -7.151142 -11.05028 0.4144162
v -7.535222 -11.00776 0.3102534
v -7.561088 -11.11806 0.461529
v -7.171723 -11.15102 0.5472028
v -7.186827 -11.22496 0.6873415
v -7.58007 -11.19901 0.62269
v -7.196011 -11.26992 0.8375508
v -7.199123 -11.28515 0.9938319
v -7.595524 -11.26492 0.963155
v -7.591612 -11.24824 0.7906279
v -7.196012 -11.26992 1.152186
v -7.186827 -11.22496 1.374236
v -7.58007 -11.19901 1.377796
v -7.591612 -11.24824 1.138083
v -7.171723 -11.15102 1.604401
v -7.151142 -11.05028 1.818931
v -7.535222 -11.00776 1.869431
v -7.561088 -11.11806 1.632228
v -7.125525 -10.92488 2.011999
v -7.095562 -10.7782 2.179068
v -7.465371 -10.70987 2.267715
v -7.503028 -10.87047 2.082937
v -7.427244 -10.52967 2.418827
v -7.06197 -10.61361 2.315681
v -7.029285 -10.43536 2.419118
v -7.388011 -10.33452 2.533286
v -6.994573 -10.24769 2.486726
v -6.957973 -10.05532 2.517769
v -7.301664 -9.918427 2.642726
v -7.346157 -10.12905 2.608178
v -6.919614 -9.862945 2.511541
v -6.879805 -9.675281 2.469173
v -7.20494 -9.502339 2.589852
v -7.254506 -9.707806 2.636187
v -6.839011 -9.49703 2.39178
v -6.830149 -9.311545 2.293591
v -7.099079 -9.123044 2.386039
v -7.153453 -9.307182 2.504987
v -7.076068 -8.950639 2.237402
v -6.889972 -9.102178 2.188795
v -6.751943 -9.202111 2.141826
v -6.835902 -9.072261 2.129729
v -6.990481 -8.908756 2.163776
v -7.058257 -8.878059 2.176598
v -6.653226 -9.27484 2.108131
v -6.801366 -9.088752 2.136687
v -6.718472 -8.803415 1.148956
v -6.644797 -8.884945 1.320378
v -6.787024 -8.752439 1.323406
v -6.9973 -8.537631 1.168053
v -6.959623 -8.594065 1.355383
v -7.047068 -8.507578 1.432724
v -6.977835 -8.552227 1.407362
v -6.771356 -8.7605 1.380209
v -6.558289 -8.966982 1.328794
v -6.790075 -8.720613 1.365458
v -6.699771 -8.840721 1.003788
v -6.708956 -8.885679 0.8529049
v -6.979498 -8.637843 0.8160211
v -6.967956 -8.588619 0.9823162
v -6.72406 -8.959613 0.7071543
v -6.74464 -9.060364 0.5554295
v -7.024345 -8.829095 0.4811489
v -6.998481 -8.718791 0.6552559
v -7.05654 -8.966391 0.2748283
v -6.770257 -9.185762 0.386625
v -6.800221 -9.332442 0.2274701
v -7.094197 -9.126983 0.1014711
v -7.136453 -9.307182 0.02625424
v -6.833843 -9.49703 0.1046941
v -7.880852 -9.058528 0.00010764
v -7.520012 -9.298327 0.00010763
v -7.95361 -9.295402 0.00010763
v -7.579647 -9.520295 0.00010763
v -7.640778 -9.747832 0.00010763
v -8.028193 -9.538217 0.00010763
v -8.102775 -9.781029 0.00010763
v -7.70191 -9.975371 0.00010763
v -7.761545 -10.19734 0.00010763
v -8.175532 -10.0179 0.00010763
v -8.244638 -10.24289 0.00010763
v -7.818189 -10.40817 0.00010763
v -7.870491 -10.60285 0.0201727
v -8.308449 -10.45063 0.0051239
v -8.365316 -10.63577 0.0201727
v -7.917102 -10.77634 0.08036791
v -7.956951 -10.92466 0.1900377
v -8.413932 -10.79405 0.09203121
v -8.452993 -10.92122 0.2674766
v -7.988967 -11.04383 0.3585265
v -8.012462 -11.13127 0.553685
v -8.481659 -11.01454 0.4884085
v -8.012462 -11.13127 1.378766
v -7.988967 -11.04383 1.656788
v -7.956951 -10.92466 1.916076
v -8.413932 -10.79405 1.959658
v -8.452993 -10.92122 1.679031
v -8.481659 -11.01454 1.378259
v -7.917102 -10.77634 2.149525
v -7.872102 -10.60285 2.35162
v -8.31575 -10.45063 2.431329
v -8.365316 -10.63577 2.212421
v -8.267255 -10.24289 2.610522
v -7.829277 -10.40817 2.516956
v -7.783304 -10.19734 2.642275
v -8.214703 -10.0179 2.746475
v -7.733861 -9.975371 2.72441
v -7.680699 -9.747834 2.762541
v -8.094893 -9.538217 2.877545
v -8.15743 -9.781029 2.835771
v -7.623585 -9.520295 2.75589
v -7.562693 -9.298327 2.7059
v -7.952628 -9.058528 2.817664
v -8.026596 -9.295402 2.87098
v -7.498541 -9.087493 2.613987
v -7.419342 -8.893762 2.473061
v -7.787303 -8.626034 2.576438
v -7.873555 -8.833542 2.719157
v -7.318989 -8.723097 2.276011
v -7.143982 -8.765335 2.188532
v -7.259204 -8.625083 2.145351
v -7.372147 -8.547275 2.171853
v -7.636517 -8.294935 2.213197
v -7.679702 -8.441603 2.390409
v -7.67438 -8.188727 2.128778
v -7.564391 -8.291011 2.098838
v -7.513693 -8.353186 2.117563
v -7.433999 -8.412814 2.123643
v -7.423744 -8.430157 2.112098
v -7.611867 -8.233416 2.116742
v -7.405912 -8.46077 2.115738
v -7.275519 -8.582575 2.140601
v -7.283045 -8.260245 1.143268
v -7.243203 -8.323879 1.397267
v -7.387123 -8.179398 1.384422
v -7.582856 -7.950444 1.158579
v -7.548736 -8.017685 1.400582
v -7.577833 -7.987664 1.491001
v -7.452168 -8.103464 1.491862
v -7.317241 -8.251717 1.482081
v -7.137245 -8.434427 1.433696
v -7.240341 -8.309281 1.474834
v -7.254808 -8.311217 0.9618486
v -7.269095 -8.364391 0.7805549
v -7.574726 -8.061893 0.7431202
v -7.557297 -8.005147 0.9429616
v -7.29259 -8.451843 0.6051549
v -7.324606 -8.57101 0.421741
v -7.642451 -8.282382 0.3472332
v -7.603391 -8.155215 0.5414866
v -7.691068 -8.440661 0.1695322
v -7.364454 -8.71933 0.2164049
v -7.411066 -8.892822 0.05418194
v -7.747935 -8.625798 0.04246378
v -7.811745 -8.833542 0.00010763
v -7.463368 -9.087493 0.00010762
v -8.659533 -8.452752 0.00010764
v -8.261947 -8.778238 0.00010765
v -8.763672 -8.71336 0.00010762
v -8.349546 -9.028111 0.00010763
v -8.439343 -9.284253 0.00010762
v -8.870424 -8.980508 0.0001076
v -8.977176 -9.247656 0.0001076
v -8.52914 -9.540391 0.00010761
v -8.616738 -9.790263 0.00010761
v -9.081316 -9.508264 0.0001076
v -9.180231 -9.755797 0.00010762
v -8.699943 -10.0276 0.00010763
v -8.776771 -10.24674 0.00010763
v -9.271564 -9.98436 0.00010764
v -9.352959 -10.18805 0.00010763
v -8.845237 -10.44204 0.00010763
v -8.903772 -10.60901 0.05449584
v -9.422547 -10.36219 0.04313494
v -9.478453 -10.5021 0.1722169
v -8.9508 -10.74316 0.2176605
v -8.985311 -10.8416 0.4349424
v -9.519482 -10.60477 0.363232
v -8.985312 -10.8416 1.377389
v -8.9508 -10.74316 1.699899
v -8.903772 -10.60901 2.000961
v -9.422545 -10.36219 2.041237
v -9.478453 -10.5021 1.72083
v -9.519483 -10.60477 1.377785
v -8.845237 -10.44204 2.272267
v -8.794158 -10.24674 2.507368
v -9.305983 -9.98436 2.580669
v -9.35469 -10.18805 2.330148
v -9.250263 -9.755797 2.786072
v -8.74109 -10.0276 2.69996
v -8.682539 -9.790263 2.846255
v -9.186841 -9.508264 2.942313
v -8.617415 -9.540391 2.942588
v -8.543935 -9.284253 2.982344
v -9.022006 -8.980508 3.051573
v -9.109401 -9.247656 3.020284
v -8.463117 -9.028111 2.976696
v -8.374919 -8.778238 2.925473
v -8.823711 -8.452752 3.005616
v -8.926517 -8.71336 3.046357
v -8.712233 -8.205218 2.919602
v -8.27829 -8.540905 2.820856
v -8.175683 -8.32176 2.671748
v -8.586323 -7.976656 2.762142
v -8.069355 -8.126459 2.48188
v -7.966443 -7.995143 2.299187
v -8.297012 -7.628613 2.341006
v -8.454618 -7.772965 2.561433
v -8.32594 -7.503109 2.229483
v -8.203877 -7.63135 2.194082
v -8.108686 -7.743769 2.200969
v -7.904114 -7.92356 2.184981
v -7.942778 -7.891505 2.165567
v -8.14813 -7.671595 2.198283
v -7.893999 -7.967937 2.171069
v -7.660131 -8.181159 2.15358
v -7.893398 -7.611985 1.124534
v -7.81381 -7.72409 1.375572
v -7.984873 -7.527945 1.344867
v -8.193501 -7.264199 1.127995
v -8.218565 -7.259996 1.386489
v -8.108324 -7.384179 1.447485
v -7.892836 -7.613499 1.447479
v -7.825079 -7.711799 1.464505
v -7.707773 -7.855442 1.451107
v -7.663771 -7.876608 1.496143
v -7.872388 -7.667046 0.9262314
v -7.893374 -7.726905 0.7003315
v -8.221366 -7.356241 0.6623105
v -8.196419 -7.293806 0.9122768
v -8.262395 -7.458913 0.3658921
v -7.927886 -7.825348 0.4488862
v -7.974914 -7.959495 0.2276525
v -8.318303 -7.598825 0.1203913
v -8.033448 -8.126462 0.09238785
v -8.101915 -8.32176 0.02317769
v -8.469285 -7.976656 0.00587514
v -8.387889 -7.772965 0.02317768
v -8.560618 -8.205218 0.00010764
v -8.178743 -8.540905 0.00010764
v -9.488045 -7.64787 0.0001076
v -9.069849 -8.077359 0.00010762
v -9.630176 -7.921689 0.0001076
v -9.192206 -8.346086 0.0001076
v -9.317631 -8.62155 0.00010759
v -9.775872 -8.202376 0.0001076
v -9.921569 -8.483064 0.00010759
v -9.443057 -8.897014 0.00010759
v -9.565413 -9.165738 0.00010759
v -10.0637 -8.756881 0.00010759
v -10.1987 -9.016962 0.0001076
v -9.681631 -9.420979 0.0001076
v -9.788941 -9.656656 0.00010762
v -10.32335 -9.257109 0.0001076
v -9.966333 -10.04625 2.081719
v -9.896407 -9.866691 2.387121
v -9.850838 -9.656656 2.652137
v -10.42789 -9.257109 2.723063
v -10.46488 -9.471123 2.444659
v -10.5135 -9.65409 2.124073
v -9.79532 -9.420979 2.869636
v -9.723701 -9.165738 3.01309
v -10.29259 -8.756881 3.071593
v -10.37651 -9.016962 2.951779
v -9.633995 -8.897014 3.084775
v -9.533153 -8.62155 3.118746
v -10.07695 -8.202376 3.18447
v -10.19237 -8.483062 3.14786
v -9.42114 -8.346086 3.114078
v -9.298942 -8.077359 3.071799
v -9.80191 -7.64787 3.136774
v -9.946349 -7.921689 3.180421
v -9.168251 -7.822118 2.992932
v -9.022077 -7.586441 2.850722
v -9.481539 -7.147641 2.936696
v -9.645833 -7.387788 3.054588
v -9.284989 -6.933627 2.718004
v -8.860307 -7.376409 2.639941
v -8.684171 -7.24884 2.423542
v -9.039911 -6.775455 2.436732
v -8.690977 -6.76481 1.808601
v -8.924015 -6.450307 1.837233
v -8.755989 -6.812305 2.051746
v -8.984214 -6.543591 2.145753
v -8.722516 -6.972919 2.219758
v -8.747326 -6.855452 2.268061
v -8.856363 -6.599708 2.323299
v -8.970015 -6.235151 2.058957
v -8.778392 -6.516416 1.820745
v -8.700266 -6.671085 1.781767
v -8.51722 -7.260559 2.24078
v -8.060723 -7.750173 2.21617
v -7.879249 -8.006768 2.776906
v -8.23647 -7.636046 2.863923
v -8.532213 -7.316637 2.657969
v -8.709505 -6.994545 2.858983
v -8.983043 -6.484575 3.069974
v -8.770617 -6.774065 2.410669
v -8.852671 -6.437907 1.503
v -8.51249 -6.913228 1.527363
v -8.692129 -6.536875 1.625176
v -8.655359 -6.273999 1.274032
v -8.457131 -6.749392 1.322811
v -8.181652 -7.049699 1.176042
v -8.097497 -7.368002 1.466298
v -8.512481 -6.868243 1.150631
v -8.843616 -6.409888 1.147998
v -8.525723 -6.882334 0.9017164
v -8.555036 -6.946709 0.6391791
v -8.890029 -6.495781 0.6257282
v -8.855981 -6.430185 0.8951563
v -8.946027 -6.603658 0.3215943
v -8.603241 -7.052579 0.331043
v -8.668929 -7.196846 0.08284146
v -9.02233 -6.75066 0.08047929
v -8.750688 -7.376409 0.00010762
v -8.846322 -7.586441 0.00010763
v -9.228392 -7.147641 0.00010763
v -9.117303 -6.933627 0.00010762
v -9.353045 -7.387788 0.00010762
v -8.953632 -7.822118 0.00010763
v -10.32755 -6.610899 0.0001076
v -9.909269 -7.160082 0.0001076
v -10.50209 -6.884267 0.00010762
v -10.07261 -7.435579 0.0001076
v -10.24006 -7.717988 0.00010761
v -10.65847 -7.164493 0.00010763
v -10.54933 -8.275895 0.0001076
v -10.9674 -7.718086 0.0001076
v -10.4075 -8.000398 0.0001076
v -10.81485 -7.444718 0.00010762
v -11.1123 -7.977738 0.00010761
v -10.67674 -8.537571 0.0001076
v -10.79438 -8.779192 0.00010762
v -11.24609 -8.21749 0.00010763
v -11.46726 -8.61382 0.00010764
v -10.98886 -9.178607 0.00010763
v -11.54916 -8.760579 0.00010762
v -11.06087 -9.32651 0.00010762
v -10.51531 -9.65409 0.00599368
v -10.57797 -9.801092 0.02365183
v -10.62395 -9.908969 0.1347934
v -11.11372 -9.435048 0.09782232
v -11.60926 -8.868277 0.09721164
v -10.91665 -8.779192 2.794691
v -10.89367 -8.537571 3.008568
v -10.85142 -8.275895 3.129585
v -11.27989 -7.718086 3.187964
v -11.33349 -7.977738 3.061309
v -11.37579 -8.21749 2.868494
v -10.78506 -8.000398 3.210208
v -10.6538 -7.717988 3.249356
v -11.14768 -7.164493 3.314124
v -11.21938 -7.444718 3.272624
v -10.50221 -7.435579 3.245947
v -10.33224 -7.160082 3.201065
v -10.88881 -6.610899 3.265252
v -11.05865 -6.884267 3.3113
v -10.14678 -6.898406 3.115793
v -9.950258 -6.656785 2.993087
v -10.43581 -6.111495 3.049843
v -10.6695 -6.351247 3.17708
v -9.481584 -6.257367 2.524192
v -9.727732 -6.441457 2.796198
v -9.891092 -5.715165 2.593608
v -10.18715 -5.897832 2.875055
v -9.28635 -6.109467 2.215108
v -9.221996 -6.000926 1.87648
v -9.545947 -5.460706 1.923084
v -9.619135 -5.568407 2.273678
v -9.501444 -5.395217 1.549489
v -9.182864 -5.934927 1.515687
v -9.169605 -5.912561 1.154802
v -9.486364 -5.373025 1.168766
v -9.182864 -5.934927 0.8932029
v -9.221996 -6.000926 0.6167489
v -9.545947 -5.460706 0.6127159
v -9.501444 -5.395217 0.8963712
v -9.374043 -6.257367 0.07878111
v -9.718864 -5.715165 0.0778161
v -9.28635 -6.109467 0.3148016
v -9.619135 -5.568407 0.3109415
v -9.610862 -6.656785 0.00010764
v -9.988188 -6.111495 0.00010764
v -9.483191 -6.441457 0.00010763
v -9.842993 -5.897832 0.00010764
v -10.15111 -6.351247 0.00010762
v -9.75412 -6.898406 0.00010762
v -11.00888 -5.317731 0.00010761
v -10.68573 -5.997229 0.0001076
v -11.20036 -5.573885 0.00010762
v -10.85749 -6.264262 0.00010762
v -11.03357 -6.537995 0.00010764
v -11.39665 -5.836465 0.00010764
v -11.3814 -7.078762 0.0001076
v -11.78442 -6.355202 0.0001076
v -11.20964 -6.811726 0.00010762
v -11.59294 -6.099048 0.00010762
v -11.9663 -6.598506 0.00010759
v -11.54455 -7.332397 0.0001076
v -11.69519 -7.566595 0.00010762
v -12.13423 -6.823163 0.0001076
v -12.2839 -7.023373 0.00010762
v -11.82944 -7.775307 0.00010763
v -11.36532 -8.431153 0.00010764
v -11.94421 -7.953739 0.00010763
v -12.41185 -7.194536 0.00010763
v -12.51465 -7.332053 0.00010762
v -12.03643 -8.097098 0.00010762
v -12.1041 -8.202302 0.09786323
v -12.59009 -7.432971 0.09998396
v -12.63596 -7.494338 0.399613
v -12.14524 -8.266273 0.39113
v -11.64581 -8.933766 0.3885236
v -11.65819 -8.955958 0.7517985
v -12.15919 -8.287952 0.7588571
v -12.65151 -7.515132 0.775923
v -12.63596 -7.494338 1.105842
v -12.14525 -8.266273 1.079993
v -11.64581 -8.933766 1.06479
v -11.60181 -8.868277 1.42888
v -12.09433 -8.202302 1.464634
v -12.57937 -7.432971 1.513667
v -11.53198 -8.760579 1.838076
v -12.01505 -8.097098 1.885412
v -11.44349 -8.61382 2.22111
v -11.91479 -7.953739 2.279429
v -12.3882 -7.194536 2.346504
v -12.49293 -7.332053 1.943722
v -11.40024 -8.431153 2.567368
v -11.87038 -7.775307 2.635785
v -11.83209 -7.566593 2.944313
v -12.27024 -6.823163 2.996142
v -12.33221 -7.023373 2.710905
v -11.76943 -7.332397 3.115887
v -11.7034 -7.078762 3.247626
v -12.11403 -6.355202 3.309457
v -12.19314 -6.598506 3.173301
v -11.6311 -6.811726 3.33591
v -11.5481 -6.537995 3.379493
v -11.93608 -5.836465 3.446148
v -12.02993 -6.099048 3.400849
v -11.44784 -6.264262 3.377127
v -11.32377 -5.997229 3.329919
v -11.69049 -5.317731 3.395585
v -11.82535 -5.573885 3.444024
v -11.16933 -5.743592 3.238975
v -10.93641 -5.509396 3.107455
v -11.29293 -4.84977 3.136405
v -11.51155 -5.074427 3.287897
v -10.30058 -5.122249 2.655856
v -10.65002 -5.300682 2.938516
v -10.67628 -4.478397 2.68757
v -11.0359 -4.64956 2.947917
v -9.93623 -4.97889 2.321326
v -9.853134 -4.873686 1.960862
v -10.13591 -4.23996 1.992848
v -10.22803 -4.34088 2.353145
v -10.08 -4.178596 1.613267
v -9.802712 -4.809713 1.581011
v -9.785643 -4.788036 1.188456
v -10.06108 -4.157801 1.221139
v -9.802712 -4.809713 0.9051755
v -9.853134 -4.873686 0.6141038
v -10.13591 -4.23996 0.621215
v -10.08 -4.178596 0.9199405
v -10.04981 -5.122249 0.07765349
v -10.35393 -4.478397 0.07833745
v -9.93623 -4.97889 0.3102911
v -10.22803 -4.34088 0.3130269
v -10.35483 -5.509396 0.00010765
v -10.65215 -4.84977 0.00010765
v -10.19135 -5.300682 0.00010764
v -10.50037 -4.64956 0.00010764
v -10.82335 -5.074427 0.00010763
v -10.52258 -5.743592 0.00010762
v -11.558 -3.758316 0.00010765
v -11.29613 -4.571068 0.00010763
v -11.78966 -3.977833 0.00010763
v -11.51221 -4.811459 0.00010762
v -11.73502 -5.057881 0.00010762
v -12.02714 -4.202859 0.00010761
v -12.16955 -5.544693 0.00010759
v -12.50421 -4.647403 0.0001076
v -11.95813 -5.304303 0.0001076
v -12.2668 -4.427884 0.0001076
v -12.73088 -4.855909 0.0001076
v -12.37036 -5.773025 0.00010759
v -12.55578 -5.983856 0.0001076
v -12.94118 -5.048432 0.0001076
v -13.12941 -5.220008 0.00010761
v -12.72102 -6.171744 0.00010761
v -12.8623 -6.332374 0.00010763
v -13.28637 -5.366693 0.00574497
v -13.05909 -6.556139 0.1037807
v -13.50156 -5.571024 0.1432229
v -12.9758 -6.46143 0.00010762
v -13.41048 -5.48454 0.02265695
v -13.55694 -5.623615 0.4598222
v -13.10974 -6.613727 0.4147999
v -13.1269 -6.633241 0.8044317
v -13.5757 -5.641434 0.8510323
v -13.55668 -5.623615 1.199894
v -13.10974 -6.613727 1.143942
v -13.05013 -6.556139 1.577746
v -13.49917 -5.571024 1.65782
v -12.95948 -6.46143 2.014647
v -12.85502 -6.332374 2.423836
v -13.29553 -5.366693 2.512234
v -13.40774 -5.48454 2.099074
v -12.77574 -6.171744 2.794077
v -12.68876 -5.983856 3.052709
v -13.06708 -5.048432 3.098939
v -13.18636 -5.220008 2.882298
v -12.40876 -5.304303 3.468225
v -12.28418 -5.057881 3.499566
v -12.56453 -4.202859 3.510172
v -12.71483 -4.427884 3.478828
v -12.83448 -4.647403 3.398691
v -12.50393 -5.544693 3.374346
v -12.15612 -4.811461 3.479965
v -11.99824 -4.571068 3.413156
v -12.21345 -3.758316 3.424705
v -12.40171 -3.977833 3.491639
v -11.80318 -4.342737 3.300664
v -11.54972 -4.131908 3.146192
v -11.72893 -3.357285 3.153797
v -11.98704 -3.549809 3.310848
v -11.26392 -3.944018 2.953437
v -10.94101 -3.783388 2.713628
v -10.86846 -3.039027 2.726738
v -11.44107 -3.185711 2.957277
v -10.49083 -3.654333 2.381718
v -10.38988 -3.559625 2.024139
v -10.58324 -2.834693 2.053763
v -10.75076 -2.921177 2.406101
v -10.52802 -2.782104 1.682709
v -10.32861 -3.502036 1.647506
v -10.30787 -3.482522 1.258608
v -10.50935 -2.764283 1.299782
v -10.32861 -3.502036 0.9409906
v -10.38988 -3.559625 0.6343513
v -10.58362 -2.834693 0.6535504
v -10.52817 -2.782104 0.9683572
v -10.59787 -3.783388 0.07991223
v -10.79912 -3.039026 0.08238371
v -10.48389 -3.654333 0.319326
v -10.67482 -2.921177 0.3292119
v -10.90571 -4.131908 0.00010765
v -11.13485 -3.357285 0.00010765
v -10.73975 -3.944018 0.00010764
v -10.95384 -3.185711 0.00010764
v -11.09205 -4.342737 0.00010764
v -11.33798 -3.549809 0.00010765
v -12.2965 -3.272018 0.00010763
v -12.52399 -2.269332 0.00010764
v -12.03992 -3.073856 0.00010764
v -12.24958 -2.103536 0.00010765
v -11.98194 -1.941797 0.00010764
v -11.78965 -2.880541 0.00010765
v -12.80347 -3.663495 0.00010762
v -13.06628 -2.596867 0.00010765
v -12.55311 -3.470181 0.00010762
v -12.79847 -2.435127 0.00010765
v -13.55564 -2.89234 0.00010765
v -13.26086 -4.016652 0.00010762
v -13.76505 -3.018755 0.00010765
v -13.45655 -4.167747 0.00010763
v -13.62384 -4.29692 0.02265696
v -13.94409 -3.126829 0.04249219
v -13.86299 -4.476862 0.2522802
v -14.19351 -3.27738 0.3808691
v -13.76111 -4.400702 0.09030495
v -14.08794 -3.21366 0.1696458
v -14.2577 -3.316127 0.6754627
v -13.92503 -4.523172 0.5578113
v -13.94606 -4.538865 0.9223741
v -14.27946 -3.329257 1.010281
v -13.92757 -4.523172 1.291131
v -13.87441 -4.476862 1.735838
v -14.19281 -3.27738 1.810329
v -14.25768 -3.316127 1.389397
v -13.78203 -4.400702 2.161023
v -13.64716 -4.29692 2.554406
v -13.91722 -3.126829 2.584569
v -14.08522 -3.21366 2.212511
v -13.50211 -4.167747 2.877415
v -13.35629 -4.016652 3.094468
v -13.56964 -2.89234 3.089922
v -13.74139 -3.018755 2.869087
v -12.9497 -4.855909 3.270847
v -13.21123 -3.84711 3.270586
v -13.06584 -3.663495 3.402005
v -13.2378 -2.596867 3.403789
v -13.40205 -2.750491 3.269444
v -12.9114 -3.470181 3.484961
v -12.73887 -3.272018 3.518263
v -12.88255 -2.269332 3.524058
v -13.0671 -2.435127 3.489092
v -12.56555 -3.073856 3.500721
v -12.37329 -2.880541 3.433749
v -12.50241 -1.941797 3.440442
v -12.69953 -2.103536 3.507395
v -12.14193 -2.696927 3.318764
v -11.88023 -2.527384 3.159499
v -12.00015 -1.646323 3.163405
v -12.26592 -1.788173 3.324539
v -11.58973 -2.376291 2.959688
v -11.06748 -2.247118 2.724865
v -11.38966 -1.411834 2.722198
v -11.70629 -1.519909 2.960757
v -10.92015 -2.143335 2.425296
v -10.73511 -2.067175 2.080689
v -10.85159 -1.261283 2.103559
v -11.04813 -1.325004 2.438029
v -10.67631 -2.020864 1.717784
v -10.65677 -2.005171 1.343489
v -10.76998 -1.209407 1.388091
v -10.78993 -1.222537 1.751249
v -10.73727 -2.067175 0.6788498
v -10.85671 -1.261283 0.709949
v -10.67739 -2.020864 1.002072
v -10.79269 -1.222537 1.041793
v -10.96999 -2.247118 0.08575783
v -11.10551 -1.411834 0.0899916
v -10.83576 -2.143335 0.3427085
v -10.962 -1.325004 0.3596435
v -11.33258 -2.527384 0.00010763
v -11.49319 -1.646323 0.00010761
v -11.13709 -2.376291 0.00010762
v -11.28417 -1.519909 0.00010761
v -11.55199 -2.696927 0.00010764
v -11.7278 -1.788173 0.00010763
v -12.22246 0.09904623 0.00010761
v -12.12826 -0.9461319 0.00010762
v -12.51899 0.01647353 0.0001076
v -12.4115 -1.070887 0.00010762
v -12.70193 -1.198771 0.00010763
v -12.82302 -0.06816983 0.0001076
v -13.27592 -1.451411 0.00010766
v -13.42389 -0.2353871 0.00010765
v -12.99244 -1.326656 0.00010764
v -13.12714 -0.1528144 0.00010763
v -14.2052 -1.860189 0.05689917
v -14.39669 -0.5059493 0.06956411
v -14.01564 -1.776829 0.00010765
v -14.19825 -0.4507744 0.00010764
v -13.96617 -0.3862357 0.00010765
v -13.79395 -1.67932 0.00010766
v -14.55614 -0.5502796 0.2779336
v -14.35752 -1.927166 0.2272738
v -14.4693 -1.976316 0.4789064
v -14.67316 -0.5828106 0.5683616
v -14.74433 -0.6025922 0.8839939
v -14.53728 -2.006202 0.7794721
v -14.56032 -2.01633 1.106579
v -14.76398 -0.6092954 1.216765
v -14.52564 -2.006202 1.489321
v -14.44377 -1.976316 1.881869
v -14.61483 -0.5828106 1.94347
v -14.71241 -0.6025922 1.583312
v -14.31849 -1.927166 2.25669
v -14.1241 -1.860189 2.602961
v -14.26555 -0.5059493 2.594998
v -14.47368 -0.5502796 2.287244
v -13.92792 -1.776829 2.862058
v -13.73554 -1.67932 3.085691
v -13.84739 -0.3862357 3.081488
v -14.05403 -0.4507744 2.856022
v -13.54981 -1.569906 3.267769
v -13.37012 -1.451411 3.404347
v -13.45794 -0.2353871 3.40343
v -13.64884 -0.3138173 3.265291
v -13.18623 -1.326656 3.491481
v -12.99138 -1.198771 3.527779
v -13.06153 -0.06816983 3.52922
v -13.26451 -0.1528144 3.491902
v -12.79979 -1.070887 3.511847
v -12.59742 -0.9461319 3.444937
v -12.65505 0.09904623 3.447071
v -12.86283 0.01647353 3.513893
v -12.35566 -0.8276367 3.328301
v -12.08529 -0.7182229 3.16562
v -12.13253 0.2498949 3.16601
v -12.408 0.1774764 3.329903
v -11.7872 -0.6207156 2.960573
v -11.46661 -0.5373526 2.718808
v -11.50348 0.3696084 2.714573
v -11.82931 0.3144336 2.959009
v -11.13102 -0.4703784 2.443118
v -10.92875 -0.4212272 2.121096
v -10.96348 0.4464698 2.131887
v -11.16482 0.4139376 2.43837
v -10.8648 -0.3913403 1.781692
v -10.84471 -0.3812134 1.431997
v -10.87745 0.4729545 1.473337
v -10.89767 0.4662514 1.807495
v -10.93746 -0.4212272 0.7465471
v -10.97571 0.4464698 0.787975
v -10.86971 -0.3913403 1.087178
v -10.90476 0.4662514 1.137477
v -11.20076 -0.5373526 0.09504202
v -11.25141 0.3696096 0.1008126
v -11.0489 -0.4703772 0.3798452
v -11.09239 0.4139388 0.4029277
v -11.44936 0.3144336 0.00010762
v -11.38983 -0.6207144 0.00010761
v -11.61103 -0.7182229 0.00010761
v -11.68096 0.2498949 0.00010763
v -11.8593 -0.8276367 0.00010762
v -11.94089 0.1774764 0.00010762
v -12.24094 2.304876 0.00010764
v -12.26115 1.186332 0.00010762
v -12.55592 2.321128 0.00010761
v -12.5681 1.15093 0.0001076
v -12.88276 1.114639 0.0001076
v -12.87879 2.337787 0.0001076
v -13.50437 1.042947 0.00010765
v -13.51663 2.370701 0.00010765
v -13.19741 1.078349 0.00010762
v -13.20166 2.354448 0.00010762
v -14.09201 2.400391 0.00514534
v -14.06513 0.978272 0.00010765
v -14.33818 2.413093 0.02025841
v -14.30505 0.9506023 0.00010763
v -14.51015 0.9269464 0.08417319
v -14.54863 2.423953 0.1282374
v -14.71771 2.432678 0.4118727
v -14.67494 0.9079397 0.3363699
v -14.79587 0.8939922 0.6712043
v -14.84179 2.439082 0.7737411
v -14.91724 2.442975 1.116419
v -14.86941 0.8855116 1.003183
v -14.87352 0.8826375 1.333821
v -14.89963 2.444293 1.426194
v -14.80981 0.8855116 1.665437
v -14.69952 0.8939922 1.991009
v -14.70484 2.439082 2.030458
v -14.82563 2.442975 1.731207
v -14.54591 0.9079397 2.302117
v -14.33227 0.9269464 2.593427
v -14.32615 2.423953 2.614579
v -14.53988 2.432678 2.321897
v -14.11381 0.9506023 2.855915
v -13.90045 0.978272 3.082952
v -13.89625 2.400391 3.105295
v -14.10885 2.413093 2.877736
v -13.69558 1.009321 3.268441
v -13.49893 1.042947 3.408323
v -13.49494 2.370701 3.431333
v -13.69172 2.386136 3.291183
v -13.29852 1.078349 3.498539
v -13.09043 1.114639 3.537486
v -13.07722 2.337787 3.560563
v -13.28715 2.354448 3.521677
v -12.88697 1.15093 3.523558
v -12.67848 1.186332 3.457765
v -12.66495 2.304876 3.479947
v -12.87142 2.321128 3.546338
v -12.42753 1.219957 3.341116
v -12.14783 1.251006 3.177127
v -12.12838 2.275184 3.196962
v -12.41304 2.289438 3.362333
v -11.83984 1.278677 2.969312
v -11.50861 1.302333 2.723326
v -11.47568 2.251623 2.739026
v -11.81421 2.262483 2.987304
v -11.16402 1.321338 2.444826
v -10.95463 1.335286 2.147165
v -10.8995 2.236495 2.160954
v -11.12281 2.242898 2.457795
v -10.88727 1.343766 1.835784
v -10.8668 1.346641 1.5148
v -10.80962 2.231281 1.553143
v -10.83069 2.2326 1.861712
v -10.96966 1.335286 0.8335634
v -10.91562 2.236495 0.8868577
v -10.89567 1.343766 1.191736
v -10.83901 2.2326 1.242963
v -11.25537 1.302333 0.107207
v -11.20883 2.251623 0.1503531
v -11.09059 1.321338 0.4285053
v -11.03972 2.242898 0.4794095
v -11.41931 2.262483 0.02444367
v -11.46048 1.278677 0.00010762
v -11.70039 1.251006 0.00010763
v -11.6655 2.275184 0.00619165
v -11.96959 1.219957 0.00010763
v -11.94176 2.289438 0.00010764
v -12.83851 4.987825 0.00010762
v -12.53461 4.85386 0.0001076
v -13.0653 3.663094 0.00010762
v -12.74947 3.589405 0.0001076
v -13.37236 3.734981 0.00010765
v -13.13311 5.118512 0.00010764
v -13.4112 5.242641 0.00010764
v -13.66305 3.80326 0.00010765
v -13.81579 2.386137 0.00010765
v -13.93063 3.866308 0.02025843
v -13.6665 5.357258 0.03536836
v -14.08543 5.546727 0.3268543
v -13.89283 5.459402 0.1411505
v -14.37122 3.970528 0.2292676
v -14.16842 3.922493 0.08071076
v -14.35236 5.668374 0.9272087
v -14.23958 5.616887 0.60188
v -14.65295 4.037442 0.8622788
v -14.53382 4.00912 0.5137321
v -14.39263 5.710291 1.494666
v -14.40784 5.699682 1.243073
v -14.69833 4.060498 1.477573
v -14.7185 4.054663 1.199977
v -14.62955 4.054663 1.756352
v -14.5158 4.037442 2.030134
v -14.22767 5.668374 1.99615
v -14.33152 5.699682 1.747374
v -14.35609 4.00912 2.319941
v -14.15162 3.970528 2.6158
v -13.88254 5.546727 2.598115
v -14.07513 5.616887 2.297105
v -13.94049 3.922493 2.881903
v -13.73087 3.866308 3.112128
v -13.47341 5.357258 3.103767
v -13.67911 5.459402 2.869078
v -13.32928 3.734982 3.442473
v -13.11234 3.663094 3.534397
v -12.90167 3.589405 3.574452
v -12.63438 4.853861 3.578365
v -12.84698 4.987825 3.536181
v -13.07128 5.118512 3.441479
v -12.70103 3.515716 3.560967
v -12.50306 3.443829 3.494876
v -12.24908 4.58921 3.501027
v -12.43838 4.719896 3.566335
v -12.26546 3.375549 3.377111
v -11.99109 3.312503 3.211137
v -11.76441 4.350463 3.216867
v -12.02454 4.465079 3.383377
v -11.68806 3.256317 3.000421
v -11.36053 3.208282 2.750642
v -11.17157 4.160993 2.753426
v -11.47898 4.248319 3.004982
v -11.01788 3.16969 2.467479
v -10.79242 3.141369 2.166063
v -10.63734 4.039347 2.156891
v -10.85065 4.090834 2.467904
v -10.72268 3.124146 1.880056
v -10.70054 3.118311 1.584715
v -10.55867 3.99743 1.601143
v -10.56723 4.008038 1.883801
v -10.80568 3.141369 0.9514037
v -10.64459 4.039347 1.003414
v -10.72881 3.124146 1.287897
v -10.56978 4.008038 1.316946
v -11.09856 3.208282 0.2663788
v -10.9315 4.160993 0.3777852
v -10.92975 3.16969 0.5784716
v -10.76622 4.090834 0.6685804
v -11.13644 4.248319 0.1685551
v -11.30824 3.256317 0.09745181
v -11.55292 3.312503 0.02444368
v -11.37511 4.350463 0.04221951
v -11.64155 4.465079 0.00010761
v -11.82671 3.375549 0.00010763
v -12.12233 3.443829 0.00010762
v -11.92848 4.589208 0.0001076
v -11.61902 7.045485 0.00010759
v -11.36132 6.828299 0.0001076
v -11.96198 5.91887 0.00010759
v -11.675 5.727031 0.00010759
v -12.22874 4.719895 0.00010759
v -12.25341 6.115522 0.00010759
v -11.88246 7.26608 0.00010759
v -12.1452 7.484607 0.00010759
v -12.54204 6.312175 0.0001076
v -12.82093 6.504014 0.00010762
v -12.40083 7.695794 0.0001076
v -12.64304 7.894564 0.00010762
v -13.08338 6.686229 0.00010763
v -13.32127 6.837165 0.04039662
v -12.86617 8.076524 0.04042504
v -13.23397 8.374001 0.3626345
v -13.06461 8.237409 0.1613772
v -13.71071 7.066538 0.3605877
v -13.53135 6.961218 0.1612636
v -13.36984 8.483106 0.6438671
v -13.85466 7.150663 0.6362483
v -13.96021 7.212119 0.9589218
v -13.46944 8.562813 0.9739792
v -13.5133 8.611133 1.294469
v -14.00923 7.249373 1.266426
v -13.99613 7.261978 1.515326
v -13.49874 8.62748 1.58018
v -13.8449 7.212119 2.004255
v -13.70291 7.150663 2.307258
v -13.525 7.066538 2.596708
v -13.05649 8.374001 2.686372
v -13.21993 8.483106 2.422836
v -13.3524 8.562813 2.140697
v -13.33348 6.961218 2.858351
v -13.13611 6.837165 3.086562
v -12.69061 8.076524 3.136088
v -12.87766 8.237409 2.925788
v -12.93725 6.68623 3.278008
v -13.27009 5.242642 3.295954
v -12.73994 6.504015 3.428089
v -12.31333 7.695794 3.467635
v -12.50042 7.894564 3.325189
v -12.51927 6.312175 3.526511
v -12.30863 6.115522 3.571512
v -11.90019 7.26608 3.59126
v -12.09039 7.484607 3.556829
v -12.11975 5.91887 3.56133
v -11.94033 5.727031 3.496875
v -11.57307 6.828299 3.492501
v -11.73214 7.045486 3.569416
v -11.72707 5.544816 3.379056
v -11.48339 5.376568 3.211369
v -11.15287 6.37645 3.200654
v -11.37627 6.599435 3.369724
v -11.21697 5.226626 2.997309
v -10.93019 5.098438 2.742633
v -10.64464 6.007837 2.725731
v -10.90854 6.177728 2.984051
v -10.63062 4.995447 2.453096
v -10.43715 4.919868 2.136171
v -10.17431 5.771173 2.108985
v -10.34815 5.871341 2.431513
v -10.35979 4.87391 1.86779
v -10.32536 4.858336 1.596141
v -10.07616 5.689625 1.581593
v -10.10106 5.710264 1.842889
v -10.10106 5.710264 1.318492
v -10.35979 4.873909 1.322836
v -10.43715 4.919868 1.019103
v -10.17431 5.771173 1.017039
v -10.29391 5.871341 0.6842047
v -10.55594 4.995447 0.6926247
v -10.71585 5.098437 0.4070733
v -10.45496 6.007837 0.3958952
v -10.64387 6.177728 0.1799183
v -10.91379 5.226625 0.1871768
v -11.1438 5.376567 0.04687493
v -10.86289 6.376449 0.04506029
v -11.10615 6.599435 0.00010761
v -11.39993 5.544815 0.00010761
v -10.66663 8.965666 0.00010759
v -10.44876 8.645726 0.0001076
v -11.17204 8.024516 0.00010759
v -10.93241 7.756279 0.0001076
v -11.41685 8.297041 0.00010759
v -10.88848 9.290916 0.00010759
v -11.10599 9.608005 0.00010759
v -11.66084 8.567095 0.00010759
v -11.89807 8.828161 0.0001076
v -11.29627 9.866087 0.0001076
v -11.47529 10.10935 0.00010761
v -12.1227 9.073953 0.00010761
v -12.32951 9.299022 0.04053546
v -11.64008 10.33233 0.04063539
v -11.78763 10.52967 0.1622187
v -12.51334 9.498076 0.1618189
v -12.66569 9.652381 0.3651614
v -11.91429 10.69736 0.3675117
v -12.09155 10.92937 1.003
v -12.0164 10.8314 0.6591685
v -12.87222 9.84566 0.9889417
v -12.78471 9.76406 0.6517662
v -12.48456 9.638524 2.762883
v -12.61615 9.72661 2.525542
v -11.68044 10.53767 2.826219
v -11.77751 10.64395 2.614695
v -11.85896 10.72128 2.390509
v -12.72652 9.791747 2.272508
v -12.32669 9.498076 2.980008
v -12.14817 9.299022 3.179236
v -11.44454 10.23955 3.222493
v -11.56955 10.40256 3.021542
v -11.96576 9.073953 3.373774
v -11.76867 8.828161 3.518161
v -11.14006 9.834549 3.566147
v -11.30829 10.05029 3.41986
v -11.56807 8.567095 3.608263
v -11.40135 8.29704 3.642561
v -10.8401 9.290916 3.691441
v -10.97502 9.605156 3.657184
v -11.25417 8.024516 3.619539
v -11.1121 7.75628 3.540438
v -10.59544 8.645776 3.586297
v -10.71897 8.965666 3.667389
v -10.95082 7.499324 3.406498
v -10.75798 7.26018 3.221608
v -10.21529 8.05443 3.260761
v -10.41453 8.339396 3.449434
v -10.51449 7.045534 2.993488
v -10.26389 6.86089 2.720385
v -9.748187 7.627306 2.745916
v -10.0131 7.798762 3.034571
v -10.02343 6.706329 2.411612
v -9.878886 6.581509 2.083821
v -9.485823 7.277617 2.101338
v -9.646754 7.334755 2.430021
v -9.810089 6.50561 1.818101
v -9.786671 6.47989 1.567272
v -9.452217 7.122075 1.583744
v -9.480858 7.13411 1.81791
v -9.440262 7.179657 1.359465
v -9.810089 6.50561 1.314456
v -9.878886 6.581509 1.015794
v -9.439907 7.336888 1.06254
v -9.591901 7.401415 0.6705306
v -9.991022 6.706328 0.6769207
v -10.13121 6.860889 0.3859027
v -9.716229 7.578906 0.376875
v -9.869272 7.798762 0.1674369
v -10.29921 7.045534 0.173381
v -10.49253 7.26018 0.04342599
v -10.04589 8.05443 0.04193995
v -10.24103 8.339396 0.00010761
v -10.70405 7.499323 0.00010761
v -9.403598 10.50413 0.00010759
v -9.291048 10.14995 0.0001076
v -10.09256 9.808923 0.00010759
v -9.928606 9.483062 0.0001076
v -10.25092 10.12164 0.00010759
v -9.516507 10.86306 0.00010759
v -9.62407 11.21829 0.00010759
v -10.40856 10.43054 0.00010759
v -10.55863 10.73157 0.0001076
v -9.720013 11.56195 0.0001076
v -9.870784 11.81415 0.00010761
v -10.69151 11.01612 0.00010761
v -10.80978 11.27755 0.04063234
v -10.00985 12.03964 0.04039197
v -10.1337 12.24056 0.161245
v -10.91879 11.50653 0.1622064
v -11.05192 11.6633 0.3690285
v -10.23793 12.41562 0.3687485
v -10.31998 12.55932 0.6689842
v -11.15798 11.78993 0.6652971
v -11.2353 11.88323 1.015343
v -10.37989 12.6651 1.024727
v -10.39289 12.70955 1.781661
v -10.4032 12.7143 1.398752
v -11.19318 11.84385 1.760508
v -11.24371 11.89785 1.383498
v -12.09627 10.95008 1.358888
v -12.03643 10.89859 1.718233
v -11.95026 10.81245 2.075565
v -11.11576 11.75696 2.137117
v -11.04104 11.67669 2.46023
v -10.32524 12.59215 2.495435
v -10.36201 12.66592 2.16406
v -10.96997 11.59902 2.688353
v -10.88235 11.49622 2.888358
v -10.22218 12.35594 2.981511
v -10.28024 12.48882 2.75461
v -10.77886 11.36939 3.052864
v -10.69718 11.1675 3.262869
v -10.00985 11.97419 3.371587
v -10.1337 12.18495 3.167746
v -10.6104 10.93334 3.462968
v -10.50549 10.65084 3.611115
v -9.706328 11.45891 3.652909
v -9.867647 11.72557 3.538034
v -10.39835 10.36736 3.703136
v -10.24318 10.08999 3.737482
v -9.474494 10.81517 3.780648
v -9.595892 11.13115 3.746059
v -10.07553 9.814813 3.712597
v -9.92455 9.506273 3.629762
v -9.247835 10.17092 3.670743
v -9.354126 10.49928 3.755106
v -9.797887 9.131009 3.490252
v -9.648329 8.797106 3.298104
v -8.98767 9.510306 3.315244
v -9.169184 9.819338 3.528869
v -9.491078 8.500775 3.069379
v -9.289593 8.322027 2.831835
v -8.79626 8.870137 2.864397
v -8.924855 9.097685 3.074508
v -8.771712 8.662918 2.657524
v -8.994085 8.347408 2.59659
v -9.244087 7.987159 2.531398
v -9.079131 8.045607 2.455048
v -8.982661 8.143395 2.495822
v -8.46774 8.500313 2.834883
v -8.251258 8.717373 2.71751
v -8.642935 8.757918 2.673907
v -9.278663 7.771733 2.378054
v -9.216083 7.688142 2.192431
v -9.08209 7.825646 2.206403
v -9.089971 7.883506 2.372687
v -9.172617 7.624297 1.941283
v -9.116722 7.728246 2.041616
v -9.05082 7.753388 1.960419
v -8.798091 7.792968 2.133664
v -9.169232 7.567524 1.784445
v -9.107993 7.597156 1.619873
v -9.002753 7.732019 1.730578
v -9.029912 7.733642 1.913702
v -8.685163 7.928156 1.366352
v -8.805436 7.90608 1.406135
v -8.778349 8.083154 1.346247
v -8.985556 7.815989 1.357347
v -9.008651 7.961179 1.018461
v -8.530649 8.498483 1.031953
v -8.554407 8.362101 1.323081
v -8.403841 8.441677 1.397155
v -8.438637 8.340755 1.411428
v -8.479122 8.073645 1.286648
v -8.883222 7.365478 1.628594
v -8.97235 7.778192 1.789272
v -8.958319 7.52745 1.474758
v -8.992205 7.7531 1.493824
v -8.754804 7.821378 1.40963
v -8.891848 7.351224 1.320517
v -8.664714 8.626061 0.6411557
v -9.161501 8.040645 0.6647928
v -9.274267 8.246078 0.3685914
v -8.777484 8.857545 0.3332939
v -8.914039 9.143875 0.138447
v -9.411476 8.500775 0.1619576
v -9.56951 8.797106 0.04057012
v -9.068501 9.476272 0.03469249
v -9.184123 9.809574 0.00010761
v -9.743695 9.127582 0.00010761
v -7.959681 12.42153 0.00010759
v -7.867479 12.10064 0.00010759
v -8.796847 11.89001 0.00010759
v -8.686261 11.55516 0.00010759
v -8.936296 12.17568 0.0001076
v -8.047436 12.73394 0.0001076
v -8.358461 13.74719 0.333106
v -8.290143 13.54221 0.1369663
v -9.345613 13.11545 0.365708
v -9.262519 12.92391 0.158797
v -8.213791 13.30129 0.03432229
v -9.16592 12.69972 0.03977997
v -8.458797 14.03113 1.026709
v -8.415565 13.91119 0.647808
v -9.462394 13.38205 1.029905
v -9.41281 13.26924 0.6690626
v -9.164009 12.58923 3.491777
v -9.036025 12.30349 3.657655
v -8.892465 12.03826 3.766581
v -7.962497 12.57976 3.886673
v -8.08194 12.84459 3.768816
v -8.196965 13.1226 3.595821
v -8.733577 11.78753 3.815271
v -8.608398 11.49977 3.820902
v -7.648373 11.76833 3.896451
v -7.844345 12.32161 3.946324
v -8.550014 11.14246 3.800054
v -8.494588 10.77682 3.724443
v -7.571387 11.36704 3.809698
v -8.455665 10.38846 3.588557
v -8.350461 10.06157 3.408845
v -7.716405 10.45401 3.466267
v -7.732359 10.84331 3.642763
v -7.752642 10.14876 3.239027
v -8.071834 9.925376 3.202035
v -8.313277 9.696475 3.139732
v -7.922876 9.857608 3.119928
v -7.012985 10.15448 3.179476
v -6.970466 10.24675 3.197202
v -8.301241 9.535494 3.031947
v -8.36368 9.303181 2.924738
v -8.199716 9.426872 2.954512
v -8.07202 9.615787 3.069315
v -7.041523 10.08371 3.295698
v -7.099611 10.00601 3.129463
v -8.540571 8.984482 2.772015
v -8.378769 9.181839 2.839421
v -8.413948 9.082633 2.800356
v -8.229928 9.336894 2.9456
v -8.613034 8.83859 2.680733
v -8.462672 8.991815 2.788467
v -8.049824 8.997252 0.9517471
v -8.185217 8.736796 1.254647
v -7.903311 9.011443 1.209496
v -7.600085 9.3709 0.9766163
v -7.629883 9.270083 1.192175
v -7.634073 9.201718 1.250634
v -7.805925 8.994562 1.291093
v -8.05416 8.795047 1.329074
v -8.340476 8.568757 1.342213
v -8.155137 8.641973 1.381218
v -7.688888 9.530103 0.576123
v -8.158303 9.144115 0.5810676
v -8.258134 9.402224 0.2432245
v -7.603229 9.838758 0.1584674
v -7.696982 10.13594 0.01968301
v -8.352154 9.702424 0.07840917
v -8.420563 10.02146 0.01968302
v -7.730099 10.49028 0.00500148
v -7.765044 10.88449 0.00010761
v -8.496857 10.37525 0.00010761
v -8.571748 10.75424 0.0001076
v -7.789034 11.30897 0.0001076
v -5.897409 15.20438 0.9931542
v -5.904232 15.05981 0.5267409
v -7.218889 14.66724 1.010969
v -7.19906 14.53458 0.5874965
v -5.91518 14.86243 0.1560625
v -7.173836 14.35331 0.2441411
v -7.088467 13.61975 3.655221
v -8.291385 13.39803 3.370668
v -7.152431 13.89443 3.41445
v -5.927979 14.03264 3.668124
v -5.947974 14.28882 3.408553
v -5.929994 14.59165 3.147366
v -7.180032 14.16297 3.165599
v -8.359343 13.63082 3.141405
v -6.933833 13.08826 3.976482
v -7.010983 13.35194 3.843823
v -5.862315 13.53293 4.027002
v -5.894254 13.78627 3.875819
v -6.864546 12.82241 4.049305
v -6.458742 12.3855 4.042411
v -5.801956 12.80848 4.127092
v -5.840156 13.267 4.117015
v -6.672639 11.94764 3.921901
v -5.861845 12.34135 4.019274
v -6.046687 11.91511 3.872946
v -6.431125 11.64422 3.805004
v -6.883442 11.36275 3.743122
v -6.660447 11.26053 3.688601
v -6.479846 11.28388 3.686111
v -6.006369 11.71468 3.92923
v -5.744557 11.92737 3.902971
v -5.800875 11.93598 3.886311
v -7.079899 11.07571 3.653751
v -7.143074 10.81337 3.555626
v -6.92569 10.85274 3.550619
v -6.750051 11.0283 3.617856
v -7.402194 10.45735 3.384033
v -7.18548 10.62812 3.4694
v -7.254978 10.46786 3.365493
v -7.002494 10.67012 3.480767
v -7.525153 10.27885 3.265753
v -7.34764 10.31245 3.276009
v -6.629968 9.344214 1.121988
v -6.677123 9.376144 1.159712
v -7.267653 9.533958 1.06003
v -6.660218 9.442451 1.112282
v -7.300808 9.5718 0.9472917
v -7.099769 9.634115 0.9211251
v -7.056855 9.602947 0.923708
v -6.511145 9.25895 0.9062942
v -7.48584 9.384875 1.188075
v -7.548366 9.226532 1.227861
v -6.969648 10.20448 0.1009063
v -7.102331 9.875677 0.4954159
v -6.791534 10.06286 0.4033024
v -6.370633 10.41676 0.08956796
v -6.454672 10.21538 0.4000118
v -6.466207 10.09362 0.5638253
v -6.676385 9.913366 0.6528725
v -6.895564 9.848825 0.6728899
v -7.258554 9.698991 0.7179163
v -6.950502 9.711493 0.7948167
v -6.386383 10.71429 0.00010762
v -7.027771 10.49513 0.00010762
v -7.021791 10.88342 0.00010763
v -6.233731 11.15974 0.00010764
v -4.417236 15.57301 2.555403
v -5.901596 15.11985 2.567932
v -4.455284 15.29662 2.835607
v -5.914384 14.87251 2.869754
v -4.504279 14.98553 3.102205
v -3.02647 15.29106 3.050357
v -2.946485 15.62577 2.796035
v -2.886432 15.92378 2.539244
v -4.562438 14.65733 3.372958
v -4.600502 14.3922 3.652965
v -3.221868 14.66252 3.631572
v -3.124069 14.94535 3.33119
v -4.657809 13.90475 4.05315
v -4.627373 14.15268 3.881549
v -3.299817 14.19204 4.098019
v -3.316898 14.42651 3.880977
v -4.697415 13.64125 4.16229
v -4.630349 13.39357 4.213757
v -3.436444 13.64624 4.289499
v -3.621153 13.89108 4.208365
v -3.843714 13.35879 4.252089
v -4.341964 13.20028 4.219553
v -4.876394 12.92428 4.167423
v -4.33849 12.97737 4.21397
v -4.035078 12.78819 4.286354
v -3.629925 13.01414 4.271928
v -5.009608 12.66775 4.113884
v -4.615127 12.76124 4.149673
v -5.492407 12.29278 3.989478
v -5.063063 12.5261 4.06462
v -5.185705 12.34963 4.01464
v -4.62476 12.68625 4.138295
v -5.769973 12.04357 3.906964
v -5.309043 12.19986 3.9811
v -5.562189 10.39905 0.2232645
v -5.85272 10.3587 0.3188805
v -5.597546 10.459 0.127486
v -6.040688 10.36931 0.2702988
v -5.663787 10.54019 0.03195222
v -5.246817 10.55583 0.01426077
v -5.109318 10.52716 0.03195222
v -5.323753 10.42095 0.09928845
v -6.372819 10.06794 0.5763417
v -6.194673 10.28285 0.4439804
v -5.93227 10.2966 0.4307452
v -6.094395 10.16524 0.4553345
v -5.305572 11.38366 0.00010764
v -5.471764 10.89287 0.00010762
v -5.0681 10.99601 0.00010763
v -4.442581 11.43295 0.00010765
v -4.495078 11.03225 0.00010763
v -4.505535 10.83926 0.00010761
v -4.821118 10.71203 0.00010761
v -5.094041 10.73572 0.00010761
v -5.646305 10.71295 0.00010761
v -5.048022 10.61409 0.00010761
v -4.317681 11.92792 0.00010765
v -5.298235 11.86195 0.00010764
v -6.242322 11.65688 0.00010762
v -6.165956 12.14152 0.0001076
v -5.190977 12.32958 0.00010762
v -4.164761 12.4116 0.00010764
v -1.960659 12.61682 0.00010784
v -2.232488 12.18577 0.0001076
v -2.966496 12.78931 0.0001076
v -3.177897 12.39228 0.00010762
v -4.010842 12.80781 0.00010761
v -3.837858 13.21488 0.0001076
v -2.730886 13.19746 0.00010759
v -1.67075 12.99814 0.00010818
v -1.373612 13.41485 0.00010759
v -2.498142 13.60495 0.00010759
v -3.667661 13.6214 0.00010759
v -3.505114 14.01739 0.0001076
v -2.274698 14.00179 0.00010759
v -1.11034 13.7953 0.0001076
v -0.8763349 14.1593 0.0001076
v -2.068763 14.3757 0.0001076
v -3.355073 14.39291 0.00010762
v -3.220664 14.73911 0.00010763
v -1.892557 14.71533 0.00010761
v -0.6740749 14.49764 0.0001076
v -1.893235 14.81704 3.641981
v -2.042713 14.56679 3.881895
v -2.085688 14.38639 4.086855
v -1.147956 14.48988 4.133681
v -0.8393764 14.63861 3.949254
v -0.6844115 14.83748 3.719846
v -1.27107 14.38031 4.257502
v -2.465217 14.13569 4.247515
v -1.186535 14.36847 4.328201
v -1.753258 14.24584 4.354245
v -2.767853 13.98793 4.281623
v -2.866312 13.8618 4.323065
v -2.236356 14.02828 4.399178
v -1.467735 14.34001 4.473147
v -3.270279 13.52274 4.312062
v -3.100668 13.58106 4.346821
v -2.511841 13.93301 4.478517
v -4.244267 10.78317 0.00010762
v -3.809112 11.01034 0.00010763
v -3.571965 11.36525 0.00010765
v -2.689946 11.13544 0.00010765
v -3.253641 10.9861 0.00010764
v -3.356851 10.8443 0.00010763
v -3.661867 10.76839 0.00010762
v -4.141744 10.67723 0.00010762
v -2.996905 10.91245 0.00010764
v -2.61831 10.8445 0.00010764
v -2.785884 10.6933 0.00010763
v -3.218873 10.69556 0.00010763
v -2.45193 11.62239 0.00010763
v -3.374305 11.84987 0.00010764
v -0.2043808 11.91163 0.00012099
v 1.808739 14.08736 0.0001076
v 1.45142 13.59757 0.00010761
v 0.677588 14.52796 0.0001076
v 0.4833293 14.20537 0.00010759
v -0.5052972 14.80092 0.0001076
v -0.3694379 15.12949 0.1238451
v 0.8376801 14.85691 0.1232741
v 2.14924 14.70706 0.4909016
v 0.9621572 15.23481 0.4927735
v -0.2660871 15.55999 0.4950576
v -0.1942468 16.00757 0.9701231
v 1.051112 15.59798 0.9666971
v 2.257066 14.9885 0.9638891
v 2.354594 15.15867 1.821575
v 2.321696 15.13516 1.401264
v 1.122041 15.81465 1.820832
v 1.104263 15.77968 1.403136
v -0.1514566 16.22311 1.40542
v -0.137198 16.25885 1.820832
v -0.1514566 16.22311 2.236244
v -0.1942468 16.03932 2.575139
v 1.104263 15.77968 2.238528
v 1.051112 15.62247 2.603993
v 2.362111 14.95274 2.665037
v 2.366588 15.09599 2.243374
v -0.2660871 15.76874 2.870797
v 0.9621572 15.38597 2.934482
v -0.3698945 15.43952 3.153434
v 0.8376801 15.09842 3.244981
v 1.915184 14.57538 3.328328
v 2.043097 14.86124 3.013822
v 0.4751074 14.62996 3.785725
v -0.5064857 15.08837 3.448963
v 1.494262 14.38469 3.681453
v -1.796912 10.78375 0.00010765
v -1.847126 10.71495 0.00010764
v -0.8103609 10.27275 0.00010766
v -1.43211 10.36227 0.00010764
v -1.852943 10.40474 0.00010763
v -2.230631 10.57174 0.00010763
v -2.073644 9.998552 0.00010762
v -2.00684 10.26447 0.00010762
v -1.613463 9.920704 0.00010762
v -1.319493 10.11045 0.00010763
v -0.7380235 9.854379 0.00010764
v -0.7711136 9.703676 0.00010763
v -1.065025 9.860331 0.00010762
v -1.298288 9.74937 0.00010762
v 1.973811 12.51757 0.00059913
v 2.816511 11.33465 0.00118133
v 0.5904198 10.40601 0
v 1.914504 9.913617 0.0001702
v 0.4990935 13.24493 0.00015538
v 3.329507 12.05026 0.00870074
v 2.583011 13.11604 0.00282648
v 4.0926 12.92364 0.1534842
v 3.350635 13.49584 0.08571959
v 3.963784 13.72092 1.044825
v 4.14765 13.69479 1.92785
v 3.182012 14.3121 2.62447
v 3.773204 13.96802 2.231957
v 3.440536 14.01536 2.735551
v 3.988158 13.68432 2.423293
v 2.869169 14.36709 2.910794
v 3.157026 14.20549 2.823206
v 3.128594 14.08572 3.004526
v 3.39449 13.91212 2.9511
v 2.649529 14.3663 3.094946
v 2.550559 14.24536 3.278874
v 2.850039 14.045 3.270634
v 3.085159 13.97705 3.163506
v 2.321012 14.1835 3.445236
v 2.582252 14.12148 3.37026
v 2.594366 14.00553 3.440987
v 2.919644 13.90958 3.339102
v 2.012671 14.16368 3.647955
v 2.437528 13.95866 3.560924
v 1.820778 14.14648 3.78322
v 1.995236 14.09531 3.744372
v 2.175753 13.98083 3.680528
v 3.484151 13.67282 2.961166
v 1.765829 14.13703 3.803015
v 1.336955 14.25609 3.863484
v 1.728634 14.10048 3.792883
v 4.672395 12.65092 0.4351993
v 4.440435 12.31802 0.1112835
v 4.668351 12.38155 0.3698388
v 4.086487 10.76094 0.01104631
v 4.735289 11.89404 0.1655146
v 4.67908 11.5934 0.06309606
v 4.816674 12.92736 1.112643
v 4.767076 12.83063 0.7309937
v 4.648304 13.17044 1.305921
v 4.314004 13.43865 2.215597
v 4.447386 13.38829 1.909949
v 4.193357 13.45084 2.339795
v 4.378128 13.37281 2.045618
v 4.312004 13.34626 2.090991
v 4.687458 13.1354 1.723392
v 4.35984 13.46884 2.102785
v 4.202049 13.48726 2.359334
v 4.245003 13.55034 2.209477
v -5.514315 -10.4093 1.019864
v -5.506401 -10.38857 1.045094
v -5.473759 -10.4455 1.169899
v -5.510614 -10.44003 1.035841
v -5.519199 -10.46895 1.016587
v -5.514828 -10.49149 1.039454
v -5.523843 -10.52567 1.028049
v -5.518629 -10.53792 1.055632
v -5.527795 -10.57392 1.05318
v -5.521646 -10.57475 1.082823
v -5.530666 -10.60898 1.089539
v -5.523582 -10.59841 1.118367
v -5.532174 -10.62741 1.133551
v -5.524249 -10.60656 1.158754
v -5.532174 -10.62741 1.180857
v -5.523582 -10.59841 1.207556
v -5.530666 -10.60898 1.248422
v -5.521646 -10.57476 1.265469
v -5.527795 -10.57392 1.30935
v -5.518629 -10.53792 1.312668
v -5.523843 -10.52567 1.355159
v -5.514828 -10.49149 1.34453
v -5.519199 -10.46895 1.381401
v -5.510615 -10.44003 1.357996
v -5.514315 -10.4093 1.385612
v -5.506401 -10.38857 1.351855
v -5.50967 -10.35258 1.367512
v -5.5026 -10.34215 1.326812
v -5.50572 -10.30432 1.32898
v -5.499584 -10.30531 1.285388
v -5.50285 -10.26927 1.273835
v -5.497647 -10.28166 1.23164
v -5.50134 -10.25084 1.207436
v -5.496979 -10.27351 1.175833
v -5.50134 -10.25084 1.153081
v -5.497647 -10.28166 1.134971
v -5.50285 -10.26927 1.107532
v -5.499584 -10.30531 1.097225
v -5.50572 -10.30432 1.067712
v -5.5026 -10.34215 1.066256
v -5.50967 -10.35258 1.037498
v -8.499087 -11.07128 0.6967264
v -8.026748 -11.18445 0.7433641
v -8.031589 -11.20247 0.9316792
v -8.504994 -11.09051 0.9002973
v -8.499087 -11.07128 1.106988
v -8.026748 -11.18445 1.122746
v -9.544429 -10.66721 0.592059
v -9.006296 -10.90146 0.6516823
v -9.013408 -10.92174 0.8699019
v -9.552884 -10.68836 0.837364
v -9.544431 -10.66721 1.077813
v -9.006298 -10.90146 1.091623
v -10.43444 -9.471123 0.00010762
v -9.884574 -9.866691 0.00010763
v -9.966333 -10.04625 0.02365183
v -10.03202 -10.19052 0.09428444
v -10.08023 -10.29639 0.2432228
v -10.65192 -9.974566 0.4211295
v -10.10954 -10.36077 0.5016843
v -10.11947 -10.38258 0.7995549
v -10.66139 -9.996793 0.7677718
v -10.65192 -9.974566 1.059831
v -10.10954 -10.36077 1.066721
v -10.08023 -10.29639 1.38106
v -10.62272 -9.908969 1.389285
v -10.57563 -9.801092 1.768999
v -10.03202 -10.19052 1.743239
v -10.89923 -8.99452 0.00010763
v -11.14586 -9.501047 0.3909664
v -11.15674 -9.523413 0.7533114
v -11.14586 -9.501047 1.058629
v -11.10922 -9.435048 1.404477
v -11.05038 -9.32651 1.799924
v -10.97481 -9.178607 2.169915
v -10.93076 -8.99452 2.504186
v -12.59618 -5.773025 3.234545
v -13.3207 -2.750491 0.00010765
v -13.04128 -3.84711 0.00010762
v -13.7058 -0.3138173 0.00010766
v -13.54523 -1.569906 0.00010766
v -13.79593 1.009321 0.00010766
v -12.43255 3.515716 0.0001076
v -13.52684 3.80326 3.30035
v -13.44399 8.611133 1.865029
v -13.94023 7.249373 1.763858
v -12.90191 9.885235 1.325735
v -12.87316 9.88122 1.648503
v -12.81168 9.847375 1.969849
v -7.789316 11.75531 0.00010759
v -8.63598 11.14974 0.00010759
v -8.132492 13.02955 0.00010761
v -9.058237 12.44795 0.00010761
v -8.485602 14.10389 1.415446
v -9.492636 13.45063 1.409281
v -9.502935 13.47387 1.797663
v -8.494835 14.12851 1.808875
v -8.485602 14.10389 2.201856
v -9.492636 13.45063 2.185523
v -9.462394 13.35995 2.529345
v -8.458964 13.9959 2.558597
v -8.416067 13.83167 2.869194
v -9.41281 13.21856 2.816951
v -9.345613 13.04155 3.068493
v -9.262519 12.8334 3.274636
v -6.13739 12.513 0.00010759
v -6.978713 12.18479 0.00010759
v -6.974329 11.78707 0.0001076
v -7.007035 12.53849 0.00010759
v -6.095364 12.89548 0.00010759
v -6.053721 13.27759 0.00010759
v -7.032301 12.89199 0.00010759
v -7.057409 13.2361 0.0001076
v -6.014801 13.64979 0.0001076
v -5.981038 14.0025 0.00010761
v -7.085336 13.56169 0.00010761
v -7.114994 13.86114 0.01954489
v -5.953006 14.32739 0.00496695
v -5.931233 14.61617 0.01954488
v -7.145138 14.12693 0.07785667
v -5.893701 15.29217 1.416877
v -7.231446 14.74776 1.417603
v -7.235866 14.775 1.815662
v -5.892615 15.32189 1.819167
v -5.893701 15.29217 2.221286
v -7.231445 14.74776 2.213406
v -7.220538 14.60865 2.570494
v -7.203213 14.40346 2.884469
v -7.007641 11.31738 0.00010761
v -5.099611 12.7182 0.0001076
v -4.990681 13.1176 0.00010759
v -4.88408 13.51658 0.00010759
v -4.783071 13.90535 0.0001076
v -4.690958 14.27414 0.00010762
v -4.609548 14.61423 0.00010764
v -3.104984 15.04715 0.00010762
v -4.540664 14.91693 0.00010763
v -4.484617 15.18903 0.1261191
v -3.009268 15.34465 0.1252812
v -2.934734 15.66761 0.5008019
v -4.441711 15.44021 0.5041538
v -4.411526 15.65095 0.9837349
v -2.88148 15.97431 0.9787314
v -2.849611 16.13169 1.411131
v -4.393624 15.76677 1.414386
v -4.387752 15.79904 1.820534
v -2.839017 16.16654 1.820757
v -2.849611 16.13169 2.230365
v -4.393624 15.76677 2.226608
v -1.745559 15.0193 0.00010761
v -1.627231 15.33359 0.1245186
v -1.537129 15.71684 0.4977518
v -1.473836 16.10665 0.9741644
v -1.436428 16.30094 1.408114
v -1.424034 16.33736 1.820832
v -1.436428 16.30094 2.23355
v -1.476151 16.09336 2.544444
v -1.542832 15.79209 2.802772
v -1.636108 15.44858 3.056031
v -1.756073 15.09465 3.339631
v 0.2564108 13.84811 0.0001076
v 1.668572 14.05907 3.780781
v 0.4252183 14.46622 4.004521
v -0.4016387 14.52841 4.179783
v -0.3205931 14.51969 4.254978
v 0.154264 14.45148 4.221472
v 1.012694 14.28704 4.137307
v -0.8280528 14.44557 4.269413
v -0.8078861 14.44509 4.360821
v -1.505238 11.17589 0.00010768
v -0.4686987 9.29103 0.00010763
v -0.1097524 9.165104 0.00010764
v 0.05147815 9.507474 0.00010765
v 0.7143629 8.64332 0.00010764
v 0.5200386 8.360087 0.00010764
v 0.4387951 8.186209 0.00010763
v 0.06943345 8.539571 0.00010763
v -0.2718174 8.852229 0.00010763
v 2.504268 7.491246 0.0001076
v 2.011181 8.371144 0.0001076
v 2.93128 7.826081 0.00010759
v 2.422864 8.772858 0.00010759
v 2.844875 9.184649 0.00010759
v 3.368242 8.168175 0.00010759
v 3.806664 8.510005 0.00010759
v 3.208367 9.620657 0.00035855
v 3.590484 10.04657 0.00122976
v 4.229559 8.851614 0.0001076
v 4.516882 9.340271 0.00227947
v 1.293145 7.646521 0.00010765
v 1.073526 7.360294 0.00010764
v 1.736591 6.894388 0.00010764
v 1.497035 6.695476 0.00010764
v 1.39347 6.541647 0.00010763
v 1.133167 6.666431 0.00010763
v 0.7581019 7.058635 0.00010763
v 0.6495357 7.625662 0.00010763
v 2.095696 7.171196 0.00010762
v 1.620152 7.989584 0.00010762
v 2.775137 7.183797 0.00010761
v 3.171103 7.46401 0.0001076
v 3.573953 7.746694 0.0001076
v 3.54206 7.627729 0.00010762
v 3.272401 7.384742 0.00010762
v 2.944514 7.212149 0.00010762
v 3.753027 7.725629 0.00010762
v 3.982642 8.028321 0.00010761
v 4.362139 8.335629 0.00010761
v 4.387233 8.16525 0.00010762
v 4.273096 7.888763 0.00010762
v 3.983499 7.682018 0.00010762
v 4.743997 8.631095 0.00010762
v 5.104283 8.940277 0.00010764
v 5.182642 8.913428 0.00010763
v 5.065823 8.708 0.00010762
v 5.025582 8.310131 0.00010762
v 4.614863 8.168314 0.00010762
v 5.280291 9.190828 0.00111984
v 5.435187 9.093782 0.00059584
v 1.735952 6.509862 0.00010763
v 1.993229 6.667851 0.00010763
v 2.090336 6.606034 0.00010762
v 1.988581 6.423819 0.00010762
v 1.711229 6.204197 0.00010762
v 1.452308 6.326274 0.00010762
v 2.387104 6.909584 0.00010762
v 2.80848 7.073787 0.00010762
v 2.725846 6.847731 0.00010762
v 2.365515 6.641197 0.00010755
v -7.36331 -8.067222 1.299645
v -7.931948 -6.997356 0.8465058
v -7.393685 -6.877277 0.2344539
v -6.774014 -8.413711 0.9339029
v 8.401753 -13.41971 3.823118
v 7.490524 -13.69648 3.695854
v 8.342496 -13.97295 3.114171
v 7.445244 -14.3328 3.103626
v 7.393874 -14.83622 2.407915
v 8.273181 -14.44663 2.299556
v 9.010977 -13.62792 2.283269
v 9.046131 -13.36833 3.141109
v 9.150015 -12.88998 3.934031
v 6.511379 -14.60865 2.283664
v 6.550804 -14.18046 3.098935
v 6.58708 -13.61475 3.810828
v 5.861508 -13.51668 3.761094
v 5.38278 -13.8995 3.04537
v 5.802912 -14.24715 2.24971
v 1.921661 -14.49375 3.047272
v 1.442794 -14.28158 3.767045
v 0.6759167 -15.21067 3.105787
v 0.6616426 -14.65497 3.824157
v -0.3392017 -15.10872 3.724878
v -0.316242 -15.70986 3.119248
v -0.2945185 -16.19991 2.404951
v 0.6894171 -15.64253 2.281452
v 1.459271 -15.00293 2.248564
v -1.269089 -16.06553 2.29617
v -1.298602 -15.67697 3.143158
v -1.328939 -15.22828 3.875612
v -2.170962 -15.09982 3.998295
v -2.085077 -15.40072 3.179342
v -2.106777 -15.55326 2.282009
v 9.820794 -11.59463 1.11928
v 10.44953 -10.34542 1.771595
v 9.79066 -12.03945 2.141574
v 10.55338 -10.32119 2.526442
v 10.67959 -10.16803 3.507535
v 10.00179 -11.3666 3.349473
v 9.671425 -12.02853 3.278607
v 9.468929 -12.56813 2.683739
v 9.056886 -13.68436 1.35682
v 9.020768 -13.37983 0.4852372
v -2.307926 -14.70431 4.668497
v -2.359003 -14.4782 5.424646
v -3.191632 -14.10748 4.385989
v -3.297352 -13.89313 5.352858
v -4.242846 -12.88992 5.363982
v -4.158508 -12.9244 4.439469
v -4.132961 -12.87437 3.503331
v -3.3227 -14.05425 3.355023
v -2.907304 -14.62778 3.2981
v -2.728658 -14.80952 3.814859
v 8.563548 -7.994661 24.99913
v 8.238741 -7.736633 26.31034
v 7.999827 -8.553391 25.04108
v 7.65536 -8.079679 27.0537
v 6.964895 -8.570597 27.19051
v 7.393957 -8.950548 25.10486
v 7.704445 -9.294386 23.43776
v 8.351513 -8.842406 23.38432
v 8.964857 -8.211625 23.3452
v 8.414637 -7.079949 27.13382
v 9.063405 -7.156448 25.12192
v 9.510242 -7.328601 23.43148
v 9.89482 -6.602404 23.50935
v 9.717194 -6.128695 24.83402
v 8.965925 -5.999651 27.33452
v 10.48664 -6.292033 22.2358
v 9.996794 -7.417884 21.73919
v 9.370791 -8.357725 21.69175
v 9.760035 -8.511231 20.0261
v 10.46339 -7.502651 20.03838
v 11.17722 -6.296778 20.056
v 6.396328 -9.898129 23.36448
v 6.118983 -9.615045 25.0145
v 5.704254 -10.08156 23.45824
v 5.445939 -9.884706 25.15123
v 5.883075 -9.423914 26.32396
v 5.250603 -9.569063 27.15447
v 4.296228 -9.926038 27.35849
v 4.550414 -10.20278 24.87922
v 5.086035 -10.25154 23.54706
v 6.244758 -9.040344 27.05167
v 6.767665 -9.304044 25.04752
v 7.057887 -9.641016 23.3944
v 6.586336 -10.24958 21.72062
v 7.308499 -10.00734 21.73097
v 6.76545 -10.61145 20.07353
v 7.550231 -10.37785 20.06238
v 8.317763 -9.978759 20.05421
v 8.014892 -9.634132 21.74844
v -1.321175 -10.447 25.10072
v -1.486059 -10.82989 23.44064
v -0.6086349 -10.58715 25.0449
v -0.7532549 -10.97336 23.39635
v -0.01786709 -11.00223 23.36547
v 0.1100791 -10.6608 25.01308
v 0.219878 -10.41409 26.32006
v -0.2642453 -10.1849 27.04476
v -1.095828 -9.980025 27.17706
v 1.791669 -10.67261 24.8785
v 1.805843 -10.34886 27.35644
v 0.8302248 -10.68124 25.15023
v 0.8152795 -10.3355 27.15031
v 0.7225025 -10.93767 23.45847
v 1.36283 -10.88685 23.54699
v 0.7258117 -11.27565 21.77681
v -0.0680244 -11.38428 21.72423
v -0.1180208 -11.77193 20.08004
v 0.7265854 -11.63969 20.10239
v 1.809906 -11.42297 20.13177
v 1.749775 -11.03911 22.28053
v -4.113731 -8.421946 24.82455
v -4.088542 -8.901186 23.51434
v -3.338269 -9.20012 25.10876
v -3.604335 -9.456151 23.43601
v -2.931358 -10.10346 23.34923
v -2.699746 -9.84041 24.99106
v -2.513175 -9.541621 26.29039
v -2.871926 -8.974755 27.10036
v -3.636085 -8.102603 27.27513
v -1.912494 -9.723368 27.03095
v -2.022797 -10.22706 25.03558
v -2.218679 -10.55065 23.38785
v -2.430884 -10.88136 21.7301
v -3.189996 -10.35893 21.7103
v -3.434094 -10.63969 20.06377
v -2.635669 -11.22191 20.06692
v -1.813869 -11.61559 20.07701
v -1.651467 -11.22589 21.75972
v 10.41626 -9.006588 16.65673
v 10.11128 -8.750415 18.33559
v 9.644152 -9.961386 16.69499
v 9.367167 -9.660327 18.35262
v 9.049593 -9.346576 20.03675
v 8.605515 -10.33723 18.37238
v 8.855551 -10.6514 16.72768
v 11.66613 -6.42374 17.87735
v 10.85034 -7.661257 18.32239
v 11.17461 -7.837591 16.61192
v 11.66412 -6.955225 16.58502
v 12.13953 -6.564314 15.28076
v 11.45316 -7.975538 14.92772
v 10.66675 -9.211061 15.02606
v 10.84649 -9.364128 13.53198
v 11.64998 -8.071766 13.40605
v 12.44036 -6.556094 13.34486
v 5.135664 -11.20872 18.02267
v 5.69429 -11.32614 16.77644
v 6.212426 -11.02768 18.42953
v 6.419224 -11.26932 16.77756
v 7.231899 -11.19534 16.77418
v 7.010113 -10.92583 18.41381
v 5.981866 -10.74718 20.0999
v 4.93935 -10.8938 20.13102
v 7.81382 -10.72737 18.39377
v 8.047739 -11.02605 16.75581
v 9.187061 -11.03992 13.66917
v 9.045271 -10.86309 15.14482
v 8.309427 -11.43458 13.70252
v 8.200465 -11.244 15.17921
v 7.342392 -11.42266 15.18735
v 7.409459 -11.62351 13.70008
v -2.119769 -12.33754 16.77359
v -1.245569 -12.49861 16.78178
v -1.969743 -11.97957 18.41153
v -1.11048 -12.14829 18.41754
v -0.366962 -12.46203 16.78277
v -0.2454877 -12.1302 18.42359
v -0.9697473 -11.78142 20.07648
v 0.611254 -11.97426 18.43233
v 0.5060041 -12.27624 16.77804
v 1.265702 -12.08104 16.77495
v 1.758431 -11.77944 18.02303
v 1.744149 -12.16704 15.5321
v 0.5370283 -12.54255 15.15094
v -0.3989828 -12.77039 15.18546
v -0.4083121 -13.05593 13.68446
v 0.5946362 -12.76747 13.6311
v 1.843318 -12.39954 13.61382
v -5.328565 -9.335227 18.0104
v -5.200716 -9.865725 16.74942
v -4.401067 -10.23413 18.40771
v -4.600548 -10.54275 16.74046
v -3.811024 -11.31838 16.74202
v -3.622086 -10.97859 18.39918
v -4.208096 -9.908245 20.08511
v -5.05446 -8.978853 20.12367
v -2.809294 -11.57504 18.40293
v -2.979509 -11.93039 16.7567
v -3.35057 -12.61553 13.63884
v -2.391833 -13.07935 13.66931
v -3.174061 -12.2776 15.1468
v -2.26463 -12.70923 15.17347
v -4.057963 -11.60176 15.11782
v -4.287556 -11.85902 13.60295
v 9.356383 -11.45288 11.16855
v 10.18181 -10.66704 11.16345
v 9.293314 -11.2495 12.34607
v 10.13152 -10.51472 12.31474
v 10.97245 -9.556358 11.1529
v 10.93925 -9.46609 12.26292
v 10.02914 -10.35164 13.616
v 11.74075 -8.177333 11.13486
v 11.72906 -8.12294 12.1832
v 12.24682 -7.185409 11.12313
v 12.50395 -6.639166 11.86968
v 11.71751 -8.407388 9.169092
v 12.4943 -6.829009 9.170333
v 11.73538 -8.283222 10.13675
v 12.49348 -6.744375 10.38162
v 10.97354 -9.674349 10.13595
v 10.95636 -9.802015 9.169716
v 7.500983 -11.81363 12.35914
v 6.57334 -11.83102 12.32011
v 6.500398 -11.69458 13.64587
v 5.313402 -11.78302 13.62326
v 5.366703 -11.90685 12.01434
v 5.87916 -11.94164 11.17247
v 6.645714 -11.94778 11.15184
v 7.576054 -11.98692 11.16559
v 8.412057 -11.65113 12.36433
v 8.483704 -11.8574 11.17021
v -1.407441 -13.19302 13.69085
v -0.4617119 -13.31931 12.33256
v -1.484146 -13.51992 12.33501
v -2.488886 -13.43266 12.31923
v -2.548913 -13.72676 11.12197
v -1.542681 -13.79436 11.12927
v -0.5180073 -13.54446 11.13174
v 0.5176342 -13.09887 11.12568
v 1.329809 -12.7759 11.15296
v 0.5691445 -12.9453 12.29863
v 1.849056 -12.53979 12.00136
v 0.4971933 -13.25097 10.08443
v -0.5360198 -13.71534 10.08394
v -0.5266297 -13.86128 9.119286
v 0.5018985 -13.39292 9.117532
v 1.799237 -12.87257 9.128249
v 1.796631 -12.71735 10.36512
v -4.424459 -12.12042 12.27383
v -5.369286 -11.03415 12.24651
v -5.206699 -10.86728 13.56514
v -6.187122 -9.673896 13.58382
v -6.367558 -9.840429 11.97121
v -6.078618 -10.36432 11.12198
v -5.441318 -11.20706 11.09237
v -4.490918 -12.3534 11.10369
v -3.466657 -12.94304 12.29845
v -3.529221 -13.21987 11.1135
v -2.550036 -14.06387 9.112601
v -2.565042 -13.91927 10.07624
v -3.52779 -13.54146 9.108371
v -3.545153 -13.40577 10.07185
v -4.509178 -12.5254 10.06579
v -4.491042 -12.65312 9.101585
v 10.17325 -10.94376 9.167634
v 10.93478 -9.92131 8.211858
v 10.1552 -11.08704 8.209764
v 9.354917 -11.75689 9.164095
v 9.340183 -11.92299 8.206666
v 9.320639 -12.06965 7.257977
v 10.13111 -11.21188 7.260447
v 10.90639 -10.02423 7.262237
v 11.69173 -8.516619 8.212125
v 11.65927 -8.612907 7.262814
v 12.15567 -7.592216 7.263057
v 12.43164 -7.005346 7.975052
v 11.62138 -8.698249 6.318122
v 10.86878 -10.10277 6.320716
v 10.81396 -10.16227 5.383031
v 11.56638 -8.758066 5.384135
v 12.32815 -7.189455 5.381653
v 12.37764 -7.147918 6.552856
v 7.584027 -12.28387 9.154659
v 6.65387 -12.2253 9.145306
v 7.576751 -12.44585 8.198778
v 6.65126 -12.35827 8.191706
v 5.425264 -12.20804 9.145387
v 5.433351 -12.32839 7.948579
v 5.90418 -12.38712 7.243802
v 6.650025 -12.47134 7.247424
v 7.567874 -12.58815 7.252032
v 8.48811 -12.16566 9.160345
v 8.476878 -12.33834 8.203384
v 8.462154 -12.49133 7.255361
v 9.292513 -12.15709 6.318651
v 8.440064 -12.58079 6.316767
v 7.553338 -12.67572 6.31358
v 7.535759 -12.83314 5.389949
v 8.421818 -12.71358 5.417839
v 9.265932 -12.26239 5.429679
v 0.560689 -13.61288 7.22879
v 1.362778 -13.21605 7.22986
v 0.525825 -13.51604 8.167643
v 1.824074 -12.98634 7.933887
v -0.50071 -14.01165 8.167878
v -0.4640281 -14.13461 7.227535
v 1.87649 -13.08714 6.52912
v 0.5982053 -13.67595 6.295001
v -0.4223454 -14.19836 6.296073
v -0.3845131 -14.32534 5.384463
v 0.6303132 -13.82274 5.401539
v 1.903604 -13.30265 5.373762
v -4.448305 -12.75325 8.152502
v -5.399603 -11.57758 8.14364
v -5.450774 -11.49154 9.089572
v -6.49152 -10.16088 9.091754
v -6.384786 -10.29761 7.902823
v -5.97823 -10.76635 7.207248
v -5.328032 -11.63512 7.210699
v -4.388682 -12.82383 7.215537
v -2.470032 -14.33452 7.222043
v -2.516662 -14.21427 8.161593
v -3.4384 -13.7636 7.219092
v -3.490466 -13.66764 8.157891
v -4.319884 -12.8629 6.287685
v -3.376819 -13.80864 6.290653
v -2.415258 -14.38872 6.292778
v 10.0406 -11.37689 5.364845
v 9.947912 -11.50763 4.368829
v 9.251019 -12.46262 4.632055
v 9.564558 -12.21282 3.770001
v 10.73392 -10.20807 4.444922
v 11.48257 -8.777771 4.466942
v 11.38209 -8.773141 3.559517
v 11.86057 -7.773771 3.558965
v 12.18415 -7.273674 4.237393
v 10.88829 -9.026933 1.685449
v 11.27711 -8.759952 2.654835
v 11.77889 -7.222908 1.796697
v 12.01719 -7.266777 2.8809
v 7.517759 -13.185 4.487668
v 6.615468 -13.10339 4.577169
v 6.635257 -12.72373 5.406632
v 5.44233 -12.67897 5.376957
v 5.426294 -13.18761 4.24734
v 8.418621 -12.99657 4.588815
v 7.348372 -14.94904 1.30565
v 7.288877 -14.47382 0.3264931
v 8.226138 -14.63112 1.216853
v 8.165966 -14.25502 0.304294
v -1.384504 -14.58305 5.413674
v -1.354424 -14.84851 4.619838
v -0.3593779 -14.638 4.503674
v 0.6489503 -14.1707 4.583665
v 1.910392 -13.79855 4.248834
v -0.2780449 -16.33736 1.300154
v -0.2563202 -15.87672 0.3251192
v 0.6997883 -15.7553 1.204047
v 0.7123983 -15.33812 0.3010924
v 1.925513 -14.59 0.3825942
v 1.932403 -14.83018 1.530054
v -6.007835 -10.26136 3.347102
v -5.00168 -11.61874 3.55188
v -6.161925 -10.24305 4.239453
v -5.086502 -11.66751 4.454401
v -5.170031 -11.6922 5.363274
v -6.218635 -10.33175 5.362986
v -2.185818 -15.60777 1.347996
v -3.078772 -14.43567 2.138466
v -2.68007 -14.977 2.689363
v -4.0136 -12.92283 2.52314
v -3.925108 -12.86747 1.770128
v -3.171632 -13.88811 1.118503
v -2.182363 -15.32105 0.483031
v -0.2188373 -14.57249 0.00010755
v -1.164948 -14.70548 0.00010755
v -1.215917 -15.92748 0.3021676
v -2.212836 -14.07104 0.1460589
v -1.77766 -13.21144 0.06497485
v -1.103204 -13.23782 0.00010755
v -0.1743388 -13.10143 0.00010755
v 5.426756 -3.058076 52.19383
v 5.396334 -2.836146 52.3452
v 3.962754 -3.184587 51.11373
v 2.702707 -2.864592 50.73668
v -1.139089 -4.733579 51.14233
v -1.207466 -4.412792 51.48892
v -2.458144 -5.374777 51.75519
v -2.616999 -5.286241 52.73751
v -0.702951 -4.698625 50.84269
v -1.738487 -5.600393 50.32957
v -1.9411 -6.947927 48.44367
v -1.428002 -6.155822 49.20965
v -2.749305 -6.357048 49.30064
v -2.243904 -6.074507 49.67997
v -2.17374 -3.671567 51.00538
v -1.002928 -3.77892 51.07518
v -1.979046 -3.41574 50.47175
v -0.4751909 -3.497095 50.71195
v -4.254917 -6.913593 54.63992
v -2.717108 -5.219061 52.96319
v -4.253975 -6.333652 54.82123
v -2.75474 -5.042961 52.94324
v -4.175887 -4.353647 51.79773
v -4.745724 -6.354914 54.26734
v -3.723389 -4.520245 52.51784
v 6.311096 -2.288592 53.03184
v 5.798308 -1.274611 51.35216
v 5.249487 -2.390289 52.06633
v 4.668561 -1.853036 51.02624
v 5.058676 -1.099752 50.00989
v 4.494762 -1.114919 49.92712
v 6.112193 -0.8246112 50.85795
v 5.895461 -0.7423866 48.88992
v 6.430863 -0.6997275 50.34522
v 7.54366 -3.830736 48.26279
v 7.665859 -3.504257 48.67127
v 6.671017 -4.000688 48.96342
v 7.114688 -3.350992 50.57835
v 7.777973 -2.809339 49.5994
v 7.698036 -2.945191 50.31579
v 7.873069 -1.963603 50.52614
v 7.842647 -2.398866 50.13529
v 7.95323 -2.026032 48.53696
v 8.051769 -2.51894 48.44853
v 8.078061 -3.016626 48.22745
v 8.27758 -2.972697 47.47813
v 8.348986 -2.641044 47.1669
v 8.209511 -1.975397 47.15643
v -3.860849 -6.11676 49.96716
v -3.999958 -5.965562 49.32552
v -3.841976 -6.178002 49.09787
v -4.826106 -7.049999 54.28795
v -4.346837 -5.588551 51.0499
v -4.485111 -6.743937 53.72869
v -4.224139 -5.833309 50.82073
v -3.392084 -5.518012 50.71688
v -3.333398 -7.043676 47.8297
v -2.926258 -7.425098 47.54627
v -3.797466 -6.748188 47.78977
v -3.865302 -7.026432 47.06227
v -3.695216 -7.534885 46.60696
v -3.212887 -8.172367 46.46492
v -4.435982 -3.251742 47.97372
v -4.497032 -3.867488 48.16632
v -3.563911 -2.770679 48.85583
v -3.713905 -3.491384 49.98283
v -4.424399 -4.780235 50.5691
v -4.485573 -4.636707 48.69258
v -4.375873 -5.253968 49.7576
v -4.448432 -5.314732 51.12425
v -4.537774 -5.123696 48.17313
v -4.390541 -5.70118 48.19829
v -4.376668 -5.543425 49.95463
v -4.763292 -4.680624 47.28223
v -4.7553 -5.314996 46.93784
v -4.516644 -6.174562 46.85821
v 7.949084 -2.980933 54.41806
v 7.774218 -2.045414 51.54097
v 7.705854 -2.486534 53.89293
v 7.663618 -1.734934 51.35851
v 7.507569 -1.403073 50.99316
v 7.520036 -1.488675 49.91732
v 7.166597 -1.069134 50.14715
v 7.339422 -1.287626 49.56019
v 6.840981 -0.8754766 48.7032
v 6.5579 -0.6176484 48.3355
v 7.538155 -0.6683111 47.03425
v 7.100211 -0.0473547 46.94889
v 7.14924 -0.6835866 47.91795
v 6.673046 -0.2887869 47.77193
v 7.464513 -1.05329 48.22746
v 7.634078 -0.992204 47.47812
v 6.008288 -3.206637 49.8074
v 6.726612 -2.657417 50.62215
v 5.990752 -2.695148 50.80349
v -3.291453 -3.522997 50.69838
v -2.448056 -2.811993 49.7091
v 6.948234 -2.178534 53.44193
v 7.291337 -1.858559 52.7968
v 6.490399 -2.698363 53.46733
v 6.566311 -3.013893 53.60523
v 7.306184 -2.784603 54.4076
v 7.52206 -3.26117 54.88127
v 8.039094 -3.50749 47.89249
v 7.794431 -4.060733 47.68245
v 8.319675 -4.248884 46.86803
v 8.433245 -3.474278 47.02989
v 5.329829 -6.598101 48.43878
v 4.82941 -7.105114 48.37922
v 5.962166 -7.291012 47.56703
v 5.368034 -7.840757 47.54835
v 4.260417 -7.550101 48.31789
v 4.684609 -8.35974 47.49152
v 4.989793 -9.188232 46.51065
v 5.766901 -8.580441 46.56336
v 6.445361 -7.977867 46.55446
v 3.630301 -7.958951 48.23322
v 3.904386 -8.995345 47.30775
v 2.970616 -8.281085 48.15732
v 3.120087 -9.558218 47.11987
v 3.225681 -10.74919 46.02252
v 4.098538 -10.01542 46.27101
v 2.465057 -11.09944 45.93041
v 2.402356 -9.842534 47.04644
v 2.30813 -8.463371 48.1216
v 1.634291 -8.502104 48.1262
v 1.678354 -9.838977 47.08636
v 1.703383 -11.07002 45.99068
v 0.2493298 -8.189175 48.22696
v 0.04387975 -9.16326 47.39136
v 0.9398866 -8.394656 48.17153
v 0.8734977 -9.545798 47.24051
v -0.09724021 -10.13216 46.41098
v 0.8256781 -10.65381 46.20547
v -0.9524286 -9.801896 46.43465
v -0.7285464 -8.881502 47.4188
v -0.4082382 -7.932568 48.26152
v -1.036659 -7.581933 48.29916
v -1.473948 -8.515069 47.41606
v -1.751119 -9.435029 46.40286
v -4.16238 -6.811712 46.8027
v -4.131773 -6.282222 48.05575
v -4.17838 -5.751927 49.60332
v -5.112288 -3.387563 46.88564
v -4.968908 -4.350185 46.89109
v 7.930986 -1.345379 47.1669
v 7.744995 -1.53995 48.44853
v 7.691761 -1.721599 50.20711
v 5.28422 -10.73358 44.07748
v 6.183366 -9.919162 44.11336
v 5.199038 -10.03193 45.34452
v 6.048135 -9.306531 45.39791
v 7.015346 -9.107881 44.14752
v 6.808356 -8.594308 45.40958
v 4.254755 -10.95412 45.16688
v 3.331853 -11.75506 44.98783
v 3.392138 -12.46972 43.9757
v 4.328095 -11.67397 44.02431
v 2.50699 -12.85125 43.95288
v 2.499523 -12.13429 44.92019
v 1.672063 -12.09363 44.96092
v 1.631165 -12.81446 43.95601
v 0.7196999 -12.35501 43.98538
v 0.7610035 -11.62632 45.1118
v -0.1937425 -11.02392 45.26112
v -0.2256489 -11.73418 44.02028
v -1.95846 -10.13576 45.28173
v -1.101682 -10.59036 45.29017
v -2.059646 -10.66477 44.05933
v -1.156552 -11.21392 44.03966
v 5.278672 -11.1062 42.78743
v 4.323068 -11.9864 42.86595
v 3.392272 -12.72461 42.94404
v 3.35662 -12.7056 41.81962
v 4.308207 -11.9238 41.63736
v 5.296556 -11.12175 41.4551
v -0.2205455 -12.06548 41.4551
v 0.7254422 -12.56107 41.63736
v -0.2092445 -12.07984 42.76272
v 0.719564 -12.65244 42.84723
v 1.618491 -13.02567 41.81962
v 1.618493 -13.06351 42.9336
v 5.524427 -9.965327 38.40742
v 5.437397 -10.67847 40.05192
v 4.606068 -10.56523 38.43067
v 4.481355 -11.3794 40.17343
v 3.515599 -11.92894 40.29494
v 3.635587 -11.01857 38.4566
v 1.618491 -12.2534 40.29494
v 0.6541014 -12.02349 40.17343
v -0.3271449 -11.62952 40.05192
v -0.4033422 -10.91699 38.40161
v 0.6023622 -11.21308 38.42828
v 1.621599 -11.34634 38.45559
v 7.979115 -3.308456 36.79769
v 7.948507 -2.303078 34.34397
v 7.900139 -2.298086 36.79769
v 7.875425 -1.302934 34.33869
v 7.646352 -0.3285742 34.33869
v 7.668594 -1.312439 36.79769
v 8.455273 -2.268147 38.47821
v 8.722235 -3.445319 38.47821
v 8.757983 -4.566021 38.47821
v 7.657801 -5.245652 36.76771
v 7.652174 -4.309721 34.32817
v 7.884997 -4.290555 36.79769
v 7.857267 -3.305904 34.35983
v 8.560621 -5.601835 38.47821
v 8.206836 -6.613009 38.47071
v 6.877912 -7.007895 36.57667
v 6.996745 -6.28211 33.97607
v 7.33193 -6.156864 36.67776
v 7.383705 -5.312836 34.19087
v 7.71751 -7.575026 38.44823
v 7.101473 -8.466096 38.42295
v 5.497004 -8.453877 36.48004
v 5.636841 -7.911706 33.75365
v 6.257435 -7.782793 36.51325
v 6.43618 -7.184405 33.7119
v 6.363024 -9.264228 38.4071
v 1.697319 -9.245269 33.80619
v 2.733035 -9.151375 33.86602
v 1.680567 -9.709177 36.46578
v 2.691443 -9.628816 36.46879
v 3.748095 -8.906746 33.81282
v 3.677101 -9.389124 36.4698
v 2.636472 -11.2802 38.46497
v 0.6339467 -9.190421 33.63214
v 0.6572163 -9.626906 36.45998
v -0.3458667 -9.383059 36.45679
v -0.4037774 -8.91149 33.71532
v -1.373166 -10.49475 38.39418
v -2.286547 -9.942739 38.39716
v -1.295919 -8.978665 36.46155
v -2.162375 -8.430142 36.47351
v -2.259078 -7.831373 33.80496
v -1.403491 -8.485947 33.62792
v -3.121994 -9.257264 38.40176
v -3.859299 -8.45963 38.41469
v -2.914832 -7.753897 36.4919
v -3.530694 -6.980643 36.54362
v -3.588293 -6.243021 33.9622
v -2.999576 -7.085257 33.88335
v -4.476514 -7.571235 38.44269
v -4.967952 -6.612053 38.46933
v -3.991363 -6.140888 36.6556
v -4.327383 -5.241671 36.76216
v -4.263365 -4.304492 34.30805
v -3.988531 -5.300088 34.14065
v -5.322541 -5.601835 38.47821
v -5.519887 -4.566021 38.47821
v -4.558069 -4.290555 36.79769
v -4.65196 -3.308457 36.79769
v -4.573067 -2.302669 34.34246
v -4.475873 -3.304272 34.35379
v -5.484128 -3.44532 38.47821
v -5.217164 -2.268147 38.47821
v -4.572991 -2.298086 36.79769
v -4.341456 -1.312439 36.79769
v -4.272896 -0.3285754 34.33869
v -4.501969 -1.302935 34.33869
v -4.781436 -1.150038 38.47821
v -4.189899 -0.1176274 38.47821
v -3.961252 -0.3762448 36.79769
v -3.443539 0.488193 36.79769
v -3.382832 1.451439 34.33869
v -3.896176 0.5968988 34.33869
v -3.455421 0.8024442 38.47821
v -2.597777 1.589036 38.47821
v -2.799466 1.25857 36.79769
v -2.04635 1.917185 36.79769
v -1.996523 2.864068 34.33869
v -2.743889 2.212994 34.33869
v -1.636635 2.221006 38.47821
v -0.5966449 2.684782 38.47821
v -1.201488 2.446334 36.79769
v -0.2866542 2.834654 36.79769
v -0.2496719 3.77103 34.33869
v -1.157904 3.387158 34.33869
v 0.4976392 2.966788 38.47821
v 1.619052 3.062351 38.47821
v 0.6763935 3.070778 36.79769
v 1.663544 3.150792 36.79769
v 1.686728 4.083548 34.33869
v 0.7065344 4.004451 34.33869
v 3.613746 2.834654 36.79769
v 3.623127 3.77103 34.33869
v 2.650696 3.070779 36.79769
v 2.66692 4.004451 34.33869
v 2.740463 2.966789 38.47821
v 3.834747 2.684783 38.47821
v 5.373451 1.917186 36.79769
v 5.369979 2.864068 34.33869
v 4.528583 2.446334 36.79769
v 4.53136 3.387158 34.33869
v 4.874738 2.221007 38.47821
v 5.835882 1.589037 38.47821
v 6.77066 0.4881942 36.79769
v 6.756288 1.45144 34.33869
v 6.126577 1.258571 36.79769
v 6.117345 2.212996 34.33869
v 6.693527 0.8024454 38.47821
v 7.428006 -0.1176262 38.47821
v 7.288381 -0.3762436 36.79769
v 7.269632 0.5969 34.33869
v 8.019544 -1.150037 38.47821
v 8.83304 1.120237 30.77347
v 9.107722 -0.06625772 30.77347
v 9.182645 -1.287882 30.79461
v 10.8319 -0.2904487 26.91207
v 10.74551 1.21583 26.88035
v 10.41021 2.677395 26.88035
v 9.0351 -2.520238 30.85806
v 8.73453 -3.739932 30.89205
v 10.21795 -3.3224 27.09872
v 10.63658 -1.812823 27.00724
v 8.350376 -4.923568 30.82484
v 7.880381 -6.094887 30.50735
v 9.634398 -4.790285 27.11939
v 7.322294 -7.277634 29.79048
v 6.298734 -8.122528 30.13548
v 5.296093 -8.893833 29.76814
v 4.749502 -8.509386 33.64777
v 4.069785 -9.315915 30.42697
v 3.07013 -10.24161 27.13377
v 2.881149 -9.586291 30.64517
v 1.686952 -9.719362 30.42205
v 0.4439616 -9.729536 29.7569
v -0.7490361 -9.331779 30.10674
v -1.957029 -8.852348 29.73163
v -2.863854 -7.901587 30.37568
v -4.547774 -7.158456 27.02948
v -3.693975 -6.969473 30.59069
v -4.3945 -5.989661 30.62895
v -5.454651 -5.953689 27.02035
v -6.726152 -3.269215 27.03525
v -6.164619 -4.656005 27.03665
v -5.305276 -3.724828 30.84128
v -4.912541 -4.895794 30.74272
v -7.187718 -1.797131 26.97301
v -5.629883 -2.51371 30.83387
v -5.801251 -1.28625 30.78857
v -7.439593 -0.2865255 26.90351
v -7.372056 1.215829 26.88035
v -5.734267 -0.06625891 30.77347
v -5.459582 1.120236 30.77347
v -7.036749 2.677393 26.88035
v -6.485319 4.065629 26.88035
v -5.007848 2.247202 30.77347
v -4.392287 3.287791 30.77347
v -5.733905 5.347462 26.88035
v -4.798645 6.489815 26.88035
v -3.626118 4.215151 30.77347
v -2.729934 5.007973 30.77347
v -3.704678 7.46644 26.88035
v -2.477139 8.251089 26.88035
v -1.72433 5.64495 30.77347
v -0.6352496 6.112398 30.77347
v -1.147702 8.826908 26.88035
v 0.2519572 9.177045 26.88035
v 0.5113578 6.396639 30.77347
v 1.686728 6.492957 30.77347
v 1.686728 9.295694 26.88035
v 2.862098 6.396639 30.77347
v 4.008706 6.112399 30.77347
v 4.521158 8.826909 26.88035
v 3.121499 9.177046 26.88035
v 5.097786 5.64495 30.77347
v 6.10339 5.007975 30.77347
v 7.078134 7.466441 26.88035
v 5.850595 8.25109 26.88035
v 6.999575 4.215152 30.77347
v 7.765743 3.287792 30.77347
v 9.107362 5.347463 26.88035
v 8.172103 6.489816 26.88035
v 8.381306 2.247205 30.77347
v 9.858776 4.06563 26.88035
v 13.36319 0.8176363 20.02274
v 12.22943 0.3622568 23.39596
v 13.2047 -1.096413 20.03853
v 12.04414 -1.382023 23.4594
v 11.55166 -3.16168 23.52684
v 12.72935 -2.99739 20.05474
v 10.74272 -5.001354 23.55997
v 11.91909 -4.869554 20.06139
v 8.706239 -9.090369 21.7151
v 5.847684 -10.40043 21.7753
v 4.820887 -10.51766 22.28007
v 3.23428 -10.65902 23.62002
v 3.377771 -11.16006 20.15642
v -0.862149 -11.38061 21.73815
v -3.918399 -9.670556 21.76134
v -4.595697 -8.772647 22.25781
v -5.201499 -7.621641 23.57431
v -6.384807 -6.100347 23.56825
v -7.296504 -6.23132 20.18659
v -6.069968 -7.802787 20.17219
v -7.287866 -4.58452 23.54456
v -7.979337 -3.019816 23.50302
v -9.098836 -2.888596 20.07318
v -8.304353 -4.602435 20.13901
v -8.527879 -1.3519 23.44343
v -8.820276 0.3697872 23.39197
v -9.974654 0.8282101 20.0122
v -9.685277 -1.062268 20.03285
v 12.64042 -5.068758 16.56483
v 13.21841 -4.898646 13.45505
v 14.08539 -2.783171 13.45819
v 13.553 -2.909425 16.56735
v 9.865743 -10.17951 15.0961
v 6.482118 -11.49948 15.15734
v 5.304588 -11.54873 15.53721
v 3.494734 -11.6447 16.77496
v 3.57964 -12.02407 13.71565
v -1.336236 -12.84972 15.18966
v -4.909772 -10.72864 15.09469
v -5.746935 -9.629462 15.50821
v -6.586901 -8.275466 16.78915
v -8.056001 -6.430736 16.79404
v -8.722832 -6.544986 13.7027
v -7.307956 -8.312449 13.71744
v -9.936194 -4.707646 13.56912
v -9.236149 -4.630847 16.69252
v -10.11865 -2.787522 16.57427
v -10.85919 -2.763138 13.42357
v -11.40296 -0.674181 13.37294
v -10.69482 -0.8124888 16.52898
v -10.93408 1.234264 16.52251
v -11.58698 1.48844 13.37084
v -4.400032 13.77944 13.39496
v -6.163176 12.66052 13.38892
v -4.086334 12.95953 16.53368
v -5.771447 11.88696 16.53044
v -5.201855 10.71597 20.00784
v -3.636681 11.71633 20.00865
v -1.941582 12.44964 20.00953
v -2.261339 13.74339 16.53719
v -2.49053 14.59454 13.4015
v -0.1569474 12.89451 20.01045
v -0.3399456 14.21592 16.54089
v 1.672457 13.04374 20.0114
v 1.629647 14.36997 16.54467
v 1.580631 15.23667 13.41543
v -0.4801655 15.08256 13.40838
v 3.641427 15.05007 13.42249
v 3.59924 14.19837 16.54846
v 3.501862 12.89012 20.01235
v 5.286499 12.44127 20.01327
v 5.520633 13.7099 16.55216
v 5.651792 14.5326 13.42937
v 7.561294 13.69412 13.43591
v 7.345628 12.91334 16.55567
v 6.981598 11.70479 20.01415
v 8.546773 10.70232 20.01496
v 9.030744 11.83232 16.55891
v 9.32444 12.55976 13.44195
v 11.81638 8.923812 16.56427
v 11.13414 7.99781 20.0163
v 12.84789 7.168385 16.56625
v 12.09223 6.362778 20.01679
v 12.79533 4.592484 20.01716
v 13.60487 5.269084 16.56771
v 14.11038 5.700899 13.45833
v 13.31834 7.683119 13.45562
v 12.23907 9.516567 13.45192
v 13.26688 -5.168653 11.11648
v 13.3243 -5.136001 9.178014
v 14.19712 -2.977864 9.181898
v 14.21483 -2.881447 11.12069
v 9.368616 -11.6111 10.12964
v 10.18892 -10.80691 10.13331
v 5.429262 -12.05393 10.38234
v 6.662289 -12.08385 10.11279
v 7.593766 -12.13728 10.12051
v 3.625835 -12.45016 9.168003
v 3.618658 -12.24465 11.20892
v -6.448404 -10.04556 10.33723
v -5.46658 -11.36378 10.05627
v -7.4857 -8.695412 11.20263
v -9.030759 -6.797686 11.21301
v -9.15758 -6.975734 9.125357
v -7.697816 -8.765268 9.12755
v -10.25743 -4.870722 11.13282
v -11.14085 -2.86199 11.03835
v -11.12179 -3.021477 9.075201
v -10.30067 -5.059605 9.101542
v -11.43072 3.653936 13.37089
v -11.82175 1.491231 11.00514
v -11.65614 3.701452 11.00588
v -10.94911 5.766683 13.37254
v -11.1674 5.856104 11.00805
v -11.12843 5.721539 9.067625
v -11.61561 3.562746 9.065427
v -11.78069 1.34833 9.064683
v -10.15708 7.771059 13.37525
v -10.36365 7.899584 11.01161
v -9.077805 9.618645 13.37894
v -9.268407 9.78231 11.01647
v -9.235467 9.655278 9.076165
v -10.32723 7.768951 9.071239
v -7.734469 11.26102 13.38354
v -7.905192 11.4547 11.02252
v -6.310649 12.8784 11.0296
v -6.287115 12.75713 9.089466
v -7.876588 11.33081 9.082295
v -2.583658 14.84132 11.04614
v -0.5435455 15.3338 11.05519
v 1.547745 15.48604 11.06447
v 1.546291 15.36916 9.124807
v -0.5383492 15.21672 9.115402
v -2.571975 14.72346 9.106228
v 3.639035 15.29159 11.07375
v 5.679148 14.76097 11.08281
v 5.664555 14.64292 9.143386
v 3.62384 15.09284 9.14272
v 7.596153 13.7854 9.152101
v 7.616907 13.90468 11.09141
v 9.406141 12.7486 11.09935
v 9.379698 12.62775 9.160146
v 10.96917 11.19589 9.167317
v 11.00068 11.31861 11.10642
v 10.89573 11.15468 13.44733
v 12.3639 9.653053 11.11247
v 12.32805 9.528238 9.173448
v 13.41981 7.663176 9.178373
v 13.45914 7.79027 11.11733
v 14.2629 5.777326 11.1209
v 14.22101 5.647798 9.181988
v 14.70819 3.529193 9.184186
v 14.14329 5.461746 7.268158
v 14.62574 3.344142 7.269646
v 14.87327 1.358912 9.18493
v 14.78922 1.174394 7.270151
v 14.63986 0.9676111 5.391114
v 14.47891 3.122443 5.390902
v 14.00392 5.224946 5.390274
v 14.70818 -0.8114994 9.184186
v 14.62574 -0.9954643 7.269647
v 14.09584 -3.211521 7.268012
v 13.98061 -3.338311 5.390232
v 14.4789 -1.187267 5.390902
v 13.16008 -5.519867 7.265126
v 13.12957 -5.481637 5.389075
v 10.09729 -11.2934 6.320429
v 5.439273 -12.45138 6.536402
v 6.645733 -12.5531 6.307892
v 3.678988 -12.99247 5.209993
v 3.655977 -12.609 7.23581
v -1.428634 -14.47729 6.294959
v -1.476421 -14.41668 7.225072
v -6.261927 -10.37288 6.509833
v -5.251024 -11.67736 6.282975
v -7.444281 -9.070303 7.20157
v -9.011666 -7.167873 7.196736
v -8.837516 -7.236562 5.377773
v -7.52839 -8.840361 5.375375
v -9.824241 -5.549757 5.375461
v -10.16673 -5.213819 7.193173
v -10.96015 -3.179004 7.190725
v -10.60332 -3.619156 5.102808
v -10.96015 5.510311 7.190725
v -10.16673 7.545666 7.193173
v -9.085563 9.422208 7.196508
v -8.879888 9.128633 5.392469
v -9.802557 7.431087 5.193062
v -10.67932 5.290046 5.316218
v -7.739872 11.09081 7.200659
v -6.165823 12.51319 7.205514
v -6.145728 12.10138 5.350401
v -7.688134 10.61111 5.397307
v -2.486734 14.48069 7.216863
v -2.443422 14.13653 5.759337
v -4.399587 13.65105 7.210962
v -4.300897 13.34177 5.598562
v -4.503571 13.8958 9.097513
v -0.4948986 14.87945 7.307355
v 1.563495 15.00399 7.30083
v 1.543133 14.70051 5.670347
v -0.565424 14.57742 5.77289
v 3.632109 14.81988 7.262315
v 5.669869 14.42637 7.242021
v 5.665387 14.087 5.357074
v 3.635138 14.48406 5.338773
v 10.92301 11.00015 7.258225
v 12.2687 9.33709 7.262376
v 12.15833 9.068774 5.387836
v 10.83345 10.71543 5.386084
v 9.283754 12.12495 5.384037
v 9.348961 12.42609 7.25337
v 13.22277 7.222834 5.389242
v 13.34987 7.475176 7.26571
v 13.43528 -3.479402 1.984511
v 13.73131 -3.506626 3.559177
v 12.65738 -5.451763 1.984411
v 12.82896 -5.752714 3.55878
v 6.473545 -14.70745 1.207187
v 5.334674 -14.23828 1.531395
v 5.290154 -14.00245 0.3829294
v 6.421977 -14.28989 0.3018774
v 3.618301 -13.91071 0.7221312
v 3.664774 -13.87347 2.888202
v -1.246078 -16.26493 1.208348
v -4.916805 -11.56132 2.651233
v -5.908512 -10.22085 2.471357
v -5.610379 -10.28788 1.997331
v -4.512557 -11.6804 1.684549
v -8.584038 -7.357244 3.620002
v -7.571082 -8.557231 3.603292
v -7.230405 -8.77624 2.735434
v -7.10885 -8.771114 2.30428
v -6.311081 -9.582539 2.08715
v -9.24184 -6.283805 3.616149
v -9.521201 -5.611482 3.331134
v -9.398838 -5.614831 3.040221
v -10.36358 -3.478191 3.287421
v -10.06255 -3.467103 2.183068
v -9.355263 -5.396531 2.128373
v -8.461889 8.601629 3.285196
v -9.048998 7.527837 2.53295
v -9.286532 6.667761 1.68845
v -9.961392 4.67958 1.802264
v -10.30264 5.128373 3.382972
v -7.6335 9.486212 3.316382
v -6.709648 10.51962 3.717912
v -6.987182 10.66371 3.536717
v -5.438784 11.80499 4.170418
v 5.798765 13.00675 1.948015
v 4.662064 13.10197 1.852808
v 5.621408 13.60047 3.466902
v 1.197137 13.85206 4.327025
v 8.953539 11.20665 1.984008
v 7.298244 12.2814 1.98382
v 9.153906 11.70563 3.557165
v 7.450727 12.81491 3.556416
v 7.544838 13.25946 5.381739
v 10.67176 10.32579 3.557832
v 11.96941 8.712454 3.558402
v 11.68988 8.304878 1.984317
v 10.42872 9.869164 1.984175
v 12.28192 -5.225267 0.8758161
v 11.268 -7.272444 0.8028404
v 10.82798 -6.692371 0.2007907
v 11.76456 -5.002699 0.2190347
v 12.44458 -3.27111 0.2190347
v 12.99686 -3.401529 0.8758161
v 9.644834 -8.389678 0.146059
v 9.936305 -9.862816 0.5839133
v 8.95979 -12.11522 0.146059
v 8.519934 -11.40432 0.06497485
v 8.731986 -10.2988 0.146059
v 8.453468 -9.350412 0.0365954
v -3.387638 -10.58269 0.1460589
v -1.949724 -11.10567 0.0365954
v -3.469614 -12.16112 0.5839132
v -2.102513 -12.17437 0.1460589
v -5.036692 -10.34342 0.8860604
v -4.895338 -9.407251 0.2215958
v -6.028914 -9.839354 1.956482
v -5.879488 -9.886105 1.753114
v -5.89734 -9.574459 1.220504
v -6.105002 -8.317587 0.3022547
v -9.075117 -5.507112 1.4065
v -9.652371 -3.47199 0.9913345
v -9.081583 -3.558015 0.25126
v -8.831109 -5.443132 0.9130289
v -8.435634 -6.03127 0.7396709
v -8.272896 -5.204201 0.1849984
v -9.165181 6.291121 1.264103
v -8.850454 6.507421 0.9956498
v -9.084679 4.423006 0.2644794
v -9.622985 4.398167 0.9811732
v -8.270916 7.920198 0.9621045
v -8.677504 7.26859 0.9994271
v -7.420699 7.686335 0.2191777
v -8.278602 6.126306 0.2499374
v -7.274723 8.753412 1.19627
v -6.728975 8.85568 0.7070271
v -6.806956 9.600585 0.5951934
v -6.097038 10.04873 0.34117
v -5.739683 9.897238 0.0546776
v -6.946213 8.971753 0.148879
v -5.328644 10.34547 0.06404149
v -5.673321 10.28976 0.2558431
v -4.815565 10.55019 0.00010761
v -4.453813 10.43357 0.00010762
v 8.32153 10.08909 0.2190347
v 6.765949 11.07677 0.2190347
v 8.676778 10.66652 0.875816
v 7.085253 11.69732 0.875816
v 5.679046 11.66676 0.312893
v 5.795842 12.29643 0.9126028
v 10.83791 7.443031 0.2190347
v 9.684545 8.867924 0.2190347
v 11.30771 7.882796 0.875816
v 10.09513 9.383518 0.875816
v 12.44459 4.112573 0.2190347
v 11.76456 5.844162 0.2190347
v 12.99687 4.375098 0.875816
v 12.28193 6.198839 0.875816
v 12.70314 6.549741 1.984431
v 13.44672 4.649014 1.984516
v 9.359711 -12.78634 3.19498
v -2.489579 -15.16987 3.229628
v 8.499719 -12.01713 10.12575
v -1.546794 -14.12771 9.11694
v -1.517475 -14.28666 8.165392
v 6.341349 -13.16905 0.00010755
v 5.217546 -12.97817 0.00010755
v 5.57252 -12.16417 0.00010755
v 6.244301 -11.94086 0.00010755
v 7.082411 -11.81246 0.00010755
v 7.195526 -13.21312 0.00010755
v 8.057269 -13.04692 0.00010755
v 7.922415 -11.6315 0.00010755
v 7.413131 -10.01803 0.00010755
v 7.783779 -10.63341 0.00010755
v 6.963626 -10.91735 0.00010755
v 6.867195 -10.50223 0.00010755
v 1.913249 -13.55006 0.00010755
v 0.7326114 -14.18012 0.00010755
v 0.7558608 -12.90018 0.00010755
v 1.479698 -12.86765 0.00010755
v 0.5936241 -11.53327 0.00010755
v 1.855794 -11.59305 0.00010755
v 0.7775807 -12.11714 0.00010755
v 1.924492 -12.25229 0.00010755
v -0.1315677 -12.14025 0.00010755
v -0.09833932 -11.68311 0.00010755
v 3.119026 -3.719044 50.43737
v 2.09414 -3.420293 50.4287
v 2.785774 -4.04331 50.19645
v 4.072047 -4.540646 49.83207
v 4.202349 -3.716035 50.35035
v 2.875181 -4.258997 50.1407
v 3.951392 -4.953732 49.76367
v 3.061329 -4.597423 50.06885
v 2.824385 -4.660969 50.08117
v 3.684906 -5.24478 49.7238
v 2.822232 -4.804807 50.04002
v 2.82005 -4.948933 49.99895
v 3.453695 -5.548837 49.66438
v 2.440642 -4.610937 50.13166
v 2.386541 -4.380772 50.2016
v 2.491213 -4.944971 50.0308
v 3.108568 -5.744691 49.63872
v 2.655655 -4.946952 50.01488
v 2.43903 -5.082219 49.99094
v 2.387034 -5.219743 49.95117
v 2.789209 -5.973263 49.59225
v 2.144759 -4.79459 50.09887
v 2.174859 -4.560356 50.1694
v 2.076157 -5.127311 49.99846
v 2.39807 -6.065652 49.5841
v 2.231718 -5.173483 49.9748
v 1.979306 -5.244596 49.96222
v 1.882788 -5.362117 49.92604
v 2.020525 -6.196399 49.55432
v 1.79909 -4.891143 50.08163
v 1.909992 -4.675653 50.14872
v 1.618493 -5.190139 49.98732
v 1.618493 -6.176248 49.56528
v 1.750817 -5.276043 49.95666
v 1.486168 -5.276043 49.95666
v 1.354198 -5.362117 49.92604
v 1.21646 -6.196399 49.55432
v 1.436355 -4.891143 50.08163
v 1.617335 -4.715383 50.14159
v 1.160828 -5.127311 49.99846
v 0.8389151 -6.065652 49.5841
v 1.257679 -5.244596 49.96222
v 0.4477763 -5.973263 49.59225
v 0.9275782 -5.183742 49.96298
v 0.9439826 -4.862967 50.04484
v 1.324676 -4.675653 50.14872
v 0.1232088 -5.740139 49.6395
v 0.8986604 -4.627929 50.10288
v 0.6731546 -4.653673 50.08474
v 0.07784724 -5.025983 50.1037
v -1.233174 -4.249694 51.56887
v -0.02836943 -4.182942 50.26683
v -0.4127657 -4.28206 51.00938
v -0.532037 -3.912616 51.09994
v 0.08613586 -3.77943 50.41172
v -0.5163896 -3.220994 50.54947
v 0.2343583 -3.671842 50.28209
v 0.4377782 -3.581623 50.31182
v -0.8828294 -3.20287 50.05498
v -0.7726181 -2.799199 50.04683
v 0.3441656 -3.413043 50.31588
v 0.1497805 -3.202537 50.29832
v 0.3900731 -3.125031 50.32278
v -0.5082631 -2.472353 50.05498
v 0.3897119 -2.95671 50.30648
v 0.3893507 -2.788389 50.29017
v -0.2791035 -2.119935 50.04683
v 0.7801902 -3.180015 50.36595
v 0.8383107 -3.42652 50.37274
v 0.7259929 -2.789111 50.32278
v 0.07331491 -1.890775 50.05498
v 0.5576718 -2.78875 50.30648
v 0.7776642 -2.628915 50.30648
v 0.8293355 -2.468722 50.29017
v 0.4001606 -1.62642 50.04683
v 1.079988 -2.962199 50.36595
v 1.050379 -3.237214 50.39568
v 1.149278 -2.573436 50.32278
v 0.8061445 -1.517379 50.05498
v 0.9893072 -2.521079 50.30648
v 1.247923 -2.437049 50.30648
v 1.346568 -2.300662 50.29017
v 1.198684 -1.366963 50.04683
v 1.432421 -2.847687 50.36595
v 1.319258 -3.100214 50.39568
v 1.618493 -2.49912 50.32278
v 1.618493 -1.388716 50.05498
v 1.48253 -2.39989 50.30648
v 1.754456 -2.39989 50.30648
v 1.890419 -2.300662 50.29017
v 2.038301 -1.366963 50.04683
v 1.802992 -2.847687 50.36595
v 1.617312 -3.053006 50.39568
v 2.087708 -2.573436 50.32278
v 2.430842 -1.517379 50.05498
v 1.989063 -2.437049 50.30648
v 2.836825 -1.62642 50.04683
v 2.327665 -2.4949 50.29832
v 2.307373 -2.795558 50.33621
v 1.915368 -3.100214 50.39568
v 3.168966 -1.896068 50.05498
v 2.597445 -2.708857 50.43357
v 3.59557 -1.889782 50.37105
v 2.992965 -2.494128 50.53412
v 3.939117 0.6266487 0.00010755
v 3.921053 0.2515042 0.00010755
v 3.132529 0.4893291 0.00010755
v 2.965405 0.2482104 0.00010755
v 1.686728 0.245806 0.00010755
v 2.902822 0.6635761 0.00010755
v 3.811699 0.9773707 0.00010755
v 3.939117 -0.1234412 0.00010755
v 3.811698 -0.4743624 0.00010755
v 3.132529 0.00789404 0.00010755
v 2.902821 -0.1671529 0.00010755
v 3.718637 -0.8368182 0.00010755
v 3.494335 -1.129177 0.00010755
v 2.991004 -0.4499769 0.00010755
v 2.721199 -0.5418587 0.00010755
v 3.29926 -1.443653 0.00010755
v 3.000032 -1.64884 0.00010755
v 2.721808 -0.8394659 0.00010755
v 2.438315 -0.8392274 0.00010755
v 2.722038 -1.884545 0.00010755
v 2.377173 -1.982484 0.00010755
v 2.35129 -1.122446 0.00010755
v 2.081861 -1.030149 0.00010755
v 2.043471 -2.116336 0.00010755
v 1.686728 -2.09745 0.00010755
v 1.915721 -1.271217 0.00010755
v 1.686728 -1.095936 0.00010755
v 1.329985 -2.116336 0.00010755
v 0.9962833 -1.982484 0.00010755
v 1.457735 -1.271217 0.00010755
v 1.291596 -1.030149 0.00010755
v 0.6514192 -1.884545 0.00010755
v 0.3734243 -1.64884 0.00010755
v 1.022166 -1.122446 0.00010755
v 0.9351408 -0.8392274 0.00010755
v 0.07419586 -1.443654 0.00010755
v -0.1208794 -1.129177 0.00010755
v 0.6516492 -0.8394659 0.00010755
v 0.6522572 -0.5418599 0.00010755
v -0.3451812 -0.8368182 0.00010755
v -0.438242 -0.4743636 0.00010755
v 0.382452 -0.4499769 0.00010755
v 0.4706347 -0.1671541 0.00010755
v -0.5656612 -0.1234412 0.00010755
v -0.5475974 0.2515042 0.00010755
v 0.2409267 0.00789404 0.00010755
v 0.4080522 0.2482104 0.00010755
v -0.5656612 0.6266487 0.00010755
v -0.438242 0.9773707 0.00010755
v 0.2409267 0.4893291 0.00010755
v 0.4706347 0.6635761 0.00010755
v -0.3451812 1.340027 0.00010755
v -0.1208794 1.632185 0.00010755
v 0.382452 0.9472013 0.00010755
v 0.6522572 1.038282 0.00010755
v 0.07419586 1.946862 0.00010755
v 0.3734243 2.151848 0.00010755
v 0.6516492 1.33669 0.00010755
v 0.9351408 1.335649 0.00010755
v 0.651418 2.387754 0.00010755
v 0.9962833 2.485492 0.00010755
v 1.022166 1.61967 0.00010755
v 1.291596 1.526572 0.00010755
v 1.329985 2.619544 0.00010755
v 1.686728 2.600459 0.00010755
v 1.457735 1.768441 0.00010755
v 1.686728 1.59236 0.00010755
v 2.043471 2.619544 0.00010755
v 2.377173 2.485492 0.00010755
v 1.915721 1.768441 0.00010755
v 2.081861 1.526572 0.00010755
v 2.722038 2.387754 0.00010755
v 3.000033 2.151849 0.00010755
v 2.35129 1.61967 0.00010755
v 2.438316 1.335649 0.00010755
v 3.299261 1.946862 0.00010755
v 3.494337 1.632185 0.00010755
v 2.721808 1.33669 0.00010755
v 2.7212 1.038282 0.00010755
v 3.718638 1.340027 0.00010755
v 2.991005 0.9472013 0.00010755
v 6.344451 -4.525969 48.71862
v 5.244895 -3.764484 49.83983
v 5.12215 -4.942467 49.31799
v 6.095759 -5.334892 48.61374
v 5.754524 -6.005163 48.51869
v 4.868022 -5.453587 49.23726
v 4.546651 -5.901368 49.16653
v 4.160012 -6.300426 49.1035
v 3.718803 -6.641591 49.04961
v 3.232839 -6.915691 49.00631
v 2.713537 -7.116842 48.97454
v 2.171605 -7.239153 48.95522
v 1.618493 -7.280602 48.94867
v 1.065381 -7.239153 48.95522
v 0.523448 -7.11684 48.97454
v 0.0041461 -6.915691 49.00631
v -0.5025184 -6.622856 49.05257
v -0.05843639 -4.767551 50.35162
v -1.174184 -5.612683 49.79377
v -1.982744 -2.572241 49.57765
v -3.038951 -2.456158 48.90252
v -2.741741 -1.795881 48.90252
v -1.750714 -2.300835 49.57765
v -1.440917 -1.794739 49.57765
v -2.340821 -1.140921 48.90252
v -1.841809 -0.5572295 48.90252
v -1.055325 -1.343713 49.57765
v -0.6042993 -0.9581196 49.57765
v -1.258117 -0.05821705 48.90252
v -0.6031573 0.3427029 48.90252
v -0.09820342 -0.6483233 49.57765
v 0.4499018 -0.4209781 49.57765
v 0.106169 0.6369209 48.90252
v 0.8529639 0.8158255 48.90252
v 1.026959 -0.2827358 49.57765
v 1.618493 -0.2358913 49.57765
v 1.618493 0.8764505 48.90252
v 2.384021 0.8158255 48.90252
v 2.210026 -0.2827358 49.57765
v 2.787083 -0.4209769 49.57765
v 3.130816 0.6369221 48.90252
v 3.840144 0.3427041 48.90252
v 3.33519 -0.6483233 49.57765
v 3.86246 -0.9792936 49.57765
v 4.508632 -0.07174492 48.90252
v 5.521353 -0.3005469 48.47193
v 7.991029 -5.14133 46.82416
v 6.925102 -5.70446 47.74552
v 7.582334 -6.184976 46.71605
v 7.057611 -7.155328 46.61553
v 6.483389 -6.572473 47.63879
v -2.530261 -8.797622 46.44541
v -5.037462 -3.113519 46.99996
v -3.983794 -2.206789 48.04133
v -4.785194 -2.066543 46.99996
v -4.378074 -1.075463 46.99996
v -3.622836 -1.346941 48.04133
v -3.140899 -0.5596304 48.04133
v -3.826176 -0.1620317 46.99996
v -3.139553 0.6520092 46.99996
v -2.541049 0.1420116 48.04133
v -1.839408 0.7418609 48.04133
v -2.336668 1.347951 46.99996
v -1.435961 1.907091 46.99996
v -1.052097 1.223798 48.04133
v -0.1994336 1.57747 48.04133
v -0.4606473 2.317419 46.99996
v 0.5660725 2.566926 46.99996
v 0.6982696 1.792527 48.04133
v 1.618493 1.865401 48.04133
v 1.618493 2.651474 46.99996
v 2.670913 2.566926 46.99996
v 2.538716 1.792527 48.04133
v 3.436419 1.57747 48.04133
v 3.697633 2.317419 46.99996
v 4.672946 1.907092 46.99996
v 4.289083 1.223799 48.04133
v 5.109335 0.7089221 48.04133
v 5.581897 1.339594 46.99996
v 6.409518 0.6185794 46.99996
v 9.423832 -3.755262 44.47835
v 9.142998 -2.437158 44.44578
v 8.832031 -3.334539 46.04483
v 8.620955 -2.18824 45.91455
v 8.871349 -4.525123 45.79221
v 9.3775 -4.977458 44.39289
v 9.000176 -6.082261 44.31465
v 8.58065 -5.630841 45.63838
v 8.106469 -6.693337 45.55059
v 8.455769 -7.155931 44.25392
v 7.782279 -8.175733 44.19624
v 7.50373 -7.702527 45.46722
v -2.938732 -9.956548 44.09552
v -2.78512 -9.464808 45.32163
v -3.54671 -8.610818 45.44987
v -3.772224 -9.111814 44.15771
v -4.528042 -8.151064 44.25652
v -4.192623 -7.59892 45.7111
v -4.825391 -6.645021 45.67454
v -5.208194 -7.144253 44.28468
v -5.737529 -6.060059 44.3775
v -5.239255 -5.540335 45.89076
v -5.636202 -4.516449 45.79293
v -6.14106 -4.975402 44.39301
v -6.217227 -3.771555 44.41321
v -5.715951 -3.401415 45.78426
v -5.441197 -2.207228 45.78426
v -5.920367 -2.441502 44.41321
v -5.437747 -1.178179 44.41321
v -4.992025 -1.072955 45.78426
v -4.38175 -0.02562046 45.78426
v -4.783839 -0.01168609 44.41321
v -3.972956 1.027879 44.41321
v -3.623606 0.9077525 45.78426
v -2.738005 1.705714 45.78426
v -3.026959 1.916628 44.41321
v -1.967514 2.630674 44.41321
v -1.74526 2.34682 45.78426
v -0.6708634 2.817299 45.78426
v -0.8217025 3.154681 44.41321
v 0.3835499 3.473313 44.41321
v 0.459764 3.103383 45.78426
v 1.618493 3.200326 45.78426
v 1.618493 3.581285 44.41321
v 2.853435 3.473313 44.41321
v 2.777221 3.103383 45.78426
v 3.907849 2.817299 45.78426
v 4.058688 3.154682 44.41321
v 5.2045 2.630675 44.41321
v 4.982245 2.346821 45.78426
v 5.974993 1.705716 45.78426
v 6.263946 1.916628 44.41321
v 7.209944 1.02788 44.41321
v 6.860594 0.9077537 45.78426
v 7.591916 -0.0255084 45.8494
v 8.014115 -0.01198649 44.4295
v 8.647689 -1.176937 44.47835
v 8.121053 -1.063029 46.04483
v 9.729482 -4.404652 41.39434
v 9.417044 -2.94399 41.39435
v 9.747392 -4.217606 42.90576
v 9.435555 -2.776297 42.90576
v 9.659878 -5.465395 42.89098
v 9.648217 -5.644164 41.39435
v 9.219609 -6.686189 41.39434
v 9.21964 -6.535826 42.86479
v 8.618299 -7.580059 42.83925
v 8.629059 -7.702718 41.39435
v 7.910784 -8.668242 41.39434
v 7.891103 -8.571901 42.81499
v 7.075616 -9.487724 42.79258
v 7.101537 -9.559765 41.39435
v 6.230816 -10.35428 41.39434
v 6.201891 -10.3039 42.77262
v 2.47695 -13.02655 41.87872
v 2.49956 -13.0869 42.96549
v -1.164953 -11.57926 41.39434
v -1.140174 -11.56226 42.74184
v -2.059621 -11.00166 42.75555
v -2.088122 -11.03353 41.39435
v -2.993833 -10.35428 41.39434
v -2.964907 -10.3039 42.77262
v -3.838631 -9.487727 42.79258
v -3.864553 -9.559765 41.39435
v -4.673802 -8.668242 41.39434
v -4.654119 -8.571904 42.81499
v -5.381315 -7.580061 42.83925
v -5.392076 -7.702718 41.39435
v -5.982629 -6.686189 41.39434
v -5.982658 -6.535826 42.86479
v -6.422895 -5.465395 42.89098
v -6.411234 -5.644164 41.39435
v -6.492497 -4.404652 41.39434
v -6.510405 -4.217606 42.90576
v -6.198567 -2.776299 42.90576
v -6.180057 -2.943991 41.39435
v -5.676225 -1.556611 41.39434
v -5.69469 -1.407304 42.90576
v -5.01408 -0.1432383 42.90576
v -4.996368 -0.2755702 41.39435
v -4.155568 0.8660793 41.39434
v -4.17178 0.9832811 42.90576
v -3.190542 1.946371 42.90576
v -3.17654 1.842102 41.39435
v -2.081656 2.626268 41.39434
v -2.092794 2.720144 42.90576
v -0.9064555 3.287983 42.90576
v -0.8987117 3.20173 41.39435
v 0.3447807 3.551652 41.39434
v 0.340811 3.633267 42.90576
v 1.618493 3.750271 42.90576
v 1.618493 3.670226 41.39435
v 2.892203 3.551652 41.39434
v 2.896173 3.633267 42.90576
v 4.14344 3.287983 42.90576
v 4.135696 3.20173 41.39435
v 5.31864 2.626268 41.39434
v 5.329779 2.720145 42.90576
v 6.427528 1.946372 42.90576
v 6.413525 1.842103 41.39435
v 7.392553 0.8660817 41.39434
v 7.408768 0.9832835 42.90576
v 8.251067 -0.1432371 42.90576
v 8.233355 -0.275569 41.39435
v 8.913213 -1.556609 41.39434
v 8.931679 -1.407303 42.90576
v 9.008819 -2.694081 40.01143
v 9.301211 -4.02442 40.01143
v 9.270653 -5.200629 40.01143
v 8.959733 -6.249707 40.01143
v 8.484966 -7.273109 40.01143
v 7.870265 -8.245168 40.01143
v 7.143945 -9.142718 40.01143
v 6.329566 -9.942608 40.01143
v 2.565879 -12.22022 40.33544
v -1.289421 -11.17587 40.01143
v -2.214061 -10.62645 40.01143
v -3.092583 -9.942608 40.01143
v -3.906962 -9.142718 40.01143
v -4.633281 -8.245168 40.01143
v -5.247984 -7.273109 40.01143
v -5.722751 -6.249707 40.01143
v -6.033669 -5.200629 40.01143
v -6.064226 -4.024422 40.01143
v -5.771833 -2.694082 40.01143
v -5.297537 -1.430488 40.01143
v -4.655629 -0.2637446 40.01143
v -3.86021 0.7760441 40.01143
v -2.932738 1.664984 40.01143
v -1.894438 2.379184 40.01143
v -0.771805 2.903304 40.01143
v 0.4088545 3.222004 40.01143
v 1.618493 3.329999 40.01143
v 2.82813 3.222004 40.01143
v 4.00879 2.903304 40.01143
v 5.131422 2.379185 40.01143
v 6.169723 1.664985 40.01143
v 7.097195 0.7760453 40.01143
v 7.892615 -0.2637422 40.01143
v 8.534523 -1.430486 40.01143
v 4.624749 -8.993392 36.46955
v 11.73071 3.781699 23.37481
v 13.22286 2.72902 20.01738
v 12.11677 2.095807 23.37481
v -9.877946 2.734503 20.00542
v -8.743312 2.095807 23.37481
v -8.357248 3.781698 23.37481
v -9.450413 4.6017 20.00564
v -8.747312 6.374899 20.00601
v -7.722347 5.383006 23.37481
v -6.857189 6.861579 23.37481
v -7.789221 8.011761 20.0065
v -6.596719 9.469951 20.00712
v -5.780357 8.179265 23.37481
v -4.520792 9.305787 23.37481
v -3.107436 10.21087 23.37481
v -1.576759 10.87507 23.37481
v 0.03477216 11.27894 23.37481
v 1.686728 11.4158 23.37481
v 3.338684 11.27894 23.37481
v 4.950215 10.87507 23.37481
v 6.480893 10.21087 23.37481
v 7.89425 9.305788 23.37481
v 9.941636 9.45549 20.01568
v 9.153816 8.179268 23.37481
v 10.23065 6.861581 23.37481
v 11.09581 5.383008 23.37481
v 14.59198 3.616475 13.45998
v 14.06516 3.270814 16.56859
v 14.22114 1.223091 16.56889
v 14.75518 1.480986 13.46054
v 14.59198 -0.654428 13.45998
v 14.06516 -0.8245659 16.56859
v -10.80587 3.292749 16.52076
v -10.34557 5.305957 16.52164
v -9.588594 7.216873 16.5231
v -8.557085 8.979622 16.52508
v -7.2732 10.54832 16.52755
v 10.53249 10.49047 16.5618
v 14.75163 3.661287 11.12307
v 14.91724 1.493685 11.12381
v 14.75162 -0.6739473 11.12307
v -1.55938 -13.98028 10.08074
v -11.61561 -0.8659554 9.065427
v -11.65614 -0.718962 11.00588
v -4.521414 14.01507 11.03754
v -11.18618 -1.203632 5.356987
v -11.44261 -1.034287 7.189237
v -11.60609 1.165434 7.188733
v -11.34714 0.9638321 5.356774
v -11.18618 3.131343 5.356987
v -11.44261 3.365266 7.189237
v 7.582723 13.57665 7.247922
v 13.89887 2.647963 1.984567
v 14.2423 2.88041 3.559402
v 13.77707 4.943166 3.559197
v 14.39994 0.7660437 3.559471
v 14.05208 0.5967486 1.984584
v 13.89886 -1.454469 1.984567
v 14.24229 -1.348337 3.559402
v -10.46427 -1.455801 2.111727
v -10.89536 -1.353664 3.548351
v -11.05301 0.7648122 3.548282
v -10.56995 0.596441 1.990225
v -10.39627 2.648686 1.900536
v -10.89536 2.883304 3.548351
v -2.443686 14.05403 4.62911
v 13.01197 6.902714 3.558861
v 12.85809 2.289517 0.2190347
v 13.43159 2.455024 0.875816
v 13.5789 0.486784 0.875816
v 12.99821 0.4207301 0.2190347
v 12.85809 -1.448057 0.2190347
v 13.43159 -1.481456 0.875816
v 5.084261 -11.71892 0.00010755
v 5.016731 -11.06333 0.00010755
v 6.143471 -11.20128 0.00010755
v 6.201802 -10.591 0.00010755
v 3.456098 -11.56927 0.00010755
v 3.546932 -12.70398 0.00010755
v -1.040715 -12.16337 0.00010755
v -0.7491422 -11.39631 0.00010755
v -9.484634 -1.448057 0.2190347
v -10.01301 -1.481456 0.8758161
v -10.12642 0.486784 0.8758161
v -9.624754 0.4207301 0.2190347
v -9.484634 2.289517 0.2190347
v -9.969085 2.455022 0.8758161
v 4.975575 11.95077 0.2777213
v 11.45941 1.992826 0.00010755
v 11.09768 3.585006 0.00010755
v 12.19598 2.13937 0.00010755
v 11.80699 3.852594 0.00010755
v 12.3278 0.3831708 0.00010755
v 11.58198 0.360707 0.00010755
v 11.4594 -1.271412 0.00010755
v 12.19598 -1.37303 0.00010755
v 11.80699 -3.086252 0.00010755
v 11.09767 -2.863591 0.00010755
v 10.50279 -4.375887 0.00010755
v 11.16726 -4.713521 0.00010755
v 10.29554 -6.216063 0.00010755
v 9.692155 -5.772271 0.00010755
v 8.683192 -7.016711 0.00010755
v 9.210523 -7.555113 0.00010755
v 7.957627 -8.732665 0.00010755
v 7.50707 -8.088806 0.00010755
v 6.194969 -8.968151 0.00010755
v 6.582242 -9.750719 0.00010755
v 4.991235 -10.32738 0.00010755
v 4.748588 -9.570851 0.00010755
v 3.234568 -9.944086 0.00010755
v 3.351231 -10.70504 0.00010755
v 1.681134 -10.88057 0.00010755
v 1.68533 -10.08245 0.00010755
v 0.1332939 -9.980536 0.00010755
v -0.0001514 -10.85084 0.00010755
v -1.607138 -10.33106 0.00010755
v -1.372472 -9.571772 0.00010755
v -2.805278 -8.935382 0.00010755
v -3.143847 -9.619648 0.00010755
v -4.567937 -8.699896 0.00010755
v -4.129556 -8.080614 0.00010755
v -5.309736 -7.016711 0.00010755
v -5.837069 -7.555113 0.00010755
v -6.922081 -6.216063 0.00010755
v -6.3187 -5.772271 0.00010755
v -7.129332 -4.375887 0.00010755
v -7.79381 -4.713521 0.00010755
v -8.433534 -3.086252 0.00010755
v -7.724218 -2.863591 0.00010755
v -8.085949 -1.271412 0.00010755
v -8.822528 -1.37303 0.00010755
v -8.954344 0.3831697 0.00010755
v -8.208526 0.360707 0.00010755
v -8.085949 1.992826 0.00010755
v -8.822529 2.13937 0.00010755
v -8.433534 3.852594 0.00010755
v -7.724218 3.585005 0.00010755
v -7.129332 5.097302 0.00010755
v -7.793809 5.479861 0.00010755
v -6.922081 6.982405 0.00010755
v -6.318701 6.493686 0.00010755
v -5.309737 7.738128 0.00010755
v -5.83707 8.321454 0.00010755
v -4.552844 9.475181 0.00010755
v -4.128082 8.810844 0.00010755
v -3.02235 10.36044 0.00010762
v -2.763635 9.656191 0.00010762
v 4.977127 11.44462 0.07836988
v 5.478908 11.12291 0.0714038
v 6.294528 10.43383 0.00010755
v 7.885703 9.478199 0.00010755
v 7.518529 8.789412 0.00010755
v 6.240789 9.606326 0.00010755
v 8.683196 7.738129 0.00010755
v 9.210531 8.321456 0.00010755
v 10.29554 6.982408 0.00010755
v 9.69216 6.493689 0.00010755
v 10.50279 5.097305 0.00010755
v 11.16727 5.479863 0.00010755
v 9.810306 1.676252 0.00010755
v 9.509617 2.998331 0.00010755
v 10.66248 1.83813 0.00010755
v 10.33025 3.299651 0.00010755
v 10.77506 0.3399456 0.00010755
v 9.912196 0.3210068 0.00010755
v 9.810303 -1.034236 0.00010755
v 10.66248 -1.158237 0.00010755
v 10.33025 -2.619758 0.00010755
v 9.509612 -2.356315 0.00010755
v 9.015111 -3.612063 0.00010755
v 9.78387 -4.007952 0.00010755
v 9.039346 -5.289745 0.00010755
v 8.341271 -4.771562 0.00010755
v 7.502567 -5.804892 0.00010755
v 8.112656 -6.432064 0.00010755
v 7.028717 -7.408659 0.00010755
v 6.521536 -6.688313 0.00010755
v 5.420724 -7.398076 0.00010755
v 5.812427 -8.193283 0.00010755
v 4.495177 -8.769088 0.00010755
v 4.228537 -7.918942 0.00010755
v 2.973377 -8.235664 0.00010755
v 3.108348 -9.119213 0.00010755
v 1.686728 -9.237857 0.00010755
v 1.686728 -8.342988 0.00010755
v 0.4000807 -8.235664 0.00010755
v 0.2651083 -9.119213 0.00010755
v -1.121721 -8.769085 0.00010755
v -0.8550811 -7.918942 0.00010755
v -2.047269 -7.398076 0.00010755
v -2.438972 -8.193283 0.00010755
v -3.655261 -7.408659 0.00010755
v -3.14808 -6.688313 0.00010755
v -4.129109 -5.804894 0.00010755
v -4.739201 -6.432064 0.00010755
v -5.665888 -5.289745 0.00010755
v -4.967815 -4.771562 0.00010755
v -5.641655 -3.612063 0.00010755
v -6.410415 -4.007952 0.00010755
v -6.956792 -2.619759 0.00010755
v -6.136158 -2.356315 0.00010755
v -6.436848 -1.034237 0.00010755
v -7.289025 -1.158239 0.00010755
v -7.401606 0.3399456 0.00010755
v -6.53874 0.3210068 0.00010755
v -6.436848 1.676251 0.00010755
v -7.289025 1.838129 0.00010755
v -6.956792 3.29965 0.00010755
v -6.136158 2.998329 0.00010755
v -5.641656 4.254078 0.00010755
v -6.410416 4.687843 0.00010755
v -5.665889 5.969638 0.00010755
v -4.967816 5.413578 0.00010755
v -4.129111 6.446909 0.00010755
v -4.739202 7.111957 0.00010755
v -3.61008 8.144075 0.00010755
v -3.136786 7.34421 0.00010755
v -1.316527 9.310055 0.00010762
v -2.24984 9.086829 0.00010762
v -1.044481 8.507549 0.00010762
v -2.00209 8.095616 0.00010755
v -0.4278576 8.69252 0.00010762
v -0.7954836 9.357327 0.00010762
v 5.803922 8.881046 0.00010755
v 7.026592 8.090521 0.00010755
v 6.531612 7.334195 0.00010755
v 5.461017 8.055555 0.00010755
v 7.502569 6.44691 0.00010755
v 8.112661 7.111958 0.00010755
v 9.039351 5.96964 0.00010755
v 8.341275 5.413579 0.00010755
v 9.015115 4.254079 0.00010755
v 9.783877 4.687846 0.00010755
v 7.961174 1.33491 0.00010755
v 7.728931 2.355161 0.00010755
v 8.907968 1.508166 0.00010755
v 8.640677 2.682848 0.00010755
v 8.998538 0.3040147 0.00010755
v 8.039871 0.289067 0.00010755
v 7.961174 -0.7567763 0.00010755
v 8.907963 -0.900135 0.00010755
v 8.640674 -2.074817 0.00010755
v 7.728926 -1.777025 0.00010755
v 7.346987 -2.746087 0.00010755
v 8.2011 -3.190565 0.00010755
v 7.602106 -4.220793 0.00010755
v 6.826528 -3.640873 0.00010755
v 6.178733 -4.438295 0.00010755
v 6.856562 -5.138919 0.00010755
v 5.984503 -5.923848 0.00010755
v 5.421013 -5.120032 0.00010755
v 4.570774 -5.667758 0.00010755
v 5.005966 -6.554484 0.00010755
v 3.946202 -7.017279 0.00010755
v 3.649957 -6.06971 0.00010755
v 2.680503 -6.314125 0.00010755
v 2.830459 -7.298689 0.00010755
v 1.686728 -7.394049 0.00010755
v 1.686728 -6.396947 0.00010755
v 0.6929541 -6.314125 0.00010755
v 0.5429971 -7.298689 0.00010755
v -0.5727458 -7.017279 0.00010755
v -0.2765012 -6.06971 0.00010755
v -1.197318 -5.667758 0.00010755
v -1.63251 -6.554484 0.00010755
v -2.611047 -5.923851 0.00010755
v -2.047557 -5.120032 0.00010755
v -2.805278 -4.438298 0.00010755
v -3.483106 -5.138922 0.00010755
v -4.228652 -4.220793 0.00010755
v -3.453074 -3.640875 0.00010755
v -3.973531 -2.746087 0.00010755
v -4.827644 -3.190565 0.00010755
v -5.267218 -2.074819 0.00010755
v -4.355471 -1.777025 0.00010755
v -4.587717 -0.7567763 0.00010755
v -5.534509 -0.900135 0.00010755
v -5.625083 0.3040147 0.00010755
v -4.666417 0.289067 0.00010755
v -4.587717 1.33491 0.00010755
v -5.534509 1.508164 0.00010755
v -5.267218 2.682848 0.00010755
v -4.355472 2.35516 0.00010755
v -3.973531 3.324221 0.00010755
v -4.827644 3.798594 0.00010755
v -4.228652 4.828824 0.00010755
v -3.453074 4.219009 0.00010755
v -2.805279 5.016432 0.00010755
v -3.483107 5.746951 0.00010755
v -2.611047 6.531881 0.00010755
v -2.047557 5.698168 0.00010755
v -1.197318 6.245894 0.00010755
v -1.63251 7.162516 0.00010755
v -0.6977201 7.623629 0.00010755
v -0.3379858 6.651492 0.00010762
v 0.447017 6.906843 0.00010762
v 0.04310131 7.899994 0.00010762
v 3.970885 7.35486 0.00010755
v 3.365242 7.286373 0.00010762
v 3.705217 6.584898 0.00010755
v 3.01055 6.755828 0.00010762
v 4.788655 7.424161 0.00010755
v 5.930177 6.597293 0.00010755
v 5.407432 5.714521 0.00010755
v 4.516448 6.311306 0.00010755
v 6.178738 5.016433 0.00010755
v 6.856567 5.746952 0.00010755
v 7.602111 4.828825 0.00010755
v 6.826533 4.21901 0.00010755
v 7.346989 3.324223 0.00010755
v 8.201104 3.798597 0.00010755
v 5.957545 0.9770894 0.00010755
v 5.799464 1.671095 0.00010755
v 6.975638 1.157525 0.00010755
v 6.779872 2.017221 0.00010755
v 7.041975 0.2762628 0.00010755
v 6.011113 0.2656734 0.00010755
v 5.957545 -0.4457414 0.00010755
v 6.975638 -0.6049991 0.00010755
v 6.779872 -1.464695 0.00010755
v 5.799462 -1.139747 0.00010755
v 5.539488 -1.798933 0.00010755
v 6.457921 -2.281259 0.00010755
v 6.019214 -3.035237 0.00010755
v 5.185229 -2.407595 0.00010755
v 4.744295 -2.950027 0.00010755
v 5.473169 -3.70717 0.00010755
v 4.834464 -4.281623 0.00010755
v 4.228537 -3.413765 0.00010755
v 3.649807 -3.786345 0.00010755
v 4.117773 -4.743156 0.00010755
v 3.34159 -5.081854 0.00010755
v 3.023037 -4.059765 0.00010755
v 2.363158 -4.226024 0.00010755
v 2.524409 -5.287807 0.00010755
v 1.686728 -5.357594 0.00010755
v 1.686728 -4.282362 0.00010755
v 1.010298 -4.226024 0.00010755
v 0.8490479 -5.287807 0.00010755
v 0.03186584 -5.081854 0.00010755
v 0.3504193 -4.059768 0.00010755
v -0.276351 -3.786347 0.00010755
v -0.7443166 -4.743156 0.00010755
v -1.461006 -4.281626 0.00010755
v -0.8550811 -3.413765 0.00010755
v -1.370839 -2.950027 0.00010755
v -2.099713 -3.70717 0.00010755
v -2.645758 -3.035237 0.00010755
v -1.811773 -2.407596 0.00010755
v -2.166032 -1.798934 0.00010755
v -3.084466 -2.281259 0.00010755
v -3.406415 -1.464696 0.00010755
v -2.426006 -1.139747 0.00010755
v -2.584089 -0.4457414 0.00010755
v -3.602182 -0.6049991 0.00010755
v -3.668519 0.2762628 0.00010755
v -2.637657 0.2656734 0.00010755
v -2.584089 0.9770894 0.00010755
v -3.602182 1.157525 0.00010755
v -3.406415 2.017221 0.00010755
v -2.426006 1.671095 0.00010755
v -2.166032 2.330282 0.00010755
v -3.084466 2.833785 0.00010755
v -2.645758 3.587762 0.00010755
v -1.811773 2.938943 0.00010755
v -1.370839 3.481376 0.00010755
v -2.099713 4.259697 0.00010755
v -1.461008 4.834151 0.00010755
v -0.8550811 3.945115 0.00010755
v -0.276351 4.317696 0.00010755
v -0.7443166 5.295684 0.00010755
v 0.06443739 5.676235 0.00010755
v 0.3585625 4.601579 0.00010755
v 1.701504 5.853181 0.00010762
v 0.9793329 6.007745 0.00010762
v 1.690422 4.799478 0.00010755
v 1.042869 4.799227 0.00010755
v 2.453228 6.057712 0.00010755
v 3.323796 5.688727 0.00010755
v 3.018588 4.604702 0.00010755
v 2.345364 4.811718 0.00010755
v 3.649808 4.317696 0.00010755
v 4.117774 5.295684 0.00010755
v 4.834465 4.834151 0.00010755
v 4.228538 3.945115 0.00010755
v 4.744297 3.481376 0.00010755
v 5.473171 4.259698 0.00010755
v 6.019217 3.587763 0.00010755
v 5.185231 2.938944 0.00010755
v 5.53949 2.330282 0.00010755
v 6.457926 2.833786 0.00010755
v 4.793659 1.318845 0.00010755
v 4.913081 0.7946825 0.00010755
v 4.953548 0.2573729 0.00010755
v 4.91308 -0.2799368 0.00010755
v 4.793657 -0.8040988 0.00010755
v 4.597262 -1.301962 0.00010755
v 4.329641 -1.761665 0.00010755
v 3.996542 -2.171347 0.00010755
v 3.606917 -2.521595 0.00010755
v 3.169719 -2.802994 0.00010755
v 2.69623 -3.009499 0.00010755
v 2.197732 -3.13507 0.00010755
v 1.686728 -3.17762 0.00010755
v 1.175724 -3.13507 0.00010755
v 0.6772256 -3.009501 0.00010755
v 0.203737 -2.802994 0.00010755
v -0.2334607 -2.521595 0.00010755
v -0.6230843 -2.171348 0.00010755
v -0.9561837 -1.761665 0.00010755
v -1.223806 -1.301962 0.00010755
v -1.420201 -0.8040988 0.00010755
v -1.539624 -0.279938 0.00010755
v -1.580092 0.2573729 0.00010755
v -1.539624 0.7946825 0.00010755
v -1.420201 1.318845 0.00010755
v -1.223806 1.816708 0.00010755
v -0.9561849 2.276411 0.00010755
v -0.6230843 2.686094 0.00010755
v -0.2334607 3.036342 0.00010755
v 0.203737 3.31774 0.00010755
v 0.6772256 3.524246 0.00010755
v 1.175724 3.649817 0.00010755
v 1.686728 3.692367 0.00010755
v 2.197733 3.649817 0.00010755
v 2.696232 3.524246 0.00010755
v 3.16972 3.31774 0.00010755
v 3.606918 3.036342 0.00010755
v 3.996543 2.686095 0.00010755
v 4.329642 2.276412 0.00010755
v 4.597265 1.816709 0.00010755
v 5.223724 -3.353785 51.08504
v 4.496531 -3.408802 50.84033
v 6.552216 -3.280097 53.26615
v 7.729522 -3.164576 53.49181
v 7.325174 -3.428743 54.02168
v -2.931699 -5.599926 51.51229
v -1.479915 -3.947387 51.47662
v -2.656912 -4.483175 52.38624
v -1.30996 -4.114945 51.57275
v 3.890661 -2.55796 51.11294
v 4.115267 -2.207754 50.96939
v 3.381711 -2.573916 51.16519
v 5.334896 -2.62675 52.26054
v 7.839874 -2.442675 51.32971
v -4.023737 -6.703815 54.33265
v 0.5332327 -4.15626 50.33868
vn -0.00445 0.01292 -0.99991
vn -0.00035 0.02117 -0.99978
vn -0.00079 0.04709 -0.99889
vn 0.00951 0.03745 -0.99925
vn 0.01121 0.04982 -0.9987
vn 8E-05 0.04191 -0.99912
vn -0.00616 0.01979 -0.99979
vn -0.00623 0.0093 -0.99994
vn -0.00421 0.00685 -0.99997
vn -0.00579 0.01079 -0.99993
vn 0.69379 0.12076 -0.70998
vn 0.71758 0.08505 -0.69126
vn 0.78604 0.08944 -0.61167
vn 0.81489 0.05402 -0.57709
vn 0.80551 -0.0157 -0.59238
vn 0.77319 0.01593 -0.63398
vn 0.70428 0.00097 -0.70992
vn 0.67865 0.03475 -0.73364
vn 0.66526 -0.05532 -0.74456
vn 0.69327 -0.08696 -0.71541
vn 0.80101 -0.0615 -0.59549
vn 0.76199 -0.08589 -0.64187
vn 0.79528 -0.13529 -0.59095
vn 0.75755 -0.1651 -0.63155
vn 0.65226 -0.17788 -0.73683
vn 0.68805 -0.14441 -0.71115
vn 0.64476 -0.27501 -0.7132
vn 0.68096 -0.23649 -0.69309
vn 0.791 -0.21161 -0.57405
vn 0.75126 -0.24981 -0.6109
vn 0.78883 -0.28718 -0.54339
vn 0.75073 -0.32891 -0.5729
vn 0.63843 -0.37223 -0.67368
vn 0.67569 -0.32954 -0.65943
vn 0.63398 -0.46927 -0.6147
vn 0.672 -0.422 -0.60855
vn 0.78738 -0.36163 -0.49925
vn 0.7469 -0.41254 -0.52149
vn 0.78724 -0.43223 -0.43981
vn 0.7486 -0.48445 -0.45268
vn 0.62943 -0.56117 -0.5375
vn 0.66897 -0.5112 -0.53958
vn 0.62526 -0.64513 -0.43916
vn 0.66607 -0.59331 -0.45204
vn 0.78644 -0.49667 -0.36719
vn 0.74443 -0.55628 -0.3693
vn 0.78434 -0.57071 -0.24312
vn 0.74248 -0.59904 -0.29978
vn 0.61939 -0.71543 -0.32331
vn 0.66225 -0.66446 -0.34628
vn 0.61406 -0.75413 -0.23285
vn 0.6541 -0.73519 -0.17792
vn 0.78311 -0.59455 -0.18233
vn 0.73836 -0.65491 -0.161
vn 0.7771 -0.62853 -0.03256
vn 0.73434 -0.67447 -0.07639
vn 0.64643 -0.76176 -0.04316
vn 0.60609 -0.78986 -0.09369
vn 0.59654 -0.8017 0.03751
vn 0.63921 -0.76593 0.06905
vn 0.73218 -0.68035 0.03223
vn 0.77393 -0.63094 0.05424
vn 0.77186 -0.62377 0.12304
vn 0.72641 -0.67829 0.11069
vn 0.63649 -0.75561 0.15472
vn 0.59184 -0.79464 0.13515
vn 0.59424 -0.76469 0.24925
vn 0.6378 -0.74163 0.20785
vn 0.77331 -0.61184 0.16626
vn 0.72912 -0.6523 0.20709
vn 0.77846 -0.58284 0.233
vn 0.73787 -0.61495 0.2782
vn 0.6024 -0.72306 0.33807
vn 0.64402 -0.70654 0.29332
vn 0.617 -0.66439 0.42178
vn 0.65562 -0.65582 0.37424
vn 0.78659 -0.54135 0.29701
vn 0.74673 -0.56642 0.34865
vn 0.79823 -0.48734 0.35402
vn 0.76278 -0.503 0.40639
vn 0.6356 -0.59073 0.49703
vn 0.67174 -0.58993 0.44805
vn 0.81162 -0.4225 0.40346
vn 0.77737 -0.42829 0.46071
vn 0.82706 -0.34675 0.44242
vn 0.79739 -0.3426 0.49678
vn 0.68364 -0.39763 0.61199
vn 0.71401 -0.41487 0.56398
vn 0.65891 -0.50031 0.56172
vn 0.69171 -0.50909 0.51221
vn 0.84223 -0.26409 0.47
vn 0.81327 -0.24893 0.52595
vn 0.8575 -0.17513 0.48376
vn 0.83269 -0.15064 0.53286
vn 0.73442 -0.16291 0.65885
vn 0.76011 -0.19725 0.61913
vn 0.7099 -0.28291 0.64498
vn 0.73735 -0.30987 0.60025
vn 0.8708 -0.08488 0.48426
vn 0.84556 -0.05099 0.53143
vn 0.88658 0.03894 0.46094
vn 0.85535 0.01982 0.51767
vn 0.77612 0.07703 0.62586
vn 0.79896 0.03127 0.60058
vn 0.7572 -0.04089 0.65191
vn 0.78094 -0.08227 0.61916
vn 0.89234 0.08681 0.44294
vn 0.86942 0.12828 0.47713
vn 0.89595 0.16471 0.41249
vn 0.87413 0.20809 0.43887
vn 0.80085 0.24675 0.54566
vn 0.82499 0.21164 0.52402
vn 0.79125 0.17244 0.58668
vn 0.81368 0.13245 0.56603
vn 0.81154 0.36188 0.45875
vn 0.82555 0.30658 0.47378
vn 0.87807 0.27959 0.38835
vn 0.8504 0.34186 0.39994
vn 0.83184 0.43108 0.34958
vn 0.79979 0.49767 0.33563
vn 0.79152 0.51169 0.33417
vn 0.8106 0.45406 0.36981
vn 0.87877 0.32259 0.35172
vn 0.90625 0.26912 0.32602
vn 0.90946 0.30425 0.2834
vn 0.8679 0.37221 0.32896
vn 0.79744 0.43658 0.4165
vn 0.77009 0.49473 0.40276
vn 0.79681 0.49755 0.34284
vn 0.83959 0.42566 0.3375
vn 0.87052 0.40019 0.28642
vn 0.8321 0.46191 0.30699
vn 0.83236 0.49622 0.24685
vn 0.78547 0.54642 0.29063
vn 0.75446 0.53738 0.37685
vn 0.78436 0.4778 0.39558
vn 0.88791 0.40817 0.21216
vn 0.91212 0.36366 0.18916
vn 0.91501 0.37665 0.14457
vn 0.8919 0.4279 0.14634
vn 0.85405 0.48704 0.18272
vn 0.82335 0.52517 0.21515
vn 0.81955 0.52685 0.22532
vn 0.8495 0.48217 0.21414
vn 0.90889 0.40468 0.1008
vn 0.8849 0.45627 0.09361
vn 0.90755 0.41967 0.01519
vn 0.88569 0.46297 0.03492
vn 0.83722 0.54662 0.0165
vn 0.85507 0.51577 0.05319
vn 0.81079 0.54456 0.21466
vn 0.83296 0.53629 0.13625
vn 0.83108 0.53051 0.16692
vn 0.85232 0.50325 0.14246
vn 0.88894 0.45609 -0.04193
vn 0.90699 0.41616 -0.06464
vn 0.90097 0.40203 -0.16316
vn 0.88135 0.4502 -0.14331
vn 0.83683 0.50918 -0.20112
vn 0.82068 0.54372 -0.17564
vn 0.82732 0.55739 -0.06965
vn 0.84628 0.52419 -0.09502
vn 0.80769 0.51552 -0.28613
vn 0.82343 0.4766 -0.30792
vn 0.87313 0.4226 -0.24302
vn 0.89161 0.37549 -0.25304
vn 0.87938 0.33934 -0.33398
vn 0.8587 0.38979 -0.33271
vn 0.80694 0.43052 -0.40436
vn 0.79134 0.47083 -0.39001
vn 0.77158 0.41505 -0.48208
vn 0.78835 0.37479 -0.48789
vn 0.84532 0.34024 -0.41191
vn 0.8662 0.29436 -0.40381
vn 0.85203 0.24247 -0.46396
vn 0.82821 0.28936 -0.47993
vn 0.76924 0.31101 -0.55816
vn 0.75143 0.35103 -0.55869
vn 0.73065 0.27946 -0.62294
vn 0.75049 0.2408 -0.61545
vn 0.81387 0.22579 -0.53538
vn 0.8386 0.1843 -0.51263
vn 0.82588 0.12176 -0.55054
vn 0.79783 0.16209 -0.58068
vn 0.73317 0.16532 -0.65964
vn 0.71171 0.20285 -0.67255
vn 0.64946 0.14037 -0.74733
vn 0.63188 0.1003 -0.76855
vn 0.63967 0.13685 -0.75637
vn 0.6461 0.10181 -0.75643
vn 0.62843 0.00986 -0.7778
vn 0.62065 0.04131 -0.783
vn 0.60977 0.00235 -0.79257
vn 0.62745 0.0263 -0.77821
vn 0.60259 -0.05461 -0.79618
vn 0.61284 -0.08597 -0.78552
vn 0.60491 -0.15096 -0.78186
vn 0.58126 -0.19039 -0.79113
vn 0.55978 -0.21385 -0.80057
vn 0.57389 -0.1828 -0.79827
vn 0.60329 -0.06932 -0.7945
vn 0.5882 -0.09481 -0.80314
vn 0.52919 -0.31487 -0.78792
vn 0.52184 -0.33609 -0.78405
vn 0.59133 -0.25545 -0.7649
vn 0.56247 -0.30013 -0.77042
vn 0.5776 -0.36186 -0.73174
vn 0.54363 -0.40822 -0.73336
vn 0.48648 -0.4396 -0.75504
vn 0.47908 -0.42872 -0.76595
vn 0.43578 -0.55486 -0.70868
vn 0.47239 -0.50917 -0.71944
vn 0.56575 -0.4654 -0.68068
vn 0.52854 -0.5123 -0.6769
vn 0.5567 -0.56571 -0.60832
vn 0.51743 -0.61381 -0.59623
vn 0.41491 -0.65138 -0.63526
vn 0.45261 -0.60609 -0.65406
vn 0.40266 -0.72015 -0.56502
vn 0.43235 -0.74111 -0.51364
vn 0.54889 -0.66063 -0.51214
vn 0.50759 -0.70871 -0.48997
vn 0.5365 -0.76932 -0.34685
vn 0.4997 -0.76631 -0.40382
vn 0.41838 -0.82598 -0.37777
vn 0.38685 -0.81341 -0.43441
vn 0.48871 -0.83228 -0.26168
vn 0.52665 -0.82527 -0.20388
vn 0.51548 -0.85541 -0.0506
vn 0.47664 -0.87268 -0.10599
vn 0.38952 -0.91933 -0.05569
vn 0.35522 -0.92773 -0.11465
vn 0.37091 -0.88481 -0.28203
vn 0.40398 -0.88727 -0.22259
vn 0.46457 -0.88458 0.04108
vn 0.50545 -0.85926 0.07867
vn 0.50122 -0.84713 0.17652
vn 0.45762 -0.87613 0.1516
vn 0.3723 -0.90818 0.19131
vn 0.33309 -0.92875 0.16268
vn 0.34109 -0.939 0.04399
vn 0.37753 -0.92205 0.08539
vn 0.33315 -0.90502 0.26448
vn 0.37488 -0.87879 0.29529
vn 0.45805 -0.85384 0.24727
vn 0.50399 -0.8195 0.27277
vn 0.50949 -0.79229 0.33571
vn 0.46937 -0.79719 0.37972
vn 0.34533 -0.84532 0.40765
vn 0.38083 -0.84962 0.36485
vn 0.36399 -0.77871 0.51101
vn 0.39635 -0.79002 0.46773
vn 0.5233 -0.73607 0.42937
vn 0.48604 -0.73368 0.47485
vn 0.54321 -0.66237 0.51594
vn 0.50903 -0.65202 0.56192
vn 0.39021 -0.69267 0.60658
vn 0.41924 -0.7116 0.5638
vn 0.56827 -0.57127 0.59222
vn 0.5372 -0.55248 0.63732
vn 0.59703 -0.46396 0.65444
vn 0.56896 -0.43663 0.69688
vn 0.46069 -0.46308 0.75718
vn 0.48313 -0.49792 0.72018
vn 0.42296 -0.58702 0.69029
vn 0.44864 -0.61394 0.64946
vn 0.62771 -0.34311 0.69876
vn 0.60231 -0.30778 0.73654
vn 0.6583 -0.21306 0.72198
vn 0.63515 -0.17105 0.75321
vn 0.54204 -0.17637 0.82164
vn 0.55918 -0.22366 0.7983
vn 0.50121 -0.32428 0.80226
vn 0.52076 -0.3662 0.77117
vn 0.68699 -0.07944 0.72232
vn 0.66557 -0.03268 0.74562
vn 0.71234 0.05162 0.69994
vn 0.69221 0.10082 0.71462
vn 0.61555 0.11768 0.77926
vn 0.62956 0.06686 0.77407
vn 0.58076 -0.02654 0.81364
vn 0.59609 -0.0769 0.79923
vn 0.73247 0.16602 0.66025
vn 0.71191 0.2062 0.67132
vn 0.74566 0.24747 0.61866
vn 0.7243 0.27635 0.63168
vn 0.65083 0.29161 0.70099
vn 0.67454 0.27494 0.68513
vn 0.64141 0.23175 0.73136
vn 0.65647 0.19155 0.72963
vn 0.40338 -0.38374 0.83068
vn 0.69244 0.12662 0.71027
vn 0.64022 0.1745 0.74811
vn 0.7009 0.19828 0.68514
vn 0.7391 0.35337 0.57347
vn 0.73846 0.38109 0.55628
vn 0.73741 0.48894 0.46601
vn 0.74742 0.52348 0.40906
vn 0.77268 0.29964 0.55962
vn 0.78478 0.45697 0.41869
vn 0.75509 0.41244 0.50963
vn 0.78417 0.39108 0.48179
vn 0.78274 0.48297 0.3925
vn 0.74926 0.55138 0.36686
vn 0.72184 0.57249 0.38884
vn 0.72661 0.52562 0.44245
vn 0.77767 0.62749 -0.03858
vn 0.76176 0.64719 -0.02937
vn 0.73566 0.67584 -0.04521
vn 0.74942 0.66141 -0.03028
vn 0.52256 0.4345 -0.73358
vn 0.70882 0.5896 -0.38724
vn 0.59075 0.39159 -0.70546
vn 0.75515 0.56456 -0.3332
vn 0.81163 0.58269 0.04166
vn 0.79032 0.61269 0.00168
vn 0.38958 0.45373 -0.80147
vn 0.58318 0.69221 -0.42514
vn 0.65159 0.69827 -0.29638
vn 0.81144 0.56288 0.15729
vn 0.73063 0.67543 -0.0999
vn 0.74218 0.65614 -0.13658
vn 0.77242 0.62854 -0.09111
vn 0.78781 0.60407 -0.12023
vn 0.77934 0.5826 -0.23066
vn 0.76627 0.61035 -0.20075
vn 0.73274 0.63267 -0.25063
vn 0.72464 0.6545 -0.21571
vn 0.70978 0.6183 -0.33751
vn 0.71565 0.59055 -0.37296
vn 0.75243 0.57778 -0.31627
vn 0.7639 0.54472 -0.34603
vn 0.74385 0.49155 -0.45284
vn 0.73266 0.52684 -0.43087
vn 0.6926 0.53224 -0.48685
vn 0.68731 0.56309 -0.45884
vn 0.66327 0.49875 -0.55796
vn 0.66954 0.46659 -0.57794
vn 0.71013 0.46482 -0.52883
vn 0.72187 0.42839 -0.54349
vn 0.70112 0.35809 -0.6166
vn 0.68883 0.39543 -0.60758
vn 0.65576 0.40005 -0.64026
vn 0.64816 0.43473 -0.62522
vn 0.64933 0.36553 -0.6669
vn 0.65273 0.32154 -0.68597
vn 0.67175 0.31887 -0.66864
vn 0.68275 0.27996 -0.67489
vn 0.6648 0.19306 -0.72164
vn 0.65677 0.23189 -0.71756
vn 0.64841 0.21553 -0.73015
vn 0.6563 0.26667 -0.7058
vn 0.52758 0.17515 -0.83125
vn 0.56701 0.09958 -0.81767
vn 0.65013 0.15082 -0.7447
vn 0.64536 0.09082 -0.75846
vn 0.6179 -0.02093 -0.78598
vn 0.61749 0.00346 -0.78657
vn 0.52485 -0.03094 -0.85063
vn 0.46285 0.00452 -0.88642
vn 0.42724 -0.08544 -0.90009
vn 0.49334 -0.12135 -0.86133
vn 0.58667 -0.09074 -0.80473
vn 0.58997 -0.1152 -0.79917
vn 0.54577 -0.25975 -0.79666
vn 0.54782 -0.21788 -0.80773
vn 0.44828 -0.28644 -0.84676
vn 0.39561 -0.2139 -0.89316
vn 0.35019 -0.41211 -0.84115
vn 0.3873 -0.47058 -0.79281
vn 0.48247 -0.38654 -0.78601
vn 0.48014 -0.41069 -0.77511
vn 0.41852 -0.50615 -0.75409
vn 0.41079 -0.50807 -0.75705
vn 0.33554 -0.56936 -0.7505
vn 0.30852 -0.55454 -0.77286
vn 0.28046 -0.61471 -0.7372
vn 0.29847 -0.62026 -0.72539
vn 0.36125 -0.57296 -0.73567
vn 0.37762 -0.57732 -0.72395
vn 0.35125 -0.66958 -0.65444
vn 0.33038 -0.64626 -0.68789
vn 0.26616 -0.69528 -0.66764
vn 0.251 -0.67445 -0.69435
vn 0.21781 -0.76697 -0.60358
vn 0.23663 -0.79435 -0.55948
vn 0.3061 -0.74661 -0.59066
vn 0.33014 -0.77298 -0.54177
vn 0.31032 -0.8628 -0.39909
vn 0.28356 -0.84391 -0.45543
vn 0.21027 -0.88576 -0.41377
vn 0.18751 -0.86297 -0.46917
vn 0.26258 -0.91838 -0.29604
vn 0.2914 -0.92719 -0.23538
vn 0.27418 -0.95985 -0.0592
vn 0.24363 -0.96234 -0.1206
vn 0.16748 -0.98394 -0.0617
vn 0.13972 -0.98231 -0.12471
vn 0.16154 -0.93829 -0.30579
vn 0.18696 -0.95153 -0.24421
vn 0.12366 -0.99117 0.04777
vn 0.15414 -0.98354 0.09424
vn 0.22825 -0.97251 0.04616
vn 0.26117 -0.96105 0.09041
vn 0.25558 -0.9455 0.20178
vn 0.21997 -0.96043 0.17084
vn 0.14876 -0.96642 0.20951
vn 0.11573 -0.97737 0.17706
vn 0.22002 -0.93559 0.27614
vn 0.25817 -0.915 0.31004
vn 0.26449 -0.88476 0.38371
vn 0.23316 -0.8743 0.42571
vn 0.13077 -0.88979 0.43723
vn 0.15867 -0.90454 0.39578
vn 0.11624 -0.95168 0.28422
vn 0.15179 -0.93525 0.31978
vn 0.28155 -0.82333 0.4928
vn 0.25368 -0.8061 0.53465
vn 0.30701 -0.74237 0.59552
vn 0.28283 -0.71777 0.63625
vn 0.18543 -0.7318 0.65581
vn 0.2054 -0.76022 0.61634
vn 0.15329 -0.82101 0.54995
vn 0.17738 -0.84229 0.509
vn 0.34025 -0.641 0.68801
vn 0.31982 -0.60871 0.72608
vn 0.37998 -0.51974 0.76517
vn 0.3632 -0.47985 0.79864
vn 0.27556 -0.48924 0.82747
vn 0.28726 -0.53282 0.79598
vn 0.22666 -0.62109 0.75025
vn 0.24242 -0.65706 0.71379
vn 0.4242 -0.38111 0.82146
vn 0.41056 -0.33462 0.84822
vn 0.4702 -0.23036 0.85197
vn 0.45901 -0.17945 0.87012
vn 0.38498 -0.18047 0.90511
vn 0.39083 -0.23381 0.89027
vn 0.32937 -0.33989 0.88091
vn 0.3378 -0.3897 0.85675
vn 0.51524 -0.07503 0.85376
vn 0.50593 -0.02252 0.86228
vn 0.55711 0.07678 0.82688
vn 0.54934 0.1281 0.82572
vn 0.49167 0.13375 0.86045
vn 0.49404 0.0825 0.86552
vn 0.43976 -0.01984 0.89789
vn 0.44368 -0.07355 0.89316
vn 0.59174 0.20892 0.77858
vn 0.58276 0.25137 0.77279
vn 0.60722 0.29019 0.73965
vn 0.59626 0.3276 0.7329
vn 0.56738 0.37758 0.73179
vn 0.56831 0.33254 0.75262
vn 0.53498 0.26592 0.80193
vn 0.53727 0.22155 0.81379
vn -0.11253 -0.27773 0.95404
vn 0.14199 -0.08528 0.98619
vn 0.47104 0.27978 0.83657
vn 0.50996 0.30177 0.80553
vn 0.5999 0.35975 0.71464
vn 0.51438 0.28845 0.80759
vn 0.10556 -0.21947 0.96989
vn 0.29649 0.01967 0.95483
vn -0.11207 -0.39027 0.91385
vn -0.25244 -0.47774 0.84145
vn 0.5892 0.31684 0.74328
vn 0.58748 0.15819 0.79363
vn 0.32537 -0.34482 0.88048
vn -0.09264 -0.80178 0.5904
vn -0.045 -0.54237 0.83893
vn 0.37527 0.0439 0.92587
vn 0.70233 0.71141 -0.02522
vn 0.62323 0.70154 -0.34559
vn 0.62748 0.72469 -0.28477
vn 0.48288 0.6252 -0.61315
vn -0.01543 0.18438 -0.98273
vn -0.32589 -0.11393 -0.93852
vn -0.45358 -0.34108 -0.82336
vn -0.13842 -0.01718 -0.99022
vn 0.44676 0.55871 -0.69875
vn 0.40559 0.52049 -0.75139
vn 0.71689 0.69699 -0.01671
vn 0.70387 0.71033 -0.00167
vn 0.64458 0.71588 -0.2684
vn 0.50677 0.60367 -0.61545
vn 0.51045 0.51281 -0.69026
vn 0.65736 0.67689 -0.33119
vn 0.68881 0.72028 -0.08212
vn 0.69071 0.71052 -0.13445
vn 0.70234 0.70545 -0.09521
vn 0.70898 0.69145 -0.13872
vn 0.70028 0.6636 -0.26312
vn 0.69674 0.6818 -0.22295
vn 0.68026 0.68142 -0.27003
vn 0.68127 0.69654 -0.22515
vn 0.68082 0.64257 -0.35156
vn 0.68164 0.61858 -0.39079
vn 0.65743 0.55735 -0.5071
vn 0.65765 0.58509 -0.47451
vn 0.64025 0.57459 -0.50983
vn 0.64388 0.59992 -0.47488
vn 0.66407 0.65567 -0.35933
vn 0.66079 0.63474 -0.40056
vn 0.63152 0.53916 -0.55722
vn 0.62802 0.51426 -0.58406
vn 0.636 0.52151 -0.5688
vn 0.63687 0.49401 -0.5919
vn 0.63406 0.44354 -0.63343
vn 0.62848 0.47027 -0.61956
vn 0.62773 0.47467 -0.61696
vn 0.62773 0.49086 -0.60417
vn 0.62952 0.43475 -0.64397
vn 0.64063 0.44554 -0.62537
vn 0.64194 0.39939 -0.65453
vn 0.64914 0.39689 -0.64892
vn 0.66187 0.30905 -0.68295
vn 0.66318 0.27549 -0.69592
vn 0.5908 0.3046 -0.74711
vn 0.64055 0.3533 -0.68182
vn 0.13776 0.10056 -0.98535
vn 0.14587 0.0888 -0.98531
vn 0.31034 0.16767 -0.93572
vn 0.35269 0.11377 -0.9288
vn 0.28496 -0.0101 -0.95849
vn 0.2101 0.02273 -0.97741
vn 0.07454 0.00989 -0.99717
vn 0.05224 0.02232 -0.99839
vn 0.02996 -0.01124 -0.99949
vn 0.05735 -0.03352 -0.99779
vn 0.17731 -0.04527 -0.98311
vn 0.25822 -0.08518 -0.96232
vn 0.23896 -0.23402 -0.94241
vn 0.1689 -0.14179 -0.97538
vn 0.06359 -0.12315 -0.99035
vn 0.03356 -0.05536 -0.9979
vn 0.05455 -0.17094 -0.98377
vn 0.09365 -0.28055 -0.95526
vn 0.17268 -0.32498 -0.92982
vn 0.23043 -0.42968 -0.87308
vn 0.23091 -0.56569 -0.79163
vn 0.1903 -0.49998 -0.84487
vn 0.12973 -0.45862 -0.87911
vn 0.09095 -0.34437 -0.93442
vn 0.11304 -0.52838 -0.84145
vn 0.13933 -0.61139 -0.77897
vn 0.19742 -0.61 -0.76741
vn 0.21947 -0.64298 -0.73376
vn 0.18825 -0.71927 -0.66874
vn 0.17517 -0.69461 -0.69774
vn 0.11388 -0.72849 -0.67553
vn 0.10065 -0.68061 -0.7257
vn 0.06158 -0.79398 -0.60482
vn 0.0705 -0.8242 -0.56189
vn 0.13609 -0.78471 -0.60474
vn 0.15029 -0.81084 -0.56564
vn 0.11636 -0.89893 -0.42235
vn 0.09801 -0.87454 -0.47494
vn 0.02826 -0.90609 -0.42214
vn 0.01498 -0.88238 -0.4703
vn 0.06618 -0.94794 -0.31148
vn 0.08854 -0.96414 -0.25018
vn 0.0672 -0.99572 -0.06346
vn 0.04148 -0.99099 -0.12737
vn -0.02835 -0.99751 -0.06451
vn -0.05261 -0.99033 -0.12839
vn -0.02471 -0.95021 -0.31064
vn -0.00514 -0.96757 -0.25255
vn 0.02522 -0.99848 0.04903
vn 0.05406 -0.99379 0.09725
vn 0.04941 -0.9753 0.21531
vn 0.01814 -0.98316 0.18184
vn -0.04431 -0.97457 0.21968
vn -0.07446 -0.97981 0.18555
vn -0.06871 -0.99638 0.05003
vn -0.04086 -0.99418 0.09965
vn 0.01956 -0.95689 0.28981
vn 0.05332 -0.94381 0.32616
vn 0.061 -0.91303 0.40331
vn 0.03595 -0.89514 0.44433
vn -0.05306 -0.89229 0.44833
vn -0.03043 -0.91261 0.40769
vn -0.07174 -0.95324 0.29358
vn -0.03913 -0.94312 0.33015
vn 0.08164 -0.85071 0.51925
vn 0.06075 -0.82656 0.55956
vn 0.11244 -0.76857 0.62981
vn 0.0961 -0.73752 0.66845
vn 0.01324 -0.7366 0.6762
vn 0.02629 -0.76945 0.63816
vn -0.02569 -0.82457 0.56517
vn -0.00756 -0.85084 0.52537
vn 0.06365 -0.62622 0.77704
vn 0.07149 -0.6663 0.74225
vn 0.15336 -0.6649 0.73102
vn 0.14178 -0.62632 0.76656
vn 0.2034 -0.539 0.81738
vn 0.19622 -0.49302 0.8476
vn 0.12403 -0.49336 0.86094
vn 0.12679 -0.54042 0.83179
vn 0.25995 -0.39344 0.88184
vn 0.2566 -0.34182 0.90406
vn 0.32011 -0.23488 0.9178
vn 0.31993 -0.18039 0.93011
vn 0.26374 -0.17989 0.94767
vn 0.25829 -0.23488 0.93708
vn 0.19203 -0.34198 0.91988
vn 0.19013 -0.39439 0.89906
vn 0.38075 -0.07223 0.92185
vn 0.38268 -0.01809 0.92371
vn 0.43915 0.08553 0.89433
vn 0.44232 0.13624 0.88645
vn 0.40218 0.13655 0.90532
vn 0.39338 0.08671 0.91528
vn 0.33489 -0.01711 0.9421
vn 0.3272 -0.07122 0.94227
vn 0.49212 0.22867 0.83996
vn 0.49567 0.27234 0.82471
vn 0.53724 0.35443 0.76535
vn 0.54187 0.39455 0.7421
vn 0.51896 0.39373 0.75872
vn 0.50889 0.35494 0.78425
vn 0.46302 0.27214 0.84354
vn 0.4544 0.22964 0.86069
vn 0.54068 0.44264 0.71536
vn 0.5474 0.43822 0.71296
vn 0.533 0.41087 0.73966
vn 0.53012 0.4171 0.73824
vn 0.38089 0.22135 0.89773
vn 0.1348 -0.04837 0.98969
vn 0.13444 -0.01976 0.99072
vn 0.34296 0.20785 0.91607
vn 0.4707 0.3498 0.80999
vn 0.47428 0.33652 0.81352
vn 0.20437 0.06063 0.97702
vn -0.13789 -0.25961 0.95582
vn 0.0277 -0.14035 0.98971
vn 0.16461 0.03559 0.98572
vn 0.65394 0.73761 -0.16822
vn 0.65475 0.73718 -0.16692
vn 0.68868 0.72493 -0.01417
vn 0.67457 0.73579 -0.05973
vn 0.15621 0.43517 -0.88669
vn 0.50235 0.69604 -0.51301
vn 0.40759 0.6047 -0.68426
vn 0.59154 0.71192 -0.37848
vn 0.45469 0.65548 -0.60299
vn 0.51598 0.69765 -0.49704
vn -0.00117 0.24436 -0.96968
vn 0.4093 0.61633 -0.67277
vn -0.37698 -0.15037 -0.91393
vn 0.03411 0.30338 -0.95226
vn 0.68491 0.72501 -0.07259
vn 0.68388 0.71887 -0.12461
vn 0.67137 0.68867 -0.27387
vn 0.67606 0.70143 -0.2257
vn 0.67086 0.68809 -0.27654
vn 0.67894 0.69862 -0.22575
vn 0.6902 0.72061 -0.06582
vn 0.68509 0.71802 -0.12288
vn 0.65689 0.6608 -0.36311
vn 0.65073 0.64306 -0.40377
vn 0.63581 0.59081 -0.49668
vn 0.63858 0.61224 -0.46623
vn 0.63148 0.60512 -0.48484
vn 0.63372 0.61899 -0.46395
vn 0.65679 0.65889 -0.36673
vn 0.64798 0.64483 -0.40537
vn 0.61654 0.58225 -0.52996
vn 0.62083 0.55924 -0.54938
vn 0.6327 0.5604 -0.53446
vn 0.63254 0.53454 -0.56049
vn 0.63309 0.50566 -0.58609
vn 0.62225 0.48703 -0.61287
vn 0.57512 0.46749 -0.67133
vn 0.575 0.50492 -0.64376
vn 0.46294 0.36173 -0.80922
vn 0.45791 0.33855 -0.82201
vn 0.60927 0.45123 -0.65207
vn 0.5569 0.40847 -0.7232
vn 0.46848 0.29757 -0.83185
vn 0.45606 0.32829 -0.82719
vn 0.29057 0.21078 -0.93335
vn 0.29213 0.21257 -0.93246
vn 0.00784 0.0038 -0.99996
vn 0.00937 0.00488 -0.99994
vn 0.04618 0.03162 -0.99843
vn 0.04573 0.03509 -0.99834
vn 0.00739 0.00727 -0.99995
vn 0.00891 0.00834 -0.99993
vn 0.00152 0.00108 -1
vn 0.00152 0.00108 -1
vn 0 0 -1
vn 0.00015 -0.00093 -1
vn 0.00015 -0.00093 -1
vn 0.00043 -0.00703 -0.99998
vn 0.0078 -0.03743 -0.99927
vn 0.00205 -0.01139 -0.99993
vn 0.00176 -0.00529 -0.99998
vn 0.00015 -0.00093 -1
vn 0.00123 -0.01027 -0.99995
vn 0.00483 -0.03441 -0.9994
vn 0.01111 -0.05547 -0.9984
vn 0.02791 -0.12134 -0.99222
vn 0.05295 -0.28472 -0.95715
vn 0.02892 -0.17096 -0.98485
vn 0.012 -0.12783 -0.99172
vn 0.00471 -0.05702 -0.99836
vn 0.00319 -0.19792 -0.98021
vn 0.01027 -0.32746 -0.94481
vn 0.04311 -0.37091 -0.92767
vn 0.06411 -0.49893 -0.86427
vn 0.04157 -0.69552 -0.7173
vn 0.03184 -0.60091 -0.79868
vn -0.03089 -0.60303 -0.79712
vn -0.03146 -0.46109 -0.88679
vn -0.10243 -0.72967 -0.67609
vn -0.09452 -0.80793 -0.58165
vn -0.01342 -0.78009 -0.62552
vn -0.0068 -0.82793 -0.56079
vn -0.05683 -0.90918 -0.4125
vn -0.06966 -0.88511 -0.46014
vn -0.14747 -0.90293 -0.40369
vn -0.16545 -0.87251 -0.45974
vn -0.13058 -0.9463 0.29574
vn -0.15567 -0.92987 0.33332
vn -0.11698 -0.90463 0.40983
vn -0.13738 -0.88235 0.45009
vn -0.21768 -0.86599 0.45019
vn -0.19941 -0.88988 0.4103
vn -0.2383 -0.91198 0.33393
vn -0.21507 -0.93021 0.29742
vn -0.09159 -0.84397 0.52852
vn -0.10713 -0.8162 0.56775
vn -0.05429 -0.76423 0.64266
vn -0.06431 -0.73048 0.6799
vn -0.13767 -0.72055 0.6796
vn -0.13031 -0.75419 0.6436
vn -0.18434 -0.80233 0.5677
vn -0.17123 -0.83094 0.52935
vn -0.07712 -0.61657 0.78351
vn -0.07607 -0.65675 0.75026
vn -0.00462 -0.66308 0.74854
vn -0.00898 -0.62259 0.7825
vn 0.05655 -0.5389 0.84047
vn 0.05806 -0.49153 0.86892
vn -0.00295 -0.4881 0.87278
vn -0.00852 -0.53533 0.8446
vn 0.12747 -0.39367 0.91037
vn 0.13411 -0.34096 0.93046
vn 0.20412 -0.23426 0.9505
vn 0.21455 -0.17919 0.96014
vn 0.1702 -0.17648 0.96948
vn 0.15573 -0.23249 0.96005
vn 0.0815 -0.33835 0.93748
vn 0.07029 -0.3917 0.9174
vn 0.28179 -0.07067 0.95687
vn 0.29443 -0.01698 0.95552
vn 0.35619 0.0864 0.93041
vn 0.3697 0.13513 0.91927
vn 0.34042 0.13123 0.93107
vn 0.32348 0.08443 0.94246
vn 0.25721 -0.01675 0.96621
vn 0.24159 -0.06944 0.96789
vn 0.42408 0.22768 0.87654
vn 0.43741 0.26957 0.8579
vn 0.48641 0.3528 0.79934
vn 0.50124 0.38792 0.77348
vn 0.48732 0.37384 0.78916
vn 0.46997 0.3445 0.81268
vn 0.41757 0.26359 0.86957
vn 0.39981 0.22374 0.88887
vn 0.52545 0.43194 0.73303
vn 0.52945 0.45533 0.71579
vn 0.13331 0.06005 0.98925
vn 0.324 0.30026 0.89714
vn 0.04231 0.18173 0.98244
vn 0.31773 0.43557 0.84222
vn 0.5784 0.53194 0.61846
vn 0.54765 0.50927 0.66386
vn 0.53004 0.43341 0.72885
vn 0.54229 0.46718 0.69833
vn 0.30612 0.17076 0.93655
vn 0.38819 0.34012 0.85652
vn -0.08513 -0.08097 0.99307
vn -0.28491 -0.19151 0.93923
vn -0.49531 -0.51161 0.70208
vn -0.19509 -0.32844 0.92416
vn 0.525 0.51585 0.67695
vn 0.43045 0.45944 0.77693
vn -0.06648 0.16281 0.98442
vn 0.16482 0.27411 0.94747
vn -0.21234 -0.06906 0.97475
vn 0.126 0.19941 0.97178
vn 0.69968 0.71438 -0.01045
vn 0.70613 0.70808 0.00145
vn 0.71649 0.69756 0.0072
vn 0.71977 0.69407 0.01375
vn 0.40973 0.4599 -0.78779
vn 0.63702 0.66332 -0.39269
vn 0.42526 0.45704 -0.7812
vn 0.65595 0.65589 -0.37354
vn 0.66416 0.74012 -0.10541
vn 0.68448 0.72664 -0.05899
vn 0.37194 0.43822 -0.8183
vn 0.55968 0.66447 -0.49521
vn 0.22635 0.43078 -0.87361
vn 0.49838 0.68984 -0.52511
vn 0.70199 0.70951 -0.06175
vn 0.69513 0.70942 -0.11624
vn 0.67852 0.68055 -0.27653
vn 0.68955 0.68871 -0.22407
vn 0.6943 0.66688 -0.27058
vn 0.70703 0.67262 -0.21837
vn 0.71983 0.69151 -0.06044
vn 0.70948 0.69487 -0.11746
vn 0.66621 0.64859 -0.3681
vn 0.65315 0.63804 -0.40779
vn 0.62689 0.60484 -0.4911
vn 0.63668 0.60902 -0.47301
vn 0.63711 0.57646 -0.51164
vn 0.65877 0.57827 -0.48127
vn 0.68815 0.63122 -0.3578
vn 0.67163 0.62161 -0.40312
vn 0.59631 0.52398 -0.60816
vn 0.56458 0.52884 -0.6337
vn 0.59687 0.57819 -0.55628
vn 0.58854 0.56926 -0.57408
vn 0.48509 0.45249 -0.74829
vn 0.50773 0.49841 -0.70271
vn 0.40608 0.40568 -0.81885
vn 0.46083 0.43295 -0.77472
vn 0.24417 0.24689 -0.93778
vn 0.19008 0.19166 -0.96288
vn 0.33079 0.30578 -0.89279
vn 0.30429 0.24904 -0.91945
vn 0.13988 0.09891 -0.98522
vn 0.14647 0.11168 -0.98289
vn 0.05131 0.0433 -0.99774
vn 0.06717 0.06561 -0.99558
vn 0 0 -1
vn 0 0 -1
vn 0 0 -1
vn 0 0 -1
vn 0 0 -1
vn 0 0 -1
vn 0 0 -1
vn 0 0 -1
vn 0 0 -1
vn 0 0 -1
vn 0 0 -1
vn 0 0 -1
vn 0 -0 -1
vn 0 -0 -1
vn 0 -0 -1
vn 0 -0 -1
vn -0 -0 -1
vn 1E-05 -0.00092 -1
vn 1E-05 -0.00092 -1
vn -0.00038 -0.00682 -0.99998
vn 0.0018 -0.03728 -0.9993
vn 0.00032 -0.01122 -0.99994
vn 0.0007 -0.00531 -0.99999
vn 1E-05 -0.00092 -1
vn -0.01443 -0.03748 -0.99919
vn -0.02949 -0.09042 -0.99547
vn -0.01285 -0.08433 -0.99636
vn -0.01878 -0.17422 -0.98453
vn -0.09903 -0.47828 -0.8726
vn -0.07944 -0.32324 -0.94298
vn -0.13178 -0.36363 -0.92217
vn -0.08793 -0.22216 -0.97104
vn -0.21436 -0.54831 -0.80834
vn -0.24787 -0.67717 -0.69282
vn -0.18527 -0.64877 -0.73809
vn -0.18887 -0.75523 -0.62766
vn -0.24132 -0.87945 -0.41028
vn -0.25601 -0.83785 -0.48214
vn -0.31492 -0.84132 -0.43934
vn -0.30953 -0.78425 -0.53772
vn -0.29593 -0.90752 0.29806
vn -0.31726 -0.88774 0.33355
vn -0.27807 -0.86888 0.40955
vn -0.29415 -0.84372 0.44901
vn -0.36672 -0.8162 0.44646
vn -0.35294 -0.84208 0.40784
vn -0.39248 -0.85761 0.33238
vn -0.37311 -0.8787 0.29779
vn -0.24694 -0.81246 0.52813
vn -0.25778 -0.78389 0.56486
vn -0.20265 -0.74053 0.64074
vn -0.2077 -0.7081 0.67488
vn -0.27471 -0.69452 0.66497
vn -0.27174 -0.72467 0.63325
vn -0.32759 -0.7622 0.55833
vn -0.31886 -0.78947 0.52447
vn -0.20286 -0.5996 0.77416
vn -0.20861 -0.63932 0.7401
vn -0.14388 -0.64846 0.74753
vn -0.1416 -0.60914 0.78032
vn -0.06931 -0.53035 0.84494
vn -0.05965 -0.48117 0.8746
vn -0.11137 -0.46186 0.87993
vn -0.12626 -0.52053 0.84445
vn 0.01792 -0.38556 0.92251
vn 0.03177 -0.32478 0.94525
vn 0.10977 -0.22137 0.96899
vn 0.12124 -0.1605 0.97956
vn 0.07332 -0.13361 0.98832
vn 0.06091 -0.19215 0.97947
vn -0.01311 -0.2899 0.95697
vn -0.03084 -0.36132 0.93193
vn 0.19728 -0.0629 0.97833
vn 0.20705 -0.01171 0.97826
vn 0.28407 0.08127 0.95535
vn 0.29751 0.12408 0.94662
vn 0.24759 0.10955 0.96265
vn 0.2325 0.07469 0.96972
vn 0.15527 -0.00721 0.98785
vn 0.14341 -0.05077 0.98836
vn 0.35149 0.22674 0.90832
vn 0.33116 0.19527 0.92315
vn 0.37173 0.21394 0.90336
vn 0.39003 0.25012 0.88618
vn 0.45306 0.32899 0.82855
vn 0.47124 0.35637 0.8068
vn 0.45031 0.3349 0.82769
vn 0.42835 0.30883 0.8492
vn 0.51657 0.41188 0.75067
vn 0.54185 0.44465 0.71323
vn 0.58509 0.5012 0.63755
vn 0.6055 0.51702 0.60503
vn 0.60637 0.49848 0.61954
vn 0.579 0.46353 0.67074
vn 0.5265 0.41317 0.74302
vn 0.50869 0.39993 0.76242
vn 0.40311 0.25636 0.87851
vn 0.42704 0.27827 0.86035
vn -0.18546 -0.28667 0.93991
vn 0.23112 0.09591 0.96819
vn -0.36855 -0.45222 0.8122
vn 0.05462 -0.07826 0.99544
vn 0.56219 0.43828 0.70132
vn 0.5307 0.41776 0.73745
vn 0.51512 0.37914 0.7687
vn 0.47722 0.33364 0.81299
vn -0.49571 -0.60949 0.6187
vn 0.0159 -0.15947 0.98707
vn -0.00756 -0.1283 0.99171
vn 0.35889 0.24343 0.90108
vn 0.74422 0.66786 -0.01028
vn 0.75114 0.6601 -0.00769
vn 0.75532 0.6553 -0.00835
vn 0.75831 0.65161 -0.01931
vn 0.7295 0.65903 -0.18304
vn 0.62398 0.57867 -0.52515
vn 0.53561 0.38524 -0.75147
vn 0.69928 0.61822 -0.3589
vn 0.73211 0.68109 -0.01151
vn 0.7451 0.66669 -0.01875
vn 0.72955 0.5482 -0.40894
vn 0.48137 0.30014 -0.82353
vn 0.43509 0.38023 -0.81616
vn 0.66217 0.63774 -0.39347
vn 0.7401 0.66956 -0.06283
vn 0.73023 0.67368 -0.11368
vn 0.71546 0.64937 -0.25776
vn 0.72758 0.65312 -0.20992
vn 0.73654 0.63045 -0.24504
vn 0.7482 0.63168 -0.20291
vn 0.76028 0.6463 -0.06529
vn 0.74997 0.65101 -0.11713
vn 0.73 0.60243 -0.32278
vn 0.7186 0.59044 -0.36742
vn 0.71296 0.61464 -0.3375
vn 0.69876 0.60259 -0.3855
vn 0.65654 0.5289 -0.53778
vn 0.68162 0.54492 -0.48832
vn 0.65212 0.49307 -0.57586
vn 0.67999 0.53071 -0.50593
vn 0.58483 0.43757 -0.68301
vn 0.54291 0.43192 -0.72021
vn 0.34765 0.30161 -0.88779
vn 0.40073 0.30802 -0.86287
vn 0.25682 0.1723 -0.95098
vn 0.28886 0.18259 -0.9398
vn 0.52546 0.36961 -0.76634
vn 0.47624 0.32475 -0.81715
vn 0.11084 0.07382 -0.99109
vn 0.09368 0.07083 -0.99308
vn 0.18485 0.16147 -0.96941
vn 0.13806 0.13566 -0.98109
vn 0.02371 0.02611 -0.99938
vn 0.03962 0.04008 -0.99841
vn 0.01591 0.01397 -0.99978
vn 0.02294 0.01858 -0.99956
vn 0 0 -1
vn 0 0 -1
vn 0 0 -1
vn 0 0 -1
vn 0 0 -1
vn 0 0 -1
vn 0 0 -1
vn 0 0 -1
vn 0 0 -1
vn 0 0 -1
vn 0 0 -1
vn 0 0 -1
vn 0 -0 -1
vn 0 -0 -1
vn -0 -0 -1
vn -0 0 -1
vn -0 -0 -1
vn -0 -0 -1
vn -0 -0 -1
vn -0 -0 -1
vn -0 -0 -1
vn -0 -0 -1
vn -0 -0 -1
vn -0 -0 -1
vn -0.38947 -0.76322 0.51557
vn -0.39771 -0.7389 0.54393
vn -0.33913 -0.70843 0.61896
vn -0.34051 -0.6814 0.64787
vn -0.43457 -0.65758 0.61541
vn -0.42109 -0.68683 0.5924
vn -0.49406 -0.70128 0.51392
vn -0.47314 -0.72819 0.49586
vn -0.27076 -0.62874 0.72896
vn -0.25909 -0.58466 0.76879
vn -0.17634 -0.49698 0.84965
vn -0.15066 -0.4261 0.89204
vn -0.19226 -0.38787 0.90144
vn -0.22341 -0.46137 0.85862
vn -0.33352 -0.55768 0.7601
vn -0.34374 -0.61064 0.71341
vn -0.06774 -0.31876 0.94541
vn -0.04273 -0.25099 0.96705
vn 0.0243 -0.16332 0.98627
vn 0.04432 -0.11832 0.99199
vn 0.02483 -0.11712 0.99281
vn 0.00245 -0.15356 0.98814
vn -0.06902 -0.23176 0.97032
vn -0.09419 -0.28404 0.95418
vn 0.1052 -0.04504 0.99343
vn 0.12603 -0.01034 0.99197
vn 0.19124 0.06236 0.97956
vn 0.21234 0.09178 0.97288
vn 0.19324 0.07971 0.97791
vn 0.17012 0.05138 0.98408
vn 0.11049 -0.01487 0.99377
vn 0.08752 -0.04717 0.99505
vn 0.39783 0.28061 0.87349
vn 0.42465 0.30448 0.85262
vn 0.39451 0.2693 0.87854
vn 0.36566 0.24682 0.89743
vn 0.28491 0.17237 0.94293
vn 0.26003 0.14801 0.95419
vn 0.28924 0.17055 0.94194
vn 0.31361 0.19835 0.9286
vn 0.46904 0.32844 0.81983
vn 0.50856 0.36536 0.77967
vn 0.49413 0.37139 0.78607
vn 0.51438 0.3839 0.76683
vn 0.60068 0.46833 0.64796
vn 0.56846 0.43053 0.70107
vn 0.60012 0.43819 0.66921
vn 0.57106 0.40566 0.71368
vn 0.00056 0.96252 0.2712
vn 0.45265 0.68489 0.57099
vn 0.36666 0.61629 0.69695
vn -0.00516 0.45217 0.89192
vn -0.66034 0.122 0.74099
vn -0.95468 -0.10155 0.27976
vn -0.90293 -0.38071 -0.19943
vn -0.98944 -0.08073 0.12038
vn -0.89899 0.08825 -0.429
vn -0.83941 0.54344 0.00829
vn 0.40278 0.38677 0.82956
vn 0.06192 0.18811 0.9802
vn 0.38219 0.34487 0.85732
vn 0.24984 0.22113 0.9427
vn -0.3611 -0.43107 0.82691
vn -0.33204 -0.28554 0.89901
vn -0.74215 -0.66717 -0.0641
vn -0.72071 -0.59017 0.36371
vn -0.76512 -0.56326 0.31199
vn -0.81567 -0.48904 0.30906
vn -0.88305 -0.45508 -0.11455
vn -0.83993 -0.42657 0.33551
vn -0.83657 -0.3143 0.44874
vn -0.56868 -0.18044 0.80252
vn 0.54871 0.83593 0.01159
vn 0.2434 0.84469 -0.47672
vn -0.72299 -0.07626 -0.68663
vn -0.51559 0.47889 -0.71052
vn -0.81265 -0.38481 -0.43763
vn -0.66689 -0.11981 -0.73546
vn -0.58944 -0.18075 -0.78733
vn -0.40472 -0.11327 -0.9074
vn 0.12503 0.34577 -0.92995
vn 0.53837 0.65797 -0.52653
vn 0.77352 0.63333 -0.02358
vn 0.63047 0.68699 -0.36132
vn 0.81394 0.57971 0.03805
vn 0.67609 0.67283 -0.30033
vn 0.78514 0.61645 -0.05951
vn 0.77312 0.62426 -0.11216
vn 0.75679 0.60837 -0.23907
vn 0.77066 0.60505 -0.2
vn 0.77921 0.57858 -0.241
vn 0.79546 0.57126 -0.20226
vn 0.81249 0.57999 -0.05884
vn 0.79968 0.59049 -0.10876
vn 0.76246 0.55488 -0.3328
vn 0.74068 0.55747 -0.375
vn 0.74419 0.58496 -0.32248
vn 0.72876 0.58003 -0.36396
vn 0.62302 0.47933 -0.61813
vn 0.66977 0.52411 -0.52604
vn 0.60467 0.46307 -0.64803
vn 0.67224 0.50069 -0.54534
vn 0.45282 0.33918 -0.82457
vn 0.37292 0.2595 -0.89083
vn 0.14322 0.08212 -0.98628
vn 0.17492 0.11204 -0.97819
vn 0.07171 0.04911 -0.99622
vn 0.11812 0.08809 -0.98908
vn 0.41861 0.31873 -0.8504
vn 0.30504 0.23326 -0.92333
vn 0.0068 0.00219 -0.99997
vn 0.00822 0.00285 -0.99996
vn 0.0413 0.01985 -0.99895
vn 0.04153 0.02227 -0.99889
vn 0.00703 0.00461 -0.99996
vn 0.00845 0.00526 -0.99995
vn 0.00142 0.00066 -1
vn 0.00142 0.00066 -1
vn -0 0 -1
vn -0 0 -1
vn 0 0 -1
vn 0 0 -1
vn -0 0 -1
vn -0 0 -1
vn -0 0 -1
vn -0 -0 -1
vn -0 0 -1
vn 0 0 -1
vn 0 0 -1
vn 0 0 -1
vn -0 0 -1
vn 0 0 -1
vn -0 0 -1
vn -0 0 -1
vn -0 -0 -1
vn -0 -0 -1
vn -0 -0 -1
vn -0 -0 -1
vn -0 -0 -1
vn -0 -0 -1
vn -0 -0 -1
vn -0 -0 -1
vn -0.09574 -0.07869 -0.99229
vn -0.18478 -0.16853 -0.96822
vn -0.10369 -0.12505 -0.98672
vn -0.18893 -0.25428 -0.9485
vn -0.48096 -0.5874 -0.65087
vn -0.39398 -0.43922 -0.80739
vn -0.53844 -0.49136 -0.68458
vn -0.42169 -0.3577 -0.8332
vn -0.44007 -0.57623 0.68869
vn -0.42374 -0.51666 0.74398
vn -0.2862 -0.42498 0.85877
vn -0.2577 -0.36049 0.89646
vn -0.32353 -0.339 0.88341
vn -0.35871 -0.39177 0.84726
vn -0.49214 -0.46874 0.73354
vn -0.52749 -0.52784 0.66569
vn -0.13823 -0.27034 0.95279
vn -0.11842 -0.23016 0.96592
vn -0.02682 -0.15505 0.98754
vn -0.00114 -0.1202 0.99275
vn -0.02349 -0.12102 0.99237
vn -0.06099 -0.15711 0.9857
vn -0.17036 -0.2285 0.95852
vn -0.20198 -0.26641 0.94246
vn 0.16052 0.04534 0.98599
vn 0.18549 0.07237 0.97998
vn 0.19652 0.06431 0.97839
vn 0.16279 0.03994 0.98585
vn 0.1008 -0.02113 0.99468
vn 0.06325 -0.05209 0.99664
vn 0.07345 -0.04992 0.99605
vn 0.1004 -0.01803 0.99478
vn 0.33767 0.21673 0.91597
vn 0.36653 0.2374 0.89961
vn 0.35234 0.20904 0.91223
vn 0.32458 0.1933 0.92589
vn 0.27142 0.13802 0.95251
vn 0.24265 0.1183 0.96287
vn 0.24319 0.13114 0.96107
vn 0.26665 0.15273 0.95162
vn 0.5969 0.40013 0.69542
vn 0.55245 0.36042 0.7516
vn 0.57141 0.34714 0.74363
vn 0.52426 0.31383 0.79162
vn 0.4127 0.25139 0.87549
vn 0.45895 0.28815 0.84044
vn 0.44012 0.28964 0.84994
vn 0.48667 0.3287 0.80939
vn 0.77237 0.5026 0.38838
vn 0.79979 0.50246 0.32845
vn 0.81887 0.45965 0.34376
vn 0.78461 0.45781 0.41809
vn 0.65684 0.37497 0.65418
vn 0.71267 0.41719 0.56396
vn 0.6742 0.44786 0.58726
vn 0.71337 0.45164 0.53584
vn 0.85811 0.48537 0.16751
vn 0.84347 0.49457 0.20965
vn 0.82668 0.52169 0.21082
vn 0.82308 0.54187 0.17005
vn 0.83052 0.55093 0.08198
vn 0.84136 0.53935 0.03483
vn 0.85912 0.51067 0.03377
vn 0.86648 0.49284 0.07956
vn 0.83897 0.54063 -0.0621
vn 0.8262 0.55217 -0.11184
vn 0.80297 0.542 -0.24795
vn 0.82032 0.533 -0.20733
vn 0.82696 0.50125 -0.25475
vn 0.84547 0.49037 -0.2115
vn 0.86546 0.49691 -0.06366
vn 0.85202 0.51085 -0.11442
vn 0.61453 0.39136 -0.68497
vn 0.6963 0.42172 -0.58079
vn 0.8048 0.47439 -0.35671
vn 0.77724 0.48019 -0.4066
vn 0.78322 0.51678 -0.34569
vn 0.75803 0.52168 -0.39147
vn 0.60645 0.43041 -0.66855
vn 0.6833 0.46315 -0.56444
vn 0.0522 0.03627 -0.99798
vn 0.10383 0.06817 -0.99226
vn 0.41497 0.2608 -0.87166
vn 0.28675 0.19019 -0.93894
vn 0.41373 0.2909 -0.86268
vn 0.28787 0.21272 -0.93375
vn 0.05322 0.04115 -0.99773
vn 0.10543 0.07742 -0.99141
vn 0 0 -1
vn 0 0 -1
vn 0 0 -1
vn 0 0 -1
vn 0 0 -1
vn 0 0 -1
vn 0 0 -1
vn 0 0 -1
vn -0 -0 -1
vn -0 -0 -1
vn -0 -0 -1
vn -0 -0 -1
vn -0 0 -1
vn -0 -0 -1
vn -0 -0 -1
vn -0 -0 -1
vn 0 0 -1
vn 0 0 -1
vn 0 0 -1
vn 0 0 -1
vn 0 0 -1
vn 0 0 -1
vn 0 0 -1
vn 0 0 -1
vn 0 0 -1
vn -0 -0 -1
vn 0 -0 -1
vn -0 -0 -1
vn -0 -0 -1
vn -0 -0 -1
vn -0 -0 -1
vn -0 -0 -1
vn -0 -0 -1
vn -0 -0 -1
vn -0 -0 -1
vn -0 -0 -1
vn 0 0 -1
vn 0 -0 -1
vn 0 -0 -1
vn -0 -0 -1
vn -0.10508 -0.05959 -0.99268
vn -0.20432 -0.12607 -0.97075
vn -0.09923 -0.06647 -0.99284
vn -0.19302 -0.1405 -0.97108
vn -0.57705 -0.43478 -0.69136
vn -0.44678 -0.31506 -0.83733
vn -0.60969 -0.38968 -0.69024
vn -0.4715 -0.28176 -0.83564
vn -0.78061 -0.47999 -0.40033
vn -0.80549 -0.52434 -0.27615
vn -0.74109 -0.53742 -0.40246
vn -0.76242 -0.58494 -0.27671
vn -0.79074 -0.61039 -0.04645
vn -0.80376 -0.58687 -0.09776
vn -0.83537 -0.5477 -0.04665
vn -0.84608 -0.52415 -0.09702
vn -0.84472 -0.52743 0.09095
vn -0.83454 -0.5488 0.04848
vn -0.79024 -0.61079 0.04955
vn -0.80293 -0.58871 0.09337
vn -0.77863 -0.6031 0.17322
vn -0.78774 -0.58 0.20754
vn -0.82826 -0.52218 0.20326
vn -0.82174 -0.5439 0.17008
vn -0.75904 -0.59031 0.27456
vn -0.7651 -0.56726 0.30468
vn -0.73561 -0.57654 0.35563
vn -0.744 -0.55699 0.3691
vn -0.78412 -0.50839 0.35595
vn -0.77667 -0.52635 0.34603
vn -0.80392 -0.51416 0.29893
vn -0.80019 -0.53513 0.27081
vn -0.71821 -0.56861 0.40108
vn -0.72926 -0.55034 0.40658
vn -0.68623 -0.54961 0.47647
vn -0.67133 -0.51411 0.53386
vn -0.70119 -0.45701 0.54724
vn -0.72427 -0.49582 0.47916
vn -0.76938 -0.49963 0.39803
vn -0.76233 -0.52064 0.38443
vn -0.41068 -0.3602 0.83761
vn -0.37397 -0.31949 0.87067
vn -0.42059 -0.30177 0.85559
vn -0.45366 -0.33412 0.82617
vn -0.56557 -0.37762 0.73317
vn -0.60554 -0.4225 0.6744
vn -0.57605 -0.47485 0.66534
vn -0.53113 -0.42034 0.73567
vn -0.09097 -0.15663 0.98346
vn -0.04159 -0.12118 0.99176
vn -0.05631 -0.11569 0.99169
vn -0.1159 -0.15408 0.98124
vn -0.25174 -0.21707 0.94314
vn -0.29945 -0.25182 0.92028
vn -0.25486 -0.25997 0.93138
vn -0.21314 -0.22444 0.95089
vn 0.1842 0.03374 0.98231
vn 0.22933 0.05851 0.97159
vn 0.25997 0.06504 0.96342
vn 0.21294 0.03576 0.97641
vn 0.12274 -0.01714 0.99229
vn 0.06787 -0.05206 0.99633
vn 0.06339 -0.05443 0.9965
vn 0.11331 -0.02391 0.99327
vn 0.27026 0.10876 0.95662
vn 0.31015 0.12783 0.94206
vn 0.33919 0.17291 0.92469
vn 0.36965 0.18495 0.91058
vn 0.40625 0.16837 0.89811
vn 0.37784 0.1594 0.91205
vn 0.35314 0.12629 0.92701
vn 0.31587 0.10675 0.94278
vn 0.53792 0.29863 0.78833
vn 0.49494 0.27223 0.82518
vn 0.51445 0.24968 0.82037
vn 0.49331 0.22184 0.84109
vn 0.46052 0.20691 0.8632
vn 0.42795 0.20495 0.88026
vn 0.40564 0.22064 0.887
vn 0.43557 0.25097 0.86446
vn 0.79341 0.41097 0.449
vn 0.83639 0.4133 0.36006
vn 0.85472 0.35989 0.37408
vn 0.80285 0.35919 0.47584
vn 0.61723 0.26775 0.73982
vn 0.68871 0.31447 0.65329
vn 0.63296 0.32475 0.70277
vn 0.70114 0.36578 0.61206
vn 0.90815 0.3817 0.17193
vn 0.89282 0.39655 0.2136
vn 0.8686 0.44865 0.21036
vn 0.88391 0.43613 0.16878
vn 0.8861 0.46228 0.03354
vn 0.89325 0.4424 0.07994
vn 0.91213 0.40841 0.03488
vn 0.91827 0.38735 0.08206
vn 0.89239 0.44675 -0.06371
vn 0.87868 0.46332 -0.11512
vn 0.85186 0.45505 -0.25934
vn 0.87132 0.44176 -0.21367
vn 0.87702 0.40358 -0.26071
vn 0.8964 0.38872 -0.213
vn 0.91775 0.39223 -0.06241
vn 0.90465 0.41046 -0.11459
vn 0.64444 0.3072 -0.70023
vn 0.73734 0.32756 -0.5908
vn 0.85318 0.37408 -0.36352
vn 0.82191 0.38348 -0.42119
vn 0.82758 0.42691 -0.36451
vn 0.79767 0.43462 -0.41813
vn 0.62528 0.35112 -0.69695
vn 0.71207 0.37726 -0.59214
vn 0.05176 0.02764 -0.99828
vn 0.10678 0.05112 -0.99297
vn 0.43608 0.19926 -0.87757
vn 0.29407 0.147 -0.94441
vn 0.41967 0.23083 -0.87784
vn 0.28743 0.16866 -0.94284
vn 0.05163 0.03191 -0.99816
vn 0.10339 0.05955 -0.99286
vn 0 0 -1
vn 0 0 -1
vn 0 0 -1
vn 0 0 -1
vn 0 0 -1
vn 0 0 -1
vn 0 0 -1
vn 0 0 -1
vn 0 0 -1
vn 0 0 -1
vn 0 0 -1
vn -0 0 -1
vn 0 -0 -1
vn 0 -0 -1
vn 0 0 -1
vn 0 0 -1
vn 0 0 -1
vn 0 0 -1
vn 0 0 -1
vn 0 0 -1
vn 0 -0 -1
vn 0 0 -1
vn 0 0 -1
vn 0 0 -1
vn 0 0 -1
vn -0 0 -1
vn 0 0 -1
vn 0 -0 -1
vn -0 -0 -1
vn -0 -0 -1
vn -0 -0 -1
vn -0 0 -1
vn -0.0089 -0.00186 -0.99996
vn -0.01052 -0.00225 -0.99994
vn -0.00162 -0.00039 -1
vn -0.00162 -0.00039 -1
vn -0.0072 -0.00145 -0.99997
vn -0.00881 -0.00184 -0.99996
vn -0.04785 -0.00913 -0.99881
vn -0.04955 -0.00954 -0.99873
vn -0.68807 -0.29148 -0.66453
vn -0.57332 -0.20676 -0.79282
vn -0.20353 -0.05536 -0.9775
vn -0.28255 -0.10121 -0.9539
vn -0.12557 -0.0545 -0.99059
vn -0.22345 -0.11268 -0.96818
vn -0.64234 -0.34473 -0.68452
vn -0.50415 -0.24806 -0.82722
vn -0.85858 -0.34783 -0.37663
vn -0.87902 -0.39471 -0.26746
vn -0.81712 -0.42124 -0.39353
vn -0.84305 -0.46352 -0.2728
vn -0.87338 -0.48486 -0.04599
vn -0.88227 -0.46099 -0.09535
vn -0.91998 -0.38928 -0.04577
vn -0.9061 -0.4124 -0.09436
vn -0.91492 -0.39561 0.08007
vn -0.90652 -0.4199 0.04357
vn -0.8723 -0.48672 0.04683
vn -0.88034 -0.46632 0.08686
vn -0.85893 -0.48509 0.1641
vn -0.86345 -0.46516 0.19513
vn -0.89872 -0.39844 0.18316
vn -0.8933 -0.42212 0.15439
vn -0.81291 -0.47676 0.33449
vn -0.81869 -0.45837 0.34589
vn -0.85286 -0.38948 0.34776
vn -0.84735 -0.41867 0.32668
vn -0.87471 -0.39767 0.27703
vn -0.87124 -0.42252 0.24984
vn -0.83641 -0.48121 0.26238
vn -0.83862 -0.46218 0.28829
vn -0.79687 -0.46894 0.38091
vn -0.79621 -0.44381 0.4112
vn -0.74865 -0.43758 0.49804
vn -0.71841 -0.39714 0.57111
vn -0.7336 -0.31225 0.60359
vn -0.762 -0.36463 0.53516
vn -0.81726 -0.36402 0.44674
vn -0.82383 -0.40419 0.3974
vn -0.14347 -0.13418 0.98052
vn -0.07977 -0.08551 0.99314
vn -0.10457 -0.04563 0.99347
vn -0.17627 -0.08799 0.9804
vn -0.33747 -0.12802 0.93259
vn -0.39243 -0.17862 0.90227
vn -0.34347 -0.2317 0.91013
vn -0.2948 -0.1872 0.93704
vn 0.22604 0.05078 0.97279
vn 0.27428 0.07528 0.9587
vn 0.28719 0.0637 0.95575
vn 0.23276 0.05554 0.97095
vn 0.11464 0.02001 0.99321
vn 0.04854 -0.00435 0.99881
vn 0.06222 -0.03193 0.99755
vn 0.11884 0.00675 0.99289
vn 0.34504 0.10894 0.93224
vn 0.37979 0.11644 0.91772
vn 0.41609 0.14268 0.89806
vn 0.44284 0.13829 0.88587
vn 0.46748 0.1014 0.87817
vn 0.442 0.10837 0.89045
vn 0.39867 0.0872 0.91294
vn 0.3629 0.09079 0.92739
vn 0.50751 0.1774 0.84319
vn 0.53244 0.14638 0.83371
vn 0.5589 0.09335 0.82396
vn 0.51072 0.09974 0.85394
vn 0.4882 0.09602 0.86743
vn 0.48936 0.11332 0.86468
vn 0.46573 0.16601 0.86921
vn 0.48703 0.14808 0.86074
vn 0.82478 0.29489 0.48248
vn 0.8791 0.29248 0.37636
vn 0.9018 0.231 0.36523
vn 0.85983 0.23271 0.45447
vn 0.7685 0.1674 0.61757
vn 0.6708 0.14208 0.7279
vn 0.63712 0.18258 0.74883
vn 0.70017 0.24697 0.6699
vn 0.95085 0.24592 0.18816
vn 0.93228 0.26934 0.24148
vn 0.91408 0.33847 0.22339
vn 0.9306 0.31904 0.17943
vn 0.93648 0.34871 0.0374
vn 0.94255 0.32353 0.08327
vn 0.95979 0.27809 0.03835
vn 0.96491 0.24978 0.081
vn 0.94258 0.3289 -0.05802
vn 0.92972 0.35126 -0.11066
vn 0.90338 0.34476 -0.25504
vn 0.92315 0.32535 -0.20479
vn 0.93062 0.27646 -0.23984
vn 0.94806 0.25516 -0.18995
vn 0.96521 0.25627 -0.05183
vn 0.95398 0.28187 -0.10234
vn 0.71446 0.21242 -0.66665
vn 0.80586 0.21869 -0.55024
vn 0.91174 0.24574 -0.32917
vn 0.88383 0.26112 -0.38814
vn 0.88371 0.31149 -0.34932
vn 0.85208 0.32561 -0.40981
vn 0.67757 0.26046 -0.6878
vn 0.77361 0.27307 -0.57181
vn 0.06225 0.02018 -0.99786
vn 0.12819 0.0374 -0.99104
vn 0.4971 0.13887 -0.85651
vn 0.34095 0.10509 -0.93419
vn 0.46809 0.16787 -0.86759
vn 0.31451 0.12501 -0.94099
vn 0.05501 0.02348 -0.99821
vn 0.11727 0.04366 -0.99214
vn 0 0 -1
vn 0 0 -1
vn -0 -0 -1
vn 0 0 -1
vn 0 0 -1
vn 0 0 -1
vn 0 0 -1
vn 0 0 -1
vn 0 0 -1
vn 0 0 -1
vn 0 -0 -1
vn 0 0 -1
vn 0 0 -1
vn 0 0 -1
vn 0 0 -1
vn 0 0 -1
vn -0 0 -1
vn -0 0 -1
vn -0 0 -1
vn -0 0 -1
vn 0 0 -1
vn 0 0 -1
vn 0 0 -1
vn -0 0 -1
vn -0.03548 -0.00683 -0.99935
vn -0.05706 -0.01149 -0.9983
vn -0.02159 -0.00466 -0.99976
vn -0.03049 -0.00652 -0.99951
vn -0.1386 -0.02743 -0.98997
vn -0.12119 -0.02481 -0.99232
vn -0.25295 -0.04972 -0.9662
vn -0.19821 -0.03835 -0.97941
vn -0.82401 -0.19218 -0.53299
vn -0.77248 -0.16191 -0.61405
vn -0.48961 -0.0955 -0.8667
vn -0.55686 -0.11524 -0.82257
vn -0.34239 -0.07299 -0.93672
vn -0.40711 -0.10105 -0.90777
vn -0.75637 -0.23189 -0.61166
vn -0.67582 -0.17447 -0.71611
vn -0.94698 -0.23184 -0.22244
vn -0.92111 -0.23512 -0.31029
vn -0.89801 -0.27162 -0.34611
vn -0.91447 -0.31352 -0.25583
vn -0.93799 -0.33298 -0.09642
vn -0.94865 -0.31247 -0.04922
vn -0.9666 -0.25102 -0.05171
vn -0.9592 -0.26419 -0.10066
vn -0.92602 -0.34884 0.14424
vn -0.92969 -0.32381 0.17559
vn -0.94867 -0.2553 0.18667
vn -0.94947 -0.27793 0.14583
vn -0.96313 -0.25794 0.07641
vn -0.96055 -0.27588 0.03519
vn -0.93815 -0.34415 0.03793
vn -0.94417 -0.32119 0.07337
vn -0.87975 -0.33763 0.33472
vn -0.87774 -0.29875 0.3746
vn -0.87742 -0.21454 0.42908
vn -0.89473 -0.24972 0.37026
vn -0.92099 -0.24164 0.3056
vn -0.9288 -0.27054 0.25324
vn -0.90564 -0.34846 0.24165
vn -0.90621 -0.31804 0.27862
vn -0.84423 -0.31039 0.43696
vn -0.82758 -0.26141 0.49676
vn -0.77385 -0.26338 0.57601
vn -0.74638 -0.21302 0.63051
vn -0.74238 -0.14221 0.65472
vn -0.77206 -0.17366 0.61137
vn -0.81449 -0.17683 0.55257
vn -0.84322 -0.21445 0.49293
vn -0.58318 -0.17013 0.79433
vn -0.54291 -0.13219 0.82932
vn -0.54517 -0.08849 0.83364
vn -0.59215 -0.11121 0.79812
vn -0.66484 -0.11634 0.73787
vn -0.69358 -0.14077 0.70649
vn -0.68334 -0.21414 0.69799
vn -0.66031 -0.17339 0.73071
vn -0.19631 -0.05107 0.97921
vn -0.11496 -0.02719 0.993
vn -0.12166 -0.02024 0.99237
vn -0.20229 -0.0356 0.97868
vn -0.35753 -0.05502 0.93228
vn -0.42789 -0.0752 0.9007
vn -0.42318 -0.11419 0.89882
vn -0.35363 -0.07958 0.932
vn 0.24194 0.04085 0.96943
vn 0.29583 0.04543 0.95416
vn 0.30077 0.0343 0.95308
vn 0.24508 0.02996 0.96904
vn 0.11453 0.01095 0.99336
vn 0.03911 0.00095 0.99923
vn 0.04295 0.00267 0.99907
vn 0.11633 0.01544 0.99309
vn 0.37621 0.06457 0.92428
vn 0.41032 0.06449 0.90966
vn 0.45794 0.08009 0.88537
vn 0.4832 0.07848 0.87199
vn 0.49636 0.06032 0.86602
vn 0.47076 0.06282 0.88002
vn 0.42038 0.04958 0.90599
vn 0.3849 0.0496 0.92163
vn 0.53199 0.08812 0.84216
vn 0.58983 0.11498 0.7993
vn 0.59464 0.11228 0.79611
vn 0.55425 0.10745 0.82539
vn 0.51203 0.07385 0.85578
vn 0.50341 0.0743 0.86085
vn 0.49132 0.08243 0.86707
vn 0.48607 0.08078 0.87018
vn 0.72035 0.14666 0.67793
vn 0.78206 0.17107 0.59926
vn 0.87255 0.19028 0.44994
vn 0.89928 0.18062 0.39833
vn 0.88587 0.12334 0.44724
vn 0.85034 0.14567 0.50567
vn 0.7415 0.13009 0.65822
vn 0.69931 0.14565 0.69983
vn 0.94531 0.19744 0.25963
vn 0.96453 0.17888 0.19412
vn 0.97786 0.20599 0.03682
vn 0.98002 0.18292 0.07808
vn 0.98837 0.14774 0.03596
vn 0.98855 0.12911 0.07809
vn 0.97168 0.12556 0.20018
vn 0.95169 0.13946 0.27355
vn 0.96337 0.15788 -0.21678
vn 0.97426 0.14079 -0.17604
vn 0.98959 0.13529 -0.04912
vn 0.98372 0.15398 -0.09265
vn 0.98066 0.18955 -0.04882
vn 0.97278 0.21145 -0.09483
vn 0.95145 0.2111 -0.224
vn 0.96468 0.19291 -0.17936
vn 0.75365 0.13273 -0.64374
vn 0.83933 0.1316 -0.52746
vn 0.94126 0.14201 -0.30636
vn 0.92017 0.15601 -0.35909
vn 0.93002 0.19025 -0.31443
vn 0.90675 0.20335 -0.36941
vn 0.73885 0.1695 -0.65221
vn 0.82565 0.17296 -0.53702
vn 0.06807 0.01404 -0.99758
vn 0.13864 0.02475 -0.99003
vn 0.5271 0.08732 -0.84531
vn 0.36688 0.06909 -0.9277
vn 0.51437 0.11253 -0.85015
vn 0.35718 0.08645 -0.93003
vn 0.06594 0.01722 -0.99767
vn 0.13402 0.03125 -0.99049
vn -0 -0 -1
vn -0 -0 -1
vn -0 -0 -1
vn -0 -0 -1
vn -0 -0 -1
vn -0 -0 -1
vn 0 0 -1
vn -0 -0 -1
vn 0 -0 -1
vn 0 -0 -1
vn -0 -0 -1
vn 0 -0 -1
vn -0 -0 -1
vn -0 -0 -1
vn -0 -0 -1
vn -0 -0 -1
vn -0 -0 -1
vn -0 -0 -1
vn -0 -0 -1
vn -0 -0 -1
vn -0 -0 -1
vn -0 -0 -1
vn -0 0 -1
vn -0 -0 -1
vn -0.42155 -0.05094 -0.90537
vn -0.30457 -0.03022 -0.95201
vn -0.05652 -0.00502 -0.99839
vn -0.10336 -0.01183 -0.99457
vn -0.04683 -0.00681 -0.99888
vn -0.08231 -0.01364 -0.99651
vn -0.3513 -0.05953 -0.93437
vn -0.25857 -0.03973 -0.96517
vn -0.66859 -0.07112 -0.74023
vn -0.74835 -0.09485 -0.65648
vn -0.59733 -0.09501 -0.79635
vn -0.67475 -0.1185 -0.72847
vn -0.87433 -0.16387 -0.45684
vn -0.84022 -0.13969 -0.52394
vn -0.90715 -0.12098 -0.40305
vn -0.88224 -0.09821 -0.46044
vn -0.97285 -0.11943 -0.19822
vn -0.95564 -0.13435 -0.2621
vn -0.94035 -0.18831 -0.28333
vn -0.96089 -0.17854 -0.2117
vn -0.97277 -0.20835 -0.10149
vn -0.98017 -0.19265 -0.04636
vn -0.99116 -0.12977 -0.02751
vn -0.98468 -0.14775 -0.09256
vn -0.96192 -0.21443 0.16949
vn -0.95688 -0.18937 0.22027
vn -0.95559 -0.12304 0.26779
vn -0.96607 -0.14885 0.21107
vn -0.98215 -0.13146 0.13451
vn -0.98555 -0.15374 0.07105
vn -0.97514 -0.21704 0.04464
vn -0.97571 -0.19639 0.09702
vn -0.88671 -0.17709 0.42706
vn -0.85847 -0.14558 0.49177
vn -0.83561 -0.08569 0.5426
vn -0.86781 -0.11271 0.48394
vn -0.90734 -0.10657 0.40666
vn -0.93072 -0.13447 0.34011
vn -0.93569 -0.20129 0.28976
vn -0.91972 -0.17217 0.35281
vn -0.75608 -0.11697 0.64395
vn -0.7309 -0.09538 0.67579
vn -0.72252 -0.05739 0.68896
vn -0.74251 -0.0737 0.66576
vn -0.77311 -0.06839 0.63057
vn -0.7966 -0.08998 0.59778
vn -0.8202 -0.14538 0.55329
vn -0.7908 -0.11684 0.60082
vn -0.59008 -0.07643 0.80372
vn -0.5437 -0.06028 0.83711
vn -0.54259 -0.03686 0.83919
vn -0.58744 -0.04905 0.80778
vn -0.65512 -0.04795 0.75401
vn -0.68243 -0.06174 0.72834
vn -0.68894 -0.09626 0.7184
vn -0.65989 -0.07887 0.74721
vn -0.20899 -0.02515 0.97759
vn -0.12852 -0.01375 0.99161
vn -0.13333 -0.00945 0.99103
vn -0.21419 -0.01633 0.97665
vn -0.36453 -0.02353 0.93089
vn -0.43197 -0.03366 0.90126
vn -0.42997 -0.05239 0.90132
vn -0.36165 -0.03783 0.93155
vn 0.24756 0.0224 0.96861
vn 0.30468 0.02453 0.95214
vn 0.30659 0.01191 0.95177
vn 0.24849 0.0133 0.96854
vn 0.11005 0.00316 0.99392
vn 0.03032 0.00029 0.99954
vn 0.03429 0.00117 0.99941
vn 0.11222 0.00833 0.99365
vn 0.39261 0.03634 0.91899
vn 0.42789 0.03463 0.90317
vn 0.48095 0.04534 0.87557
vn 0.50575 0.04135 0.86169
vn 0.51095 0.01976 0.85938
vn 0.4872 0.02616 0.8729
vn 0.43207 0.01691 0.90168
vn 0.39725 0.02138 0.91746
vn 0.57151 0.07325 0.81732
vn 0.59686 0.06224 0.79992
vn 0.60195 0.02216 0.79823
vn 0.58902 0.0313 0.80751
vn 0.56334 0.02138 0.82595
vn 0.54707 0.02926 0.83657
vn 0.52944 0.05584 0.84651
vn 0.54732 0.05017 0.83542
vn 0.66547 0.08634 0.74142
vn 0.71242 0.06717 0.69853
vn 0.82519 0.08851 0.55787
vn 0.87924 0.07037 0.47115
vn 0.87561 0.02606 0.48232
vn 0.81533 0.0391 0.57768
vn 0.70216 0.02388 0.71162
vn 0.65931 0.03421 0.75109
vn 0.95422 0.09071 0.285
vn 0.97531 0.07612 0.20733
vn 0.9946 0.09731 0.03601
vn 0.99371 0.07862 0.0798
vn 0.99827 0.04657 0.03581
vn 0.99624 0.02809 0.08201
vn 0.97625 0.02667 0.21498
vn 0.95437 0.04233 0.29561
vn 0.97538 0.06026 -0.21213
vn 0.98356 0.04177 -0.17567
vn 0.998 0.03417 -0.05326
vn 0.99393 0.05373 -0.09597
vn 0.99511 0.08483 -0.05068
vn 0.99014 0.10416 -0.09369
vn 0.97063 0.1095 -0.21423
vn 0.98024 0.09151 -0.17535
vn 0.77966 0.05593 -0.6237
vn 0.861 0.04585 -0.50653
vn 0.95471 0.04639 -0.29391
vn 0.93729 0.06263 -0.34288
vn 0.94918 0.09455 -0.30019
vn 0.92979 0.10986 -0.35132
vn 0.76719 0.09501 -0.63435
vn 0.85106 0.08924 -0.51742
vn 0.55333 0.03328 -0.8323
vn 0.38853 0.03168 -0.92089
vn 0.54037 0.0609 -0.83922
vn 0.37754 0.05092 -0.92459
vn 0.07057 0.01071 -0.99745
vn 0.14389 0.01785 -0.98943
vn 0.07332 0.00714 -0.99728
vn 0.14945 0.01044 -0.98871
vn 0 -0 -1
vn 0 0 -1
vn -0 0 -1
vn -0 0 -1
vn -0 -0 -1
vn -0 -0 -1
vn -0 -0 -1
vn -0 -0 -1
vn 0 0 -1
vn 0 0 -1
vn 0 0 -1
vn 0 0 -1
vn -0 -0 -1
vn 0 0 -1
vn -0 0 -1
vn 0 0 -1
vn -0 -0 -1
vn -0 0 -1
vn -0 0 -1
vn -0 0 -1
vn -0 -0 -1
vn -0 -0 -1
vn -0 -0 -1
vn -0 -0 -1
vn -0.12165 0.02023 -0.99237
vn -0.17128 0.01456 -0.98511
vn -0.07308 0.00047 -0.99733
vn -0.12611 -0.00539 -0.992
vn -0.47574 -0.02926 -0.8791
vn -0.34789 -0.01148 -0.93746
vn -0.55148 0.02969 -0.83366
vn -0.38772 0.008 -0.92174
vn -0.84017 0.03245 -0.54136
vn -0.75198 0.00524 -0.65917
vn -0.71973 -0.03415 -0.69341
vn -0.79639 -0.05526 -0.60225
vn -0.90458 -0.06681 -0.42104
vn -0.93636 -0.05239 -0.3471
vn -0.94453 0.02871 -0.32717
vn -0.92149 -0.00097 -0.3884
vn -0.98738 0.02214 -0.15679
vn -0.97482 -0.00759 -0.22286
vn -0.96725 -0.07656 -0.242
vn -0.98197 -0.06144 -0.17879
vn -0.99381 -0.0863 -0.06993
vn -0.99757 -0.06934 0.00693
vn -0.99876 0.01599 0.04717
vn -0.99924 -0.01479 -0.03597
vn -0.96153 -0.08475 0.26129
vn -0.94518 -0.0616 0.32069
vn -0.93013 0.01725 0.36682
vn -0.95042 -0.01421 0.31065
vn -0.97342 0.0144 0.22856
vn -0.98692 -0.01779 0.16025
vn -0.98951 -0.09033 0.11272
vn -0.98064 -0.06957 0.18304
vn -0.84724 -0.05661 0.52819
vn -0.81786 -0.03731 0.57421
vn -0.80986 0.02193 0.58621
vn -0.83258 -0.00153 0.55391
vn -0.87096 0.02106 0.4909
vn -0.89793 -0.00722 0.44008
vn -0.91632 -0.07204 0.39391
vn -0.88827 -0.04908 0.45668
vn -0.73612 -0.03807 0.67578
vn -0.71891 -0.02735 0.69456
vn -0.71813 0.01751 0.69568
vn -0.7348 -0.00022 0.67829
vn -0.76435 0.01998 0.64449
vn -0.77794 0.00016 0.62834
vn -0.7824 -0.04477 0.62116
vn -0.76522 -0.03075 0.64303
vn -0.58577 -0.02709 0.81003
vn -0.54177 -0.02033 0.84028
vn -0.53922 0.01065 0.8421
vn -0.58454 -0.00177 0.81136
vn -0.65172 0.01476 0.75832
vn -0.67722 -0.0009 0.73578
vn -0.67848 -0.03291 0.73388
vn -0.65285 -0.02417 0.7571
vn -0.21687 -0.01232 0.97612
vn -0.13616 -0.01119 0.99062
vn -0.13886 -0.00562 0.9903
vn -0.21732 -0.00695 0.97607
vn -0.36277 0.00403 0.93187
vn -0.43047 -0.00358 0.9026
vn -0.4325 -0.02004 0.90141
vn -0.36524 -0.01568 0.93078
vn 0.24835 -0.00049 0.96867
vn 0.30683 -0.00559 0.95175
vn 0.30332 -0.02826 0.95247
vn 0.24546 -0.01819 0.96924
vn 0.10267 -0.01755 0.99456
vn 0.02305 -0.01212 0.99966
vn 0.02713 -0.00544 0.99962
vn 0.10791 -0.0077 0.99413
vn 0.39906 0.00233 0.91692
vn 0.43279 -0.00464 0.90148
vn 0.48924 0.00354 0.87214
vn 0.51146 -0.00479 0.8593
vn 0.50832 -0.03908 0.86028
vn 0.4872 -0.02535 0.87292
vn 0.43004 -0.03497 0.90213
vn 0.39755 -0.02259 0.9173
vn 0.59069 0.00275 0.8069
vn 0.60162 -0.00781 0.79874
vn 0.59876 -0.0448 0.79968
vn 0.58838 -0.03072 0.808
vn 0.56064 -0.04223 0.82698
vn 0.5469 -0.028 0.83673
vn 0.54926 0.00354 0.83564
vn 0.56372 -0.00594 0.82594
vn 0.65777 0.00131 0.75322
vn 0.69619 -0.01152 0.71776
vn 0.80882 -0.00188 0.58805
vn 0.86778 -0.01807 0.49662
vn 0.85664 -0.06384 0.51194
vn 0.79805 -0.04402 0.60098
vn 0.68731 -0.05079 0.72459
vn 0.6522 -0.03477 0.75725
vn 0.95133 -0.00587 0.30812
vn 0.97399 -0.02284 0.22545
vn 0.99934 -0.0043 0.03605
vn 0.99607 -0.02274 0.08557
vn 0.99767 -0.05673 0.0379
vn 0.99293 -0.07572 0.09141
vn 0.96856 -0.07389 0.23756
vn 0.9448 -0.05473 0.32305
vn 0.97558 -0.03904 -0.21616
vn 0.98087 -0.06032 -0.18506
vn 0.99573 -0.07079 -0.05931
vn 0.99334 -0.04942 -0.10405
vn 0.99827 -0.01691 -0.05635
vn 0.99504 0.00308 -0.09946
vn 0.97726 0.01101 -0.21174
vn 0.98397 -0.00813 -0.17814
vn 0.80156 -0.00763 -0.59786
vn 0.87254 -0.02452 -0.48792
vn 0.95422 -0.04615 -0.29554
vn 0.94147 -0.02664 -0.33604
vn 0.95689 -0.00041 -0.29046
vn 0.94173 0.01646 -0.33597
vn 0.79038 0.01968 -0.61231
vn 0.86792 0.00703 -0.49665
vn 0.60319 0.00145 -0.7976
vn 0.43991 0.00817 -0.898
vn 0.56908 0.01181 -0.8222
vn 0.40349 0.01493 -0.91486
vn 0.07995 0.00458 -0.99679
vn 0.16339 0.00714 -0.98653
vn 0.1111 0.00733 -0.99378
vn 0.21646 0.01122 -0.97623
vn 0.00084 0.0002 -1
vn 0.00622 0.00062 -0.99998
vn 0.03298 0.00518 -0.99944
vn 0.01003 0.00189 -0.99995
vn 0.00465 0.00147 -0.99999
vn 0.00084 0.0002 -1
vn 0 0 -1
vn 0.00084 0.0002 -1
vn -0 0 -1
vn -0 0 -1
vn -0 0 -1
vn -0 0 -1
vn -0 0 -1
vn -0 0 -1
vn -0 0 -1
vn -0 0 -1
vn -0.03115 0.00725 -0.99949
vn -0.01189 0.00271 -0.99993
vn -0.00468 0.00102 -0.99999
vn -0.01657 0.00372 -0.99986
vn -0.03649 0.00897 -0.99929
vn -0.08246 0.02086 -0.99638
vn -0.15087 0.03773 -0.98783
vn -0.0818 0.02015 -0.99644
vn -0.66825 0.1546 -0.7277
vn -0.5552 0.12536 -0.82221
vn -0.38986 0.09614 -0.91584
vn -0.26878 0.06541 -0.96098
vn -0.16855 0.03226 -0.98516
vn -0.28553 0.05914 -0.95654
vn -0.47213 0.06806 -0.8789
vn -0.61667 0.1028 -0.78048
vn -0.92697 0.19369 -0.32126
vn -0.91107 0.17483 -0.37333
vn -0.84678 0.18426 -0.49901
vn -0.79573 0.16392 -0.58304
vn -0.78263 0.09157 -0.61572
vn -0.84926 0.12358 -0.51332
vn -0.92257 0.09379 -0.37426
vn -0.93876 0.12548 -0.32092
vn -0.97816 0.19363 0.07561
vn -0.9846 0.17474 0.0047
vn -0.97111 0.19672 -0.13505
vn -0.96346 0.17676 -0.20127
vn -0.97397 0.0902 -0.20795
vn -0.9825 0.12258 -0.14028
vn -0.99633 0.08535 -0.00606
vn -0.99041 0.1175 0.07273
vn -0.9356 0.07751 0.34445
vn -0.91393 0.10743 0.39141
vn -0.90583 0.15539 0.39412
vn -0.9184 0.17755 0.35358
vn -0.94819 0.18533 0.25805
vn -0.96466 0.16775 0.2032
vn -0.9777 0.08025 0.19405
vn -0.96072 0.11191 0.25394
vn -0.88214 0.07547 0.46491
vn -0.85961 0.10219 0.50063
vn -0.82602 0.07125 0.55912
vn -0.80765 0.09474 0.582
vn -0.80611 0.13548 0.57605
vn -0.82233 0.15605 0.54719
vn -0.87132 0.1674 0.46127
vn -0.85691 0.14619 0.49431
vn -0.77626 0.08857 0.62416
vn -0.76305 0.06244 0.64331
vn -0.71487 0.05692 0.69694
vn -0.73021 0.08165 0.67833
vn -0.70495 0.11641 0.69963
vn -0.7203 0.13435 0.68053
vn -0.77204 0.14456 0.61892
vn -0.7583 0.12566 0.63968
vn -0.4168 0.04318 0.90797
vn -0.35722 0.02226 0.93376
vn -0.14095 -0.00015 0.99002
vn -0.21358 0.01675 0.97678
vn -0.13529 0.01939 0.99062
vn -0.20253 0.03873 0.97851
vn -0.39684 0.07678 0.91467
vn -0.3403 0.05701 0.93859
vn 0.01667 -0.01585 0.99974
vn 0.09838 -0.02675 0.99479
vn 0.30086 -0.0485 0.95244
vn 0.2388 -0.04762 0.9699
vn 0.29498 -0.06676 0.95317
vn 0.23131 -0.05613 0.97126
vn 0.01445 -0.00784 0.99986
vn 0.09382 -0.02617 0.99524
vn 0.39306 -0.0687 0.91694
vn 0.42798 -0.06089 0.90174
vn 0.50627 -0.0677 0.85971
vn 0.48308 -0.07986 0.87193
vn 0.50506 -0.10641 0.8565
vn 0.48134 -0.11091 0.86949
vn 0.38785 -0.091 0.91722
vn 0.42469 -0.09222 0.90063
vn 0.54365 -0.07006 0.83638
vn 0.55915 -0.08675 0.82452
vn 0.58645 -0.07298 0.80669
vn 0.59907 -0.08846 0.7958
vn 0.60351 -0.11491 0.78903
vn 0.59315 -0.12621 0.79514
vn 0.54557 -0.12197 0.82914
vn 0.56141 -0.11352 0.81972
vn 0.64787 -0.07642 0.75791
vn 0.68364 -0.09378 0.72377
vn 0.78876 -0.08863 0.60828
vn 0.84765 -0.11058 0.5189
vn 0.84323 -0.15409 0.515
vn 0.78694 -0.13198 0.60274
vn 0.68977 -0.13267 0.71177
vn 0.6516 -0.11734 0.74944
vn 0.93331 -0.12154 0.33789
vn 0.96389 -0.10851 0.2432
vn 0.99301 -0.11012 0.0424
vn 0.98696 -0.12749 0.09827
vn 0.98511 -0.16523 0.0475
vn 0.97706 -0.18355 0.10803
vn 0.92238 -0.17052 0.34662
vn 0.95384 -0.15965 0.25436
vn 0.95828 -0.14813 -0.24447
vn 0.96268 -0.17373 -0.20754
vn 0.98115 -0.18394 -0.05931
vn 0.98081 -0.16103 -0.10995
vn 0.99041 -0.12489 -0.05901
vn 0.98872 -0.10459 -0.10723
vn 0.96924 -0.09219 -0.2282
vn 0.97403 -0.11504 -0.195
vn 0.82128 -0.08582 -0.56404
vn 0.86238 -0.12262 -0.49119
vn 0.92874 -0.15402 -0.33722
vn 0.91993 -0.12459 -0.37176
vn 0.94512 -0.0959 -0.31233
vn 0.93466 -0.07109 -0.34837
vn 0.8151 -0.03596 -0.5782
vn 0.8734 -0.06342 -0.48287
vn 0.6024 -0.06785 -0.79531
vn 0.67569 -0.0575 -0.73494
vn 0.65953 -0.02207 -0.75136
vn 0.51481 -0.00151 -0.8573
vn 0.28833 0.00609 -0.95751
vn 0.24086 -8E-05 -0.97056
vn 0.34263 -0.04088 -0.93858
vn 0.40316 -0.02945 -0.91466
vn 0.13012 -0.01861 -0.99132
vn 0.16928 -0.01572 -0.98544
vn 0.09095 0.00297 -0.99585
vn 0.08168 -0.00135 -0.99666
vn 0.01989 -0.0004 -0.9998
vn 0.01451 -0.00083 -0.99989
vn 0.02249 -0.0038 -0.99974
vn 0.037 -0.00463 -0.9993
vn 0 -0 -1
vn 0 -0 -1
vn 0 -0 -1
vn 0 -0 -1
vn -0 -0 -1
vn -0 -0 -1
vn -0 -0 -1
vn -0 -0 -1
vn -0 0 -1
vn -0 0 -1
vn -0 0 -1
vn -0 0 -1
vn -0 0 -1
vn -0 0 -1
vn -0 0 -1
vn -0 0 -1
vn -0.04648 0.01601 -0.99879
vn -0.02352 0.00693 -0.9997
vn -0.01926 0.00454 -0.9998
vn -0.04278 0.01147 -0.99902
vn -0.12384 0.03179 -0.99179
vn -0.20017 0.05657 -0.97813
vn -0.2125 0.07589 -0.97421
vn -0.14238 0.04544 -0.98877
vn -0.67977 0.25238 -0.68864
vn -0.6183 0.20995 -0.75738
vn -0.46094 0.16852 -0.87128
vn -0.37553 0.125 -0.91834
vn -0.34913 0.09348 -0.9324
vn -0.4528 0.13096 -0.88194
vn -0.60951 0.16355 -0.77573
vn -0.68883 0.19885 -0.69712
vn -0.81544 0.30653 -0.49101
vn -0.78566 0.2695 -0.55688
vn -0.79815 0.21008 -0.56465
vn -0.83549 0.23899 -0.49481
vn -0.89734 0.23143 -0.37579
vn -0.91081 0.25857 -0.32182
vn -0.88692 0.33677 -0.31615
vn -0.87672 0.30252 -0.37395
vn -0.92592 0.35389 -0.13201
vn -0.92602 0.32026 -0.19978
vn -0.94937 0.24107 -0.20144
vn -0.95356 0.26826 -0.13696
vn -0.97001 0.24306 0.00026
vn -0.96135 0.26727 0.06608
vn -0.93222 0.35628 0.06346
vn -0.94528 0.32624 -0.00338
vn -0.86275 0.22151 0.45452
vn -0.85091 0.19835 0.48642
vn -0.80035 0.18375 0.57067
vn -0.81444 0.20483 0.54289
vn -0.78286 0.23342 0.57675
vn -0.79327 0.26264 0.54932
vn -0.82978 0.28558 0.47949
vn -0.85315 0.26909 0.44691
vn -0.7594 0.18928 0.62249
vn -0.74747 0.1707 0.64199
vn -0.68877 0.15815 0.70752
vn -0.70233 0.17562 0.68985
vn -0.66126 0.19625 0.72404
vn -0.66908 0.21504 0.7114
vn -0.73142 0.23605 0.63977
vn -0.72231 0.21306 0.65793
vn -0.63223 0.15909 0.75827
vn -0.61173 0.1417 0.77827
vn -0.49052 0.11422 0.86391
vn -0.52998 0.13315 0.83749
vn -0.46574 0.13362 0.87477
vn -0.5008 0.1566 0.85128
vn -0.6002 0.19298 0.77622
vn -0.58459 0.17326 0.79261
vn -0.37746 0.09401 0.92124
vn -0.32253 0.07573 0.94352
vn -0.12836 0.02901 0.9913
vn -0.19185 0.04625 0.98033
vn -0.1242 0.02245 0.992
vn -0.18345 0.03944 0.98224
vn -0.35524 0.10229 0.92916
vn -0.30607 0.08153 0.94851
vn 0.01492 -0.0087 0.99985
vn 0.09054 -0.02621 0.99555
vn 0.28697 -0.07623 0.9549
vn 0.22517 -0.06455 0.97218
vn 0.27604 -0.10153 0.95577
vn 0.21034 -0.09866 0.97264
vn 0.00851 -0.03037 0.9995
vn 0.08421 -0.0443 0.99546
vn 0.38076 -0.10593 0.91859
vn 0.41884 -0.11028 0.90134
vn 0.50413 -0.13142 0.85357
vn 0.4782 -0.13194 0.86829
vn 0.49657 -0.16204 0.85274
vn 0.46377 -0.1726 0.86898
vn 0.36392 -0.14527 0.92003
vn 0.40772 -0.13827 0.90258
vn 0.54779 -0.14836 0.82336
vn 0.56561 -0.14344 0.8121
vn 0.61131 -0.14807 0.77742
vn 0.59952 -0.15684 0.78484
vn 0.61555 -0.18638 0.76575
vn 0.59777 -0.203 0.77554
vn 0.53863 -0.19153 0.82048
vn 0.56412 -0.17845 0.80618
vn 0.66395 -0.16691 0.72891
vn 0.69624 -0.16009 0.69973
vn 0.83682 -0.18641 0.51476
vn 0.78521 -0.19153 0.58886
vn 0.83066 -0.23633 0.50413
vn 0.78438 -0.24311 0.57065
vn 0.66782 -0.21531 0.7125
vn 0.70296 -0.20418 0.6813
vn 0.90779 -0.22132 0.35628
vn 0.93919 -0.21146 0.27056
vn 0.97264 -0.22542 0.0561
vn 0.96219 -0.24169 0.12564
vn 0.9572 -0.28129 0.06815
vn 0.9454 -0.29332 0.14205
vn 0.89282 -0.27323 0.35807
vn 0.9212 -0.26409 0.28574
vn 0.94548 -0.2981 -0.13117
vn 0.95692 -0.28337 -0.06325
vn 0.97253 -0.22583 -0.05649
vn 0.96244 -0.24435 -0.11837
vn 0.95186 -0.21489 -0.2186
vn 0.93434 -0.22999 -0.27223
vn 0.91306 -0.2865 -0.29024
vn 0.93153 -0.27363 -0.23954
vn 0.86365 -0.26861 -0.42657
vn 0.89033 -0.25683 -0.37596
vn 0.91489 -0.1946 -0.3537
vn 0.88941 -0.20857 -0.40676
vn 0.84452 -0.16598 -0.50915
vn 0.7982 -0.17727 -0.57573
vn 0.77296 -0.23987 -0.58736
vn 0.81871 -0.23219 -0.52516
vn 0.61411 -0.19335 -0.76517
vn 0.68548 -0.19378 -0.70183
vn 0.69843 -0.12863 -0.70402
vn 0.62866 -0.13686 -0.76554
vn 0.47035 -0.08737 -0.87814
vn 0.3859 -0.08709 -0.91842
vn 0.37691 -0.12275 -0.91808
vn 0.47351 -0.13632 -0.87018
vn 0.14066 -0.0485 -0.98887
vn 0.21931 -0.06545 -0.97346
vn 0.21635 -0.04313 -0.97536
vn 0.14819 -0.0355 -0.98832
vn 0.04706 -0.01008 -0.99884
vn 0.02457 -0.00628 -0.99968
vn 0.02207 -0.00836 -0.99972
vn 0.04663 -0.01464 -0.9988
vn 0 -0 -1
vn 0 -0 -1
vn 0 -0 -1
vn 0 -0 -1
vn 0 -0 -1
vn -0 -0 -1
vn 0 -0 -1
vn 0 -0 -1
vn -0 0 -1
vn -0 0 -1
vn -0 0 -1
vn -0 0 -1
vn -0 0 -1
vn -0 0 -1
vn -0 0 -1
vn -0 0 -1
vn -0.04294 0.02675 -0.99872
vn -0.02223 0.01153 -0.99969
vn -0.02296 0.00908 -0.9997
vn -0.0452 0.02061 -0.99877
vn -0.1392 0.05813 -0.98856
vn -0.20521 0.09713 -0.97389
vn -0.19131 0.12606 -0.9734
vn -0.13225 0.07502 -0.98837
vn -0.40846 0.28241 -0.86799
vn -0.3426 0.20769 -0.91623
vn -0.3653 0.15898 -0.91721
vn -0.44241 0.2178 -0.86996
vn -0.59883 0.26948 -0.75417
vn -0.64989 0.33086 -0.68424
vn -0.59719 0.42579 -0.67976
vn -0.55849 0.35345 -0.75044
vn -0.77388 0.56728 -0.28161
vn -0.78213 0.51366 -0.35274
vn -0.7112 0.51517 -0.47832
vn -0.70418 0.45619 -0.54409
vn -0.75803 0.34966 -0.55057
vn -0.77636 0.40424 -0.48358
vn -0.84284 0.39487 -0.36563
vn -0.84282 0.446 -0.30121
vn -0.74229 0.32191 0.58769
vn -0.73845 0.38568 0.55312
vn -0.65527 0.48156 0.582
vn -0.69361 0.46951 0.54631
vn -0.70436 0.53181 0.47016
vn -0.73832 0.51328 0.43754
vn -0.81358 0.37532 0.44409
vn -0.77281 0.41598 0.4793
vn -0.67628 0.33808 0.65448
vn -0.6769 0.28183 0.67998
vn -0.61813 0.24988 0.7453
vn -0.61595 0.29332 0.73114
vn -0.57212 0.34582 0.7437
vn -0.57414 0.39177 0.71895
vn -0.61979 0.44336 0.64752
vn -0.61693 0.39532 0.68053
vn -0.55815 0.2519 0.79058
vn -0.54796 0.21376 0.80873
vn -0.4347 0.15747 0.8867
vn -0.46731 0.1953 0.86225
vn -0.40923 0.20256 0.88967
vn -0.44597 0.2548 0.85802
vn -0.52995 0.33599 0.77863
vn -0.51272 0.28492 0.8099
vn -0.33204 0.12039 0.93555
vn -0.28732 0.08808 0.95378
vn -0.12065 0.01157 0.99263
vn -0.1754 0.03947 0.98371
vn -0.11849 0.01465 0.99285
vn -0.17213 0.05347 0.98362
vn -0.3186 0.15507 0.93512
vn -0.27358 0.11053 0.95548
vn -0.00048 -0.0483 0.99883
vn 0.06949 -0.07326 0.99489
vn 0.24885 -0.14815 0.95714
vn 0.18342 -0.1365 0.97351
vn 0.21494 -0.17625 0.96059
vn 0.15496 -0.14966 0.97652
vn -0.00964 -0.05008 0.9987
vn 0.05366 -0.08513 0.99492
vn 0.32857 -0.2021 0.9226
vn 0.37864 -0.19669 0.9044
vn 0.46861 -0.22514 0.85424
vn 0.42683 -0.24205 0.87133
vn 0.42401 -0.29505 0.85625
vn 0.38341 -0.29392 0.87556
vn 0.28763 -0.23191 0.92924
vn 0.33624 -0.24637 0.90898
vn 0.50291 -0.26966 0.8212
vn 0.54053 -0.24676 0.80432
vn 0.60533 -0.26144 0.75181
vn 0.57313 -0.29198 0.76568
vn 0.57416 -0.36554 0.73261
vn 0.53553 -0.38185 0.75326
vn 0.45947 -0.33947 0.82076
vn 0.49646 -0.33089 0.80252
vn 0.65514 -0.31043 0.68879
vn 0.69884 -0.28049 0.65799
vn 0.81746 -0.30741 0.4871
vn 0.76898 -0.33432 0.54488
vn 0.77993 -0.42512 0.45932
vn 0.72898 -0.45472 0.51168
vn 0.62556 -0.41851 0.65843
vn 0.67283 -0.39315 0.62668
vn 0.8672 -0.35539 0.3488
vn 0.89938 -0.32905 0.28784
vn 0.93609 -0.3435 0.07575
vn 0.91714 -0.36969 0.14891
vn 0.89208 -0.44403 0.08387
vn 0.86367 -0.4797 0.15481
vn 0.81568 -0.47353 0.33231
vn 0.85705 -0.43194 0.28087
vn 0.86576 -0.48564 -0.12086
vn 0.89316 -0.44616 -0.05667
vn 0.93589 -0.34602 -0.06616
vn 0.91773 -0.37414 -0.1334
vn 0.90745 -0.33858 -0.24879
vn 0.88279 -0.36415 -0.29677
vn 0.82988 -0.47511 -0.29253
vn 0.86454 -0.43864 -0.24527
vn 0.77739 -0.4493 -0.44021
vn 0.81582 -0.42457 -0.39265
vn 0.86233 -0.32405 -0.38907
vn 0.82932 -0.3477 -0.43741
vn 0.78717 -0.30073 -0.53844
vn 0.73504 -0.31652 -0.59961
vn 0.68577 -0.39744 -0.60972
vn 0.74086 -0.38922 -0.54739
vn 0.52737 -0.30894 -0.79148
vn 0.60432 -0.32464 -0.72761
vn 0.65174 -0.25602 -0.71392
vn 0.57435 -0.25507 -0.77786
vn 0.44153 -0.17931 -0.87914
vn 0.34463 -0.15867 -0.92523
vn 0.31194 -0.18433 -0.93205
vn 0.40139 -0.21912 -0.88931
vn 0.11483 -0.06878 -0.991
vn 0.18086 -0.10014 -0.9784
vn 0.20035 -0.0848 -0.97605
vn 0.12695 -0.06151 -0.99
vn 0.04238 -0.01881 -0.99892
vn 0.02032 -0.01045 -0.99974
vn 0.01827 -0.01121 -0.99977
vn 0.03859 -0.02166 -0.99902
vn 0 -0 -1
vn 0 -0 -1
vn 0 -0 -1
vn 0 -0 -1
vn 0 -0 -1
vn 0 -0 -1
vn 0 -0 -1
vn 0 -0 -1
vn -0 0 -1
vn -0 0 -1
vn -0 0 -1
vn -0 0 -1
vn -0 0 -1
vn -0 0 -1
vn -0 0 -1
vn -0 0 -1
vn -0.03611 0.03717 -0.99866
vn -0.01895 0.01765 -0.99966
vn -0.0207 0.01523 -0.99967
vn -0.03965 0.03287 -0.99867
vn -0.12125 0.09567 -0.988
vn -0.176 0.15251 -0.97251
vn -0.16126 0.17057 -0.97206
vn -0.11187 0.10952 -0.98767
vn -0.34309 0.37185 -0.86256
vn -0.28793 0.29195 -0.91206
vn -0.31294 0.25839 -0.91395
vn -0.37439 0.33572 -0.86436
vn -0.50754 0.43126 -0.74594
vn -0.54501 0.49796 -0.67453
vn -0.49945 0.54817 -0.67087
vn -0.46628 0.4816 -0.74206
vn -0.59165 0.65612 -0.46846
vn -0.58469 0.61013 -0.53468
vn -0.63845 0.54895 -0.53947
vn -0.64752 0.59708 -0.47351
vn -0.71055 0.61583 -0.3404
vn -0.70662 0.65428 -0.26945
vn -0.64448 0.71343 -0.27507
vn -0.6503 0.68125 -0.33616
vn -0.69928 0.70908 0.09063
vn -0.71026 0.70031 0.07137
vn -0.679 0.73039 -0.07408
vn -0.69041 0.71221 -0.12683
vn -0.74864 0.65287 -0.11534
vn -0.73591 0.67627 -0.03319
vn -0.74937 0.65272 0.11134
vn -0.7349 0.65827 0.16309
vn -0.73323 0.63057 0.25446
vn -0.72938 0.62775 0.27189
vn -0.7216 0.60652 0.33381
vn -0.72389 0.59626 0.34707
vn -0.71948 0.61419 0.32422
vn -0.71091 0.64788 0.27359
vn -0.70842 0.68429 0.1729
vn -0.72242 0.65057 0.23425
vn -0.70379 0.57404 0.41851
vn -0.7032 0.55522 0.44412
vn -0.64499 0.50172 0.57642
vn -0.6744 0.51668 0.52748
vn -0.64934 0.50696 0.56688
vn -0.65351 0.55056 0.51943
vn -0.69443 0.60802 0.38481
vn -0.69768 0.57076 0.43299
vn -0.61912 0.45871 0.6374
vn -0.59411 0.44906 0.66737
vn -0.55669 0.41047 0.72223
vn -0.57363 0.41965 0.70345
vn -0.54703 0.40801 0.73095
vn -0.542 0.42417 0.72548
vn -0.59423 0.47858 0.64642
vn -0.59449 0.4461 0.66901
vn -0.51999 0.37669 0.76663
vn -0.49422 0.34743 0.79689
vn -0.39117 0.25319 0.8848
vn -0.42318 0.29536 0.85655
vn -0.35545 0.26012 0.89777
vn -0.37344 0.28298 0.88344
vn -0.47794 0.37035 0.7965
vn -0.46738 0.34782 0.81276
vn -0.30008 0.18948 0.93491
vn -0.26427 0.14363 0.95369
vn -0.11685 0.02645 0.9928
vn -0.1641 0.07213 0.9838
vn -0.10574 0.03598 0.99374
vn -0.14181 0.07621 0.98696
vn -0.2587 0.18623 0.94783
vn -0.23608 0.15829 0.95875
vn -0.01515 -0.05032 0.99862
vn 0.03841 -0.08803 0.99538
vn 0.18133 -0.18805 0.96527
vn 0.1279 -0.16124 0.97859
vn 0.14873 -0.20604 0.96718
vn 0.10142 -0.17408 0.97949
vn -0.01613 -0.05111 0.99856
vn 0.02715 -0.09174 0.99541
vn 0.25104 -0.25065 0.93496
vn 0.2977 -0.2682 0.91621
vn 0.38706 -0.33188 0.86025
vn 0.34982 -0.32051 0.88028
vn 0.35025 -0.36638 0.86203
vn 0.30448 -0.3597 0.88199
vn 0.20851 -0.27847 0.93754
vn 0.25761 -0.2965 0.91963
vn 0.42742 -0.3755 0.82238
vn 0.45916 -0.38193 0.80206
vn 0.53734 -0.43393 0.72317
vn 0.49869 -0.42597 0.75489
vn 0.49574 -0.4715 0.72933
vn 0.45261 -0.46264 0.76231
vn 0.38327 -0.4123 0.82651
vn 0.4235 -0.41037 0.80761
vn 0.32291 -0.40208 0.85677
vn 0.42201 -0.43954 0.79292
vn 0.54968 -0.47024 0.69045
vn 0.43918 -0.43157 0.78795
vn -0.00724 -0.32589 0.94538
vn 0.11187 -0.29854 0.94782
vn -0.40197 0.07795 0.91233
vn -0.498 0.15758 0.85274
vn -0.27319 -0.08825 0.9579
vn -0.07859 -0.18102 0.98033
vn 0.57336 -0.50468 0.64541
vn 0.62409 -0.49641 0.6034
vn 0.68982 -0.52451 0.49903
vn 0.67232 -0.59106 0.44568
vn 0.47387 -0.78529 0.39846
vn 0.16789 -0.8467 0.50489
vn 0.06371 -0.57856 0.81315
vn 0.31928 -0.65636 0.68356
vn 0.70154 -0.62028 0.35084
vn 0.60915 -0.72933 0.31149
vn 0.53704 -0.7689 0.34695
vn -0.03172 -0.86724 0.49688
vn -0.16908 -0.93113 0.32314
vn 0.42342 -0.86008 0.28456
vn 0.74334 -0.60488 0.2856
vn 0.78899 -0.55387 0.26594
vn 0.81703 -0.55668 0.15022
vn 0.80216 -0.59075 0.0869
vn 0.75725 -0.64825 0.07964
vn 0.66132 -0.74299 0.10305
vn 0.53969 -0.78789 0.2966
vn 0.65388 -0.73106 0.19492
vn -0.00928 -0.22273 -0.97484
vn 0.37511 -0.49554 -0.78341
vn 0.72082 -0.56874 -0.39617
vn 0.62789 -0.55057 -0.55012
vn 0.64888 -0.56867 -0.50554
vn 0.6099 -0.56536 -0.55533
vn 0.32985 -0.29281 -0.89748
vn 0.42362 -0.34188 -0.83885
vn 0.03766 0.02802 -0.9989
vn -0.15657 0.0736 -0.98492
vn -0.93355 -0.18517 -0.30691
vn -0.57365 -0.60316 -0.5542
vn 0.10727 -0.92168 -0.37282
vn 0.60485 -0.76266 -0.22913
vn 0.82956 -0.55667 -0.04401
vn 0.64927 -0.69881 -0.30018
vn 0.63436 -0.64436 -0.42707
vn 0.54297 -0.65856 -0.52104
vn -0.00335 -0.38909 -0.92119
vn 0.07205 -0.56511 -0.82187
vn -0.75997 0.11395 -0.63989
vn -0.56352 -0.26774 -0.78151
vn 0.67686 -0.61123 -0.41019
vn 0.68027 -0.56798 -0.46328
vn 0.74004 -0.53918 -0.40202
vn 0.74104 -0.50121 -0.44681
vn 0.68787 -0.464 -0.55815
vn 0.63035 -0.4553 -0.62878
vn 0.55539 -0.50954 -0.65721
vn 0.62517 -0.52245 -0.57984
vn 0.38401 -0.36542 -0.84794
vn 0.48061 -0.40932 -0.77555
vn 0.55227 -0.3736 -0.74527
vn 0.47152 -0.33998 -0.81368
vn 0.35716 -0.24048 -0.90256
vn 0.26979 -0.19357 -0.94326
vn 0.19675 -0.19429 -0.96101
vn 0.28693 -0.24855 -0.92515
vn 0.06437 -0.06698 -0.99568
vn 0.11834 -0.1035 -0.98756
vn 0.15771 -0.10557 -0.98183
vn 0.09691 -0.07009 -0.99282
vn 0.03352 -0.02273 -0.99918
vn 0.01525 -0.01153 -0.99982
vn 0.00932 -0.01077 -0.9999
vn 0.02457 -0.0223 -0.99945
vn -0 0 -1
vn -0 0 -1
vn -0 0 -1
vn -0 0 -1
vn -0 0 -1
vn -0 0 -1
vn -0 0 -1
vn -0 0 -1
vn -0.39758 0.60052 -0.69376
vn -0.37251 0.53039 -0.76153
vn -0.25904 0.38105 -0.88752
vn -0.22118 0.31078 -0.92439
vn -0.25925 0.31279 -0.91376
vn -0.30637 0.39232 -0.86731
vn -0.42289 0.51741 -0.74394
vn -0.45092 0.58478 -0.67432
vn -0.50848 0.80864 -0.29588
vn -0.52449 0.77839 -0.345
vn -0.47712 0.74387 -0.468
vn -0.4771 0.69562 -0.5371
vn -0.53197 0.65861 -0.5322
vn -0.53605 0.70352 -0.4666
vn -0.58926 0.73232 -0.34129
vn -0.57946 0.7616 -0.29018
vn -0.39504 0.38336 0.83485
vn -0.39642 0.33897 0.8532
vn -0.30151 0.23327 0.92449
vn -0.31416 0.2669 0.91108
vn -0.25931 0.2399 0.93552
vn -0.26951 0.30076 0.91483
vn -0.32228 0.43133 0.84267
vn -0.32246 0.3716 0.87059
vn -0.22121 0.14745 0.96401
vn -0.19633 0.12321 0.97277
vn -0.0931 0.02029 0.99545
vn -0.12486 0.03927 0.9914
vn -0.07682 -0.05013 0.99578
vn -0.10042 -0.02663 0.99459
vn -0.19943 0.14643 0.96891
vn -0.17327 0.08699 0.98102
vn -0.03062 -0.06202 0.99761
vn 0.01018 -0.09323 0.99559
vn 0.1119 -0.21803 0.96951
vn 0.0639 -0.17774 0.982
vn 0.06561 -0.22432 0.9723
vn 0.02041 -0.18829 0.9819
vn -0.02208 -0.1105 0.99363
vn 0.1544 -0.29574 0.94271
vn 0.20381 -0.32439 0.9237
vn 0.2927 -0.41928 0.85938
vn 0.24113 -0.40206 0.88329
vn 0.22176 -0.4531 0.86344
vn 0.17356 -0.41229 0.89437
vn 0.10241 -0.30075 0.94819
vn 0.14332 -0.3322 0.93226
vn 0.22051 -0.47917 0.84957
vn 0.23563 -0.49662 0.83537
vn 0.29456 -0.46133 0.8369
vn 0.26229 -0.50468 0.8225
vn 0.21554 -0.50149 0.83788
vn 0.09889 -0.44107 0.89201
vn 0.03434 -0.40402 0.91411
vn 0.11717 -0.43353 0.89349
vn 0.27799 -0.45108 0.84808
vn 0.3263 -0.44219 0.83546
vn 0.37346 -0.4879 0.78898
vn 0.28535 -0.46299 0.83917
vn 0.08071 -0.42981 0.89931
vn -0.2499 -0.05492 0.96671
vn -0.65586 0.5089 0.55755
vn -0.41426 0.29697 0.86035
vn -0.09152 -0.17963 0.97947
vn 0.20772 -0.46847 0.85871
vn 0.30631 -0.50766 0.80527
vn 0.18166 -0.48257 0.85681
vn -0.01202 -0.39666 0.91789
vn -0.20282 -0.28765 0.93601
vn -0.11516 -0.34692 0.9308
vn -0.00318 -0.39603 0.91823
vn 0.23683 -0.45651 0.85762
vn 0.25171 -0.41024 0.87656
vn -0.01941 -0.25362 0.96711
vn -0.19058 -0.23533 0.95305
vn -0.14126 -0.34966 0.92617
vn -0.01638 -0.38707 0.9219
vn 0.6285 -0.6769 -0.38314
vn 0.59748 -0.6843 -0.41804
vn 0.56148 -0.72518 -0.39857
vn 0.49028 -0.73816 -0.46341
vn 0.4002 -0.61446 -0.67991
vn 0.31467 -0.48961 -0.81318
vn 0.33716 -0.52197 -0.78349
vn 0.48365 -0.63052 -0.60706
vn 0.63188 -0.6275 -0.45493
vn 0.6149 -0.66204 -0.42849
vn 0.33235 -0.50821 -0.79452
vn 0.46159 -0.57934 -0.67179
vn 0.32805 -0.43393 -0.8391
vn 0.50454 -0.53002 -0.68156
vn 0.50418 -0.73671 -0.45062
vn 0.55212 -0.72044 -0.41968
vn 0.63827 -0.64877 -0.41437
vn 0.59695 -0.65035 -0.46978
vn 0.55042 -0.58536 -0.59531
vn 0.47186 -0.56875 -0.6737
vn 0.39184 -0.63653 -0.6643
vn 0.47604 -0.65727 -0.58429
vn 0.17987 -0.37501 -0.9094
vn 0.27964 -0.48204 -0.83032
vn 0.38042 -0.44916 -0.80841
vn 0.27163 -0.38195 -0.88336
vn 0.18346 -0.2418 -0.95283
vn 0.10434 -0.17148 -0.97965
vn 0.04199 -0.11763 -0.99217
vn 0.09063 -0.20053 -0.97549
vn 0.00577 -0.02135 -0.99976
vn 0.0195 -0.05081 -0.99852
vn 0.06345 -0.08727 -0.99416
vn 0.02738 -0.04969 -0.99839
vn 0.01303 -0.01787 -0.99976
vn 0.00371 -0.00709 -0.99997
vn 0.00061 -0.00236 -1
vn 0.00432 -0.00945 -0.99995
vn -0.34457 0.89097 -0.2957
vn -0.37098 0.8661 -0.33503
vn -0.31991 0.81173 -0.48863
vn -0.33716 0.74836 -0.57121
vn -0.41646 0.72474 -0.54892
vn -0.41194 0.78051 -0.47022
vn -0.45369 0.82472 -0.33765
vn -0.43308 0.85406 -0.28814
vn -0.30228 0.54254 0.78376
vn -0.28387 0.58853 0.757
vn -0.23766 0.6131 0.75341
vn -0.21779 0.64676 0.73093
vn -0.22086 0.67274 0.70615
vn -0.24155 0.65718 0.71398
vn -0.30164 0.6523 0.69536
vn -0.32428 0.61773 0.71642
vn -0.23182 0.3008 0.92508
vn -0.23645 0.37778 0.89519
vn -0.20313 0.38933 0.89842
vn -0.20228 0.47059 0.85885
vn -0.21767 0.58859 0.77858
vn -0.22869 0.52449 0.82013
vn -0.26713 0.50314 0.82189
vn -0.27385 0.43728 0.85662
vn -0.18294 0.20451 0.96162
vn -0.1599 0.11008 0.98098
vn -0.09366 -0.01692 0.99546
vn -0.05765 -0.07914 0.9952
vn -0.06536 -0.06005 0.99605
vn -0.09776 0.0503 0.99394
vn -0.16515 0.29537 0.941
vn -0.1489 0.18648 0.97111
vn 0.02865 -0.23847 0.97073
vn -0.00138 -0.19921 0.97996
vn 0.01389 -0.24402 0.96967
vn -0.01635 -0.1821 0.98314
vn 0.01618 -0.26396 0.9644
vn -0.00976 -0.23945 0.97086
vn 0.06234 -0.29492 0.95349
vn 0.02189 -0.27539 0.96108
vn -0.04284 -0.23908 0.97005
vn -0.0744 -0.21052 0.97475
vn -0.23105 -0.06486 0.97078
vn -0.2793 0.0888 0.95609
vn -0.18665 0.02555 0.98209
vn -0.06314 -0.17014 0.9834
vn 0.07625 -0.31932 0.94457
vn 0.0936 -0.33228 0.93853
vn 0.14336 -0.42709 0.89277
vn 0.10421 -0.37806 0.9199
vn -0.02818 -0.32017 0.94694
vn -0.06274 -0.27211 0.96022
vn 0.03693 -0.30005 0.95321
vn 0.05272 -0.32004 0.94594
vn 0.15017 -0.4942 0.85628
vn 0.12452 -0.50234 0.85566
vn 0.01294 -0.47539 0.87968
vn -0.15375 -0.33491 0.92962
vn -0.17189 -0.24875 0.95319
vn -0.03854 -0.37403 0.92661
vn 0.16659 -0.53027 0.8313
vn 0.17865 -0.49239 0.85184
vn 0.07572 -0.47738 0.87543
vn 0.12411 -0.49408 0.86051
vn -0.01693 -0.46625 0.88449
vn 0.11198 -0.53174 0.83947
vn -0.29544 -0.33276 -0.89554
vn -0.18549 -0.70507 -0.68445
vn 0.09764 -0.90781 -0.40786
vn 0.28609 -0.71252 -0.64068
vn 0.09727 -0.70308 -0.70443
vn -0.21748 -0.71423 -0.66526
vn -0.78616 -0.34854 -0.51037
vn -0.44793 -0.51587 -0.73023
vn 0.33467 -0.79128 -0.51173
vn 0.108 -0.95114 -0.28926
vn -0.16536 -0.80461 -0.57031
vn -0.04937 -0.43161 -0.90071
vn 0.18607 -0.45667 -0.86996
vn 0.17255 -0.62895 -0.75806
vn 0.29461 -0.66157 -0.68959
vn 0.30349 -0.72573 -0.61742
vn 0.21579 -0.66528 -0.71473
vn 0.27923 -0.72571 -0.62879
vn 0.23359 -0.71049 -0.6638
vn 0.117 -0.56642 -0.81577
vn 0.08371 -0.60183 -0.79422
vn 0.22509 -0.74345 -0.62978
vn 0.41994 -0.75797 -0.49913
vn 0.37276 -0.76442 -0.52603
vn 0.37937 -0.73326 -0.56428
vn 0.32792 -0.74586 -0.57979
vn -0.00776 -0.65733 -0.75356
vn 0.11462 -0.75333 -0.64758
vn -0.03082 -0.74748 -0.66357
vn 0.19026 -0.79539 -0.57547
vn 0.07013 -0.3046 -0.94989
vn 0.14654 -0.45962 -0.87594
vn 0.21051 -0.47565 -0.85407
vn 0.12594 -0.32666 -0.93672
vn 0.0449 -0.13884 -0.9893
vn 0.01834 -0.06677 -0.9976
vn 0.00479 -0.04278 -0.99907
vn 0.02206 -0.09587 -0.99515
vn -0.21447 0.76567 0.60642
vn -0.22281 0.7455 0.62816
vn -0.18727 0.68548 0.70359
vn -0.17519 0.69022 0.70207
vn -0.12967 0.65891 0.74096
vn -0.11846 0.65777 0.74385
vn -0.14677 0.73691 0.65986
vn -0.15612 0.71128 0.68535
vn -0.1586 0.67154 0.7238
vn -0.17723 0.67554 0.7157
vn -0.18466 0.67427 0.71502
vn -0.16472 0.68732 0.70743
vn -0.13715 0.70953 0.6912
vn -0.11779 0.70461 0.69975
vn -0.10981 0.6608 0.74249
vn -0.12669 0.6782 0.72387
vn -0.17274 0.4824 0.85875
vn -0.16849 0.56147 0.81017
vn -0.14372 0.5689 0.80975
vn -0.13403 0.63802 0.75827
vn -0.12894 0.71326 0.68894
vn -0.14548 0.68193 0.7168
vn -0.17358 0.66494 0.72644
vn -0.18676 0.61304 0.76766
vn -0.14602 0.38871 0.90972
vn -0.13704 0.28174 0.94966
vn -0.08006 0.03933 0.99601
vn -0.10307 0.1618 0.98143
vn -0.10328 0.17757 0.97867
vn -0.10348 0.21992 0.97001
vn -0.13102 0.47151 0.87207
vn -0.12857 0.36876 0.92059
vn -0.08437 0.06215 0.99449
vn -0.07104 0.00652 0.99745
vn -0.05626 -0.06329 0.99641
vn -0.06598 -0.03865 0.99707
vn -0.09802 -0.06903 0.99279
vn -0.28493 0.2401 0.92799
vn -0.46282 0.51723 0.71991
vn -0.24699 0.25802 0.93403
vn -0.01802 -0.21075 0.97737
vn -0.04208 -0.1592 0.98635
vn -0.06666 -0.17508 0.98229
vn -0.11284 -0.10951 0.98756
vn -0.00714 -0.27334 0.96189
vn -0.023 -0.27045 0.96246
vn -0.06081 -0.23027 0.97122
vn -0.11297 -0.16408 0.97996
vn -0.10687 -0.16005 0.98131
vn -0.07525 -0.20555 0.97575
vn -0.00637 -0.27567 0.96123
vn -0.00729 -0.25276 0.9675
vn -0.05351 -0.18224 0.9818
vn -0.12339 -0.09195 0.98809
vn -0.1282 -0.11974 0.98449
vn -0.08963 -0.16438 0.98232
vn -0.18036 -0.63412 -0.7519
vn -0.036 -0.80396 -0.59359
vn 0.07771 -0.6945 -0.71529
vn 0.02202 -0.75313 -0.6575
vn -0.01533 -0.60401 -0.79683
vn -0.06051 -0.50142 -0.86308
vn -0.15512 -0.40817 -0.89963
vn -0.22822 -0.454 -0.86128
vn 0.01945 -0.47917 -0.87751
vn -0.00197 -0.55266 -0.8334
vn 0.1476 -0.7036 -0.6951
vn 0.08707 -0.73872 -0.66837
vn -0.15422 -0.6623 -0.7332
vn -0.08233 -0.65383 -0.75215
vn -0.26693 -0.26258 -0.92725
vn -0.25313 -0.17247 -0.95194
vn 0 0 -1
vn 0 0 -1
vn 0 0 -1
vn 0 0 -1
vn 0 0 -1
vn 0 0 -1
vn -0 0 -1
vn -0 0 -1
vn 0.05456 -0.43486 -0.89884
vn 0.0036 -0.26003 -0.96559
vn 0.0013 -0.07414 -0.99725
vn -0.00386 -0.03313 -0.99944
vn -0.00566 -0.04886 -0.99879
vn -0.00953 -0.08199 -0.99659
vn -0.01855 -0.23857 -0.97095
vn -0.01065 -0.37414 -0.92731
vn 0 -0 -1
vn 0 0 -1
vn 0 -0 -1
vn 0 -0 -1
vn 0 -0 -1
vn 0 -0 -1
vn 0 -0 -1
vn 0 -0 -1
vn 0 -0 -1
vn 0 0 -1
vn 0 -0 -1
vn 0 0 -1
vn 0 -0 -1
vn 0 -0 -1
vn 0 -0 -1
vn 0 -0 -1
vn 0 -0 -1
vn 0 -0 -1
vn 0 -0 -1
vn 0 -0 -1
vn 0 -0 -1
vn 0 -0 -1
vn 1E-05 -0 -1
vn 0 0 -1
vn 0 -1E-05 -1
vn 0 -0 -1
vn -0 0 -1
vn -0 0 -1
vn -0 0 -1
vn -0 0 -1
vn 0 -0 -1
vn 0 -0 -1
vn -0.09083 0.7415 0.66478
vn -0.1054 0.72694 0.67857
vn -0.11823 0.67069 0.73225
vn -0.10588 0.72667 0.67878
vn -0.0962 0.7712 0.62928
vn -0.05869 0.80625 0.58866
vn -0.02029 0.77605 0.63035
vn -0.054 0.778 0.62594
vn -0.12062 0.81148 0.5718
vn -0.1516 0.79997 0.58058
vn -0.14005 0.7063 0.69392
vn -0.19591 0.94366 0.26669
vn -0.18956 0.8714 0.45247
vn -0.16311 0.61345 0.7727
vn -0.14041 0.45368 0.88003
vn -0.13827 0.30983 0.94068
vn -0.18736 0.35546 0.91572
vn -0.28814 0.60729 0.74039
vn -0.28011 0.84962 0.44685
vn -0.20281 0.94215 0.26687
vn -0.20183 0.83319 0.51485
vn -0.41607 0.4682 0.77953
vn -0.31355 0.4449 0.8389
vn -0.45043 0.68823 0.56872
vn -0.40797 0.75478 0.51368
vn -0.46499 0.43871 0.76897
vn -0.25789 0.23751 0.93652
vn 0 0 -1
vn 0 0 -1
vn 0 0 -1
vn 0 0 -1
vn 0 0 -1
vn 0 0 -1
vn 0 0 -1
vn 0 0 -1
vn 0 0 -1
vn 0 0 -1
vn 0 0 -1
vn 0 0 -1
vn 0 0 -1
vn 0 0 -1
vn 0 0 -1
vn 0 0 -1
vn 0 0 -1
vn 0 0 -1
vn 0 0 -1
vn -0 -0 -1
vn 0 0 -1
vn -0 -0 -1
vn -0 -0 -1
vn 0 -0 -1
vn 2E-05 1E-05 -1
vn 2E-05 1E-05 -1
vn 0.06828 0.15022 -0.98629
vn 0.01994 0.05756 -0.99814
vn 0.01109 0.05722 -0.9983
vn 0.02752 0.11231 -0.99329
vn 0.06085 0.28361 -0.95701
vn 0.10768 0.38771 -0.91547
vn 0.12279 0.30954 -0.94292
vn 0.23644 0.47764 -0.84614
vn 0.27095 0.60512 -0.74861
vn 0.13603 0.56355 -0.8148
vn 0.18925 0.6212 -0.76046
vn 0.20921 0.77836 -0.59194
vn 0.24049 0.72806 -0.64195
vn 0.35441 0.75051 -0.55779
vn 0.37229 0.69927 -0.61026
vn 0.5002 0.86282 -0.07303
vn 0.44379 0.88258 -0.15528
vn 0.44804 0.80051 -0.39806
vn 0.41886 0.84621 -0.32936
vn 0.29436 0.84834 -0.44008
vn 0.24944 0.90038 -0.3565
vn 0.26114 0.95006 -0.17083
vn 0.333 0.93939 -0.08158
vn 0.23982 0.89185 0.38353
vn 0.28598 0.84309 0.45543
vn 0.45496 0.80181 0.38744
vn 0.42003 0.84752 0.32447
vn 0.49584 0.85491 0.15253
vn 0.45154 0.88814 0.08555
vn 0.33318 0.93892 0.08618
vn 0.25977 0.94813 0.18323
vn 0.18215 0.77001 0.61148
vn 0.21852 0.73811 0.63831
vn 0.1065 0.67006 0.73463
vn 0.17498 0.68664 0.70563
vn 0.29455 0.66305 0.68819
vn 0.26794 0.68573 0.67674
vn 0.3928 0.7513 0.53033
vn 0.31035 0.7328 0.60554
vn 0.13504 0.67774 0.7228
vn 0.07705 0.68668 0.72286
vn 0.06815 0.71595 0.69482
vn 0.26617 0.65606 0.70622
vn 0.21346 0.68012 0.70134
vn 0 0 -1
vn 0 0 -1
vn -1E-05 0 -1
vn 0 0 -1
vn 0 0 -1
vn 0 0 -1
vn 0 0 -1
vn 0 0 -1
vn 0 0 -1
vn 0 0 -1
vn 0 0 -1
vn 0 0 -1
vn -1E-05 0 -1
vn -1E-05 0 -1
vn 0 0 -1
vn 0 0 -1
vn 0 0 -1
vn 0 0 -1
vn 0.00239 0.0009 -1
vn 0.0017 0.00077 -1
vn 0.00088 0.00021 -1
vn 0.00084 0.00021 -1
vn 0.01876 0.01158 -0.99976
vn 0.0314 0.01908 -0.99932
vn 0.00436 0.00268 -0.99999
vn 0.01849 0.01088 -0.99977
vn 0.2675 0.28692 -0.91985
vn 0.14858 0.16106 -0.9757
vn 0.06619 0.10331 -0.99244
vn 0.17984 0.24292 -0.95323
vn 0.29428 0.45504 -0.84044
vn 0.40692 0.62056 -0.67031
vn 0.49695 0.66192 -0.56116
vn 0.47085 0.53735 -0.69968
vn 0.54207 0.77282 -0.33
vn 0.57112 0.80091 -0.17988
vn 0.62662 0.77325 -0.09712
vn 0.54331 0.76905 0.33671
vn 0.59314 0.75957 0.2669
vn 0.62815 0.69484 0.35016
vn 0.65593 0.64934 0.38486
vn 0.63256 0.76963 0.08681
vn 0.58115 0.80063 0.1458
vn 0.53498 0.71693 0.447
vn 0.55815 0.68975 0.46121
vn 0.53723 0.64979 0.53773
vn 0.57175 0.59719 0.56255
vn 0.60717 0.60484 0.51528
vn 0.5989 0.67393 0.4326
vn 0.48644 0.69105 0.53463
vn 0.43514 0.69729 0.5696
vn 0.37835 0.65456 0.65452
vn 0.39221 0.62972 0.67054
vn 0.43955 0.60899 0.66024
vn 0.49064 0.56966 0.65936
vn 0.53608 0.58903 0.6047
vn 0.50804 0.60259 0.61545
vn 0.36789 0.61154 0.70048
vn 0.3889 0.58523 0.71152
vn 0.39979 0.46632 0.78912
vn 0.44036 0.30948 0.8428
vn 0.46103 0.42939 0.77658
vn 0.41918 0.58134 0.69737
vn 0.35246 0.53701 0.76641
vn 0.31915 0.56461 0.76116
vn 0.37549 0.16979 0.91114
vn 0.352 0.22228 0.90922
vn 0.3266 0.51103 0.7951
vn 0.37572 0.36877 0.8502
vn 0.3904 0.09747 0.91547
vn 0.50657 0.27924 0.81573
vn 0.46983 0.3173 0.82376
vn 0.35637 0.0942 0.92958
vn 0.28816 0.44162 0.84967
vn 0.23675 0.36431 0.90068
vn 0.15935 -0.07859 0.98409
vn 0.1909 -0.3308 0.92419
vn 0.31123 0.05639 0.94866
vn 0.53523 0.31352 -0.78437
vn 0.59652 0.32621 -0.73331
vn 0.00866 0.02424 -0.99967
vn 0.12851 0.08942 -0.98767
vn 0.14277 0.08874 -0.98577
vn 0.27007 0.21408 -0.93874
vn 0.45508 0.32759 -0.828
vn 0.28471 0.23134 -0.93028
vn 0.01108 0.07452 -0.99716
vn 0.14323 0.12875 -0.98128
vn 0.89158 0.42639 -0.1526
vn 0.73778 0.62144 -0.26362
vn 0.66289 0.52644 -0.53239
vn 0.71623 0.37045 -0.59142
vn 0.98516 0.13304 0.10844
vn 0.84482 -0.41663 0.3357
vn 0.80368 -0.28398 0.52292
vn 0.66656 0.73359 -0.13245
vn 0.81891 0.56939 0.07194
vn 0.90247 0.14053 0.40718
vn 0.93433 0.24385 0.25994
vn 0.9033 0.31594 0.29021
vn 0.9216 0.38388 0.05734
vn 0.98494 -0.08108 -0.15269
vn 0.93011 -0.3433 0.13056
vn 0.90344 0.42871 0.00365
vn 0.66381 0.72032 0.20121
vn 0.65713 0.66929 0.34674
vn 0.60309 0.72186 0.33942
vn 0.65958 0.58841 0.46767
vn 0.93951 0.1543 0.30581
vn 0.8737 0.0341 -0.48527
vn 0.91168 0.03281 -0.40959
vn 0.97278 -0.04169 -0.22793
vn 0.93759 -0.01547 -0.34741
vn 0.90374 -0.03647 -0.42652
vn 0.86843 -0.00819 -0.49575
vn 0.86127 -0.08657 -0.50071
vn 0.90098 -0.06912 -0.42831
vn 0.96848 -0.09701 -0.22944
vn 0.93081 -0.10281 -0.35075
vn 0.89672 -0.14247 -0.41904
vn 0.85816 -0.13171 -0.4962
vn 0.85462 -0.21273 -0.47368
vn 0.89517 -0.17622 -0.4094
vn 0.96622 -0.15139 -0.20856
vn 0.92786 -0.19044 -0.32065
vn 0.89416 -0.24789 -0.37288
vn 0.85345 -0.25811 -0.45277
vn 0.85256 -0.33565 -0.4006
vn 0.8936 -0.28023 -0.35065
vn 0.96557 -0.19884 -0.16773
vn 0.92763 -0.2699 -0.25819
vn 0.8942 -0.34306 -0.28759
vn 0.85246 -0.37696 -0.36224
vn 0.85224 -0.44153 -0.28059
vn 0.89403 -0.36983 -0.25284
vn 0.96562 -0.23476 -0.11166
vn 0.92808 -0.33236 -0.16796
vn 0.89401 -0.4157 -0.16717
vn 0.8518 -0.4726 -0.22603
vn 0.84996 -0.51276 -0.12105
vn 0.89341 -0.43213 -0.12281
vn 0.96543 -0.25644 -0.0467
vn 0.92706 -0.3702 -0.05921
vn 0.89092 -0.45354 -0.02391
vn 0.84793 -0.52714 -0.05601
vn 0.84578 -0.5322 0.03763
vn 0.8903 -0.45516 0.01435
vn 0.96397 -0.26563 0.01403
vn 0.92389 -0.38064 0.0392
vn 0.88698 -0.45406 0.08426
vn 0.84457 -0.52933 0.08066
vn 0.84791 -0.50737 0.15373
vn 0.88875 -0.44393 0.11421
vn 0.96447 -0.25651 0.06319
vn 0.92504 -0.36117 0.1177
vn 0.89338 -0.41357 0.17558
vn 0.85108 -0.48831 0.19293
vn 0.85905 -0.4428 0.25685
vn 0.89614 -0.39535 0.20157
vn 0.96897 -0.22455 0.10332
vn 0.93243 -0.31138 0.18335
vn 0.90566 -0.34088 0.25216
vn 0.86545 -0.40887 0.28953
vn 0.87772 -0.33969 0.33796
vn 0.90999 -0.31278 0.27219
vn 0.97528 -0.17731 0.13186
vn 0.94357 -0.23666 0.23166
vn 0.92186 -0.24008 0.3042
vn 0.8859 -0.29342 0.35929
vn 0.89948 -0.20698 0.38484
vn 0.92679 -0.20454 0.31501
vn 0.98189 -0.12162 0.14529
vn 0.95562 -0.14607 0.25583
vn 0.93806 -0.12224 0.32419
vn 0.90738 -0.15371 0.3912
vn 0.9191 -0.06091 0.3893
vn 0.94243 -0.08378 0.32375
vn 0.98762 -0.06376 0.14333
vn 0.96603 -0.05032 0.25348
vn 0.95092 -0.00217 0.30943
vn 0.92507 -0.00797 0.37972
vn 0.93358 0.07483 0.35048
vn 0.95392 0.03288 0.29824
vn 0.99181 -0.01002 0.1273
vn 0.97329 0.038 0.22642
vn 0.95651 0.10974 0.27028
vn 0.93412 0.12671 0.33372
vn 0.9419 0.1901 0.27694
vn 0.95882 0.13663 0.249
vn 0.99464 0.03627 0.09678
vn 0.97833 0.11075 0.17492
vn 0.96316 0.19304 0.18722
vn 0.94564 0.22533 0.23452
vn 0.94544 0.28058 0.1656
vn 0.96352 0.21565 0.15848
vn 0.99586 0.07204 0.05543
vn 0.98 0.16885 0.10528
vn 0.9657 0.2429 0.09175
vn 0.94825 0.29355 0.12103
vn 0.9425 0.32867 0.06054
vn 0.96425 0.25701 0.0646
vn 0.9959 0.08979 0.01095
vn 0.97907 0.20064 0.03407
vn 0.96306 0.26883 0.01546
vn 0.94085 0.33714 0.03367
vn 0.94083 0.33567 -0.04661
vn 0.96264 0.27015 -0.01864
vn 0.99506 0.08899 -0.04411
vn 0.97803 0.20118 -0.05462
vn 0.9594 0.25818 -0.11352
vn 0.93847 0.32777 -0.10884
vn 0.93016 0.3023 -0.20836
vn 0.95632 0.24725 -0.15598
vn 0.99139 0.0751 -0.10727
vn 0.97126 0.17651 -0.1597
vn 0.94701 0.21706 -0.23676
vn 0.92386 0.28197 -0.25879
vn 0.91161 0.23544 -0.33695
vn 0.94248 0.1971 -0.26997
vn 0.98548 0.04837 -0.16278
vn 0.96004 0.13004 -0.2478
vn 0.93098 0.14972 -0.33296
vn 0.90402 0.20503 -0.37512
vn 0.89129 0.14341 -0.43016
vn 0.92632 0.12347 -0.35593
vn 0.9788 0.00842 -0.20464
vn 0.9479 0.06424 -0.31204
vn 0.91558 0.063 -0.39717
vn 0.8843 0.10593 -0.45475
vn -0.20551 -0.93259 -0.2967
vn -0.18525 -0.95193 -0.24394
vn -0.11432 -0.94606 -0.30315
vn -0.0955 -0.96363 -0.24959
vn -0.12033 -0.99063 -0.06461
vn -0.14367 -0.98135 -0.12772
vn -0.20948 -0.97572 -0.06397
vn -0.23234 -0.96434 -0.12672
vn -0.24629 -0.96784 0.05134
vn -0.21946 -0.97017 0.10299
vn -0.15906 -0.98596 0.05079
vn -0.13184 -0.98605 0.10156
vn -0.13368 -0.96562 0.22294
vn -0.16308 -0.96846 0.18838
vn -0.21935 -0.94929 0.22524
vn -0.24824 -0.9498 0.19041
vn -0.36228 -0.87795 -0.31297
vn -0.35348 -0.90286 -0.24474
vn -0.29164 -0.90841 -0.29955
vn -0.27375 -0.93088 -0.24189
vn -0.29584 -0.95312 -0.0635
vn -0.31725 -0.93992 -0.12611
vn -0.37783 -0.92376 -0.06257
vn -0.39635 -0.90973 -0.12368
vn -0.41062 -0.9103 0.0524
vn -0.38494 -0.91705 0.10415
vn -0.33027 -0.94247 0.0518
vn -0.30391 -0.94702 0.10388
vn -0.30155 -0.92612 0.22667
vn -0.33 -0.92434 0.19157
vn -0.40618 -0.88516 0.22695
vn -0.38311 -0.9036 0.19165
vn -0.003 -0.00616 -0.99998
vn -0.01168 -0.02435 -0.99964
vn -0.00867 -0.01819 -0.9998
vn -0.0238 -0.05128 -0.9984
vn -0.10817 -0.25137 -0.96183
vn -0.05921 -0.13382 -0.98924
vn -0.05676 -0.1311 -0.98974
vn -0.02435 -0.05468 -0.99821
vn -0.13544 -0.2474 -0.9594
vn -0.2119 -0.40927 -0.88747
vn -0.1824 -0.41113 -0.89314
vn -0.24448 -0.56606 -0.78728
vn -0.3611 -0.78857 -0.49775
vn -0.33032 -0.7002 -0.63293
vn -0.4109 -0.7026 -0.58096
vn -0.35791 -0.57196 -0.73808
vn -0.52806 -0.76598 -0.36664
vn -0.52023 -0.81381 -0.25899
vn -0.43229 -0.83653 -0.33667
vn -0.42796 -0.86851 -0.25008
vn -0.46019 -0.88582 -0.05952
vn -0.48226 -0.86813 -0.11738
vn -0.5578 -0.82819 -0.05448
vn -0.58839 -0.80127 -0.10842
vn -0.60042 -0.79804 0.05127
vn -0.56345 -0.82004 0.10029
vn -0.4975 -0.86588 0.05242
vn -0.46729 -0.87806 0.10323
vn -0.46408 -0.86516 0.1901
vn -0.4894 -0.84272 0.22429
vn -0.58887 -0.77832 0.21786
vn -0.55801 -0.80891 0.1852
vn -0.56913 -0.7578 0.31913
vn -0.54155 -0.78918 0.28968
vn -0.45105 -0.84204 0.29585
vn -0.47184 -0.81828 0.32831
vn -0.42748 -0.80882 0.40383
vn -0.4413 -0.78273 0.43885
vn -0.53701 -0.73081 0.42136
vn -0.51411 -0.76218 0.39342
vn -0 -0 -1
vn -0.00044 -0.00084 -1
vn -0.00044 -0.00084 -1
vn -0.00345 -0.007 -0.99997
vn -0.01766 -0.04114 -0.999
vn -0.00543 -0.01163 -0.99992
vn -0.00242 -0.00547 -0.99998
vn -0.00044 -0.00084 -1
vn -0.69387 -0.59863 -0.40023
vn -0.70936 -0.64908 -0.27477
vn -0.62591 -0.67541 -0.38995
vn -0.62686 -0.73124 -0.26894
vn -0.66113 -0.74865 -0.04916
vn -0.68639 -0.72023 -0.10073
vn -0.73807 -0.67313 -0.04635
vn -0.75376 -0.64984 -0.0978
vn -0.75432 -0.64963 0.09481
vn -0.7387 -0.67216 0.05026
vn -0.66489 -0.74514 0.05179
vn -0.69118 -0.71616 0.09691
vn -0.65618 -0.73323 0.17832
vn -0.67931 -0.70269 0.2116
vn -0.74103 -0.63805 0.20922
vn -0.72886 -0.66205 0.17453
vn -0.72081 -0.62163 0.30663
vn -0.71174 -0.64614 0.27556
vn -0.63926 -0.71602 0.28046
vn -0.66021 -0.68413 0.30998
vn -0.61298 -0.69457 0.3766
vn -0.63291 -0.66351 0.39898
vn -0.69757 -0.60612 0.38212
vn -0.68845 -0.62787 0.36306
vn -0.67573 -0.59717 0.43217
vn -0.66325 -0.61494 0.42655
vn -0.57788 -0.67288 0.46184
vn -0.59992 -0.64683 0.47086
vn -0.53067 -0.64739 0.54706
vn -0.54391 -0.6157 0.57015
vn -0.62383 -0.56721 0.53769
vn -0.6263 -0.59806 0.50006
vn -0.63388 -0.25683 0.72955
vn -0.65683 -0.30464 0.68976
vn -0.6318 -0.37228 0.67988
vn -0.59804 -0.33182 0.72955
vn -0.49839 -0.30452 0.81171
vn -0.46825 -0.26873 0.84174
vn -0.51731 -0.20233 0.83154
vn -0.54567 -0.24853 0.8003
vn -0 0 -1
vn -0 0 -1
vn -0 0 -1
vn -0 0 -1
vn -0 0 -1
vn -0 0 -1
vn -0 0 -1
vn -0 0 -1
vn -0 -0 -1
vn -0 -0 -1
vn -0 0 -1
vn -0 0 -1
vn 0 0 -1
vn 0 0 -1
vn 0 0 -1
vn 0 0 -1
vn -0.00468 0.00102 -0.99999
vn -0.0055 0.00116 -0.99998
vn -0.00082 0.00015 -1
vn -0.00082 0.00015 -1
vn -0.0035 0.00084 -0.99999
vn -0.00432 0.00099 -0.99999
vn -0.02424 0.00624 -0.99969
vn -0.02542 0.00641 -0.99966
vn 0 -0 -1
vn 0 -0 -1
vn 0 -0 -1
vn 0 -0 -1
vn 0 -0 -1
vn -0 -0 -1
vn -0 -0 -1
vn 0 -0 -1
vn -0.65331 0.1229 0.74705
vn -0.63206 0.1052 0.76775
vn -0.66898 0.07406 0.73958
vn -0.64685 0.05029 0.76096
vn -0.53146 0.03913 0.84618
vn -0.57183 0.06231 0.818
vn -0.5128 0.08603 0.85419
vn -0.55222 0.10532 0.82702
vn -0.90988 0.34142 0.23569
vn -0.93034 0.31654 0.18509
vn -0.95195 0.2352 0.19612
vn -0.93461 0.2546 0.24835
vn -0.89627 0.21283 0.38911
vn -0.90736 0.2397 0.34532
vn -0.87398 0.31524 0.36983
vn -0.89534 0.29468 0.33395
vn -0.80055 0.59697 -0.05245
vn -0.82195 0.55005 -0.14781
vn -0.88774 0.42189 -0.1842
vn -0.87541 0.4725 -0.102
vn -0.90055 0.43442 0.01708
vn -0.87142 0.48108 0.0959
vn -0.7862 0.5985 0.15394
vn -0.82236 0.56437 0.07217
vn -0.75942 0.58632 0.28195
vn -0.79625 0.55843 0.2327
vn -0.88297 0.42793 0.19296
vn -0.84571 0.47232 0.24839
vn -0.85268 0.40704 0.3275
vn -0.81368 0.44981 0.36822
vn -0.73548 0.56586 0.37266
vn -0.76907 0.54245 0.33806
vn 0 -0 -1
vn 0 -0 -1
vn 0 -0 -1
vn 0 -0 -1
vn 0 -0 -1
vn 0 -0 -1
vn 0 -0 -1
vn 0 -0 -1
vn -0.02549 0.03725 -0.99898
vn -0.01457 0.01998 -0.99969
vn -0.01717 0.01952 -0.99966
vn -0.03174 0.0395 -0.99872
vn -0.10037 0.11853 -0.98787
vn -0.14201 0.17947 -0.97346
vn -0.11519 0.16791 -0.97905
vn -0.08456 0.11805 -0.9894
vn -0.52424 0.83582 -0.163
vn -0.54676 0.81237 -0.20276
vn -0.62435 0.76207 -0.17156
vn -0.60777 0.78284 -0.13331
vn -0.65069 0.75917 -0.01649
vn -0.62815 0.77808 0.0041
vn -0.53403 0.8447 -0.03604
vn -0.56185 0.82403 -0.07282
vn -0.5329 0.84348 0.0675
vn -0.5649 0.81574 0.12435
vn -0.63105 0.76956 0.0977
vn -0.6657 0.72888 0.15991
vn -0.65847 0.69261 0.29448
vn -0.62732 0.74015 0.24216
vn -0.5456 0.78132 0.30308
vn -0.51913 0.81795 0.24791
vn -0.48398 0.76343 0.4277
vn -0.50718 0.72469 0.46647
vn -0.60052 0.69553 0.39447
vn -0.62853 0.64513 0.43446
vn -0.57799 0.57539 0.57866
vn -0.55516 0.63168 0.5411
vn -0.45941 0.64917 0.60623
vn -0.43997 0.69227 0.57201
vn -0.3963 0.61032 0.6859
vn -0.41407 0.56784 0.71141
vn -0.49979 0.55015 0.66899
vn -0.52236 0.49892 0.69153
vn -0.47035 0.42991 0.77068
vn -0.45017 0.47148 0.75832
vn -0.37334 0.48327 0.79187
vn -0.36032 0.52899 0.76833
vn 0 -0 -1
vn 0 -0 -1
vn 0 -0 -1
vn 0 -0 -1
vn 0 -0 -1
vn 0 -0 -1
vn 0 -0 -1
vn 0 -0 -1
vn -0 0 -1
vn 0 0 -1
vn -0 0 -1
vn -0 0 -1
vn -0 0 -1
vn -0 0 -1
vn -0 0 -1
vn -0 0 -1
vn -0.00922 0.01604 -0.99983
vn -0.00661 0.01131 -0.99991
vn -0.01092 0.01727 -0.99979
vn -0.01753 0.02858 -0.99944
vn -0.0629 0.09866 -0.99313
vn -0.08022 0.12693 -0.98866
vn -0.04238 0.06912 -0.99671
vn -0.03751 0.06166 -0.99739
vn -0.12814 0.24768 -0.96033
vn -0.11352 0.19273 -0.97466
vn -0.17179 0.2686 -0.94781
vn -0.19933 0.32555 -0.92428
vn -0.31311 0.51057 -0.8008
vn -0.3361 0.59349 -0.7313
vn -0.24931 0.57637 -0.77823
vn -0.2392 0.46785 -0.85082
vn -0.35761 0.91764 -0.17337
vn -0.38223 0.90029 -0.20828
vn -0.46505 0.86088 -0.20645
vn -0.44059 0.88225 -0.1659
vn -0.47177 0.87755 -0.08564
vn -0.44515 0.89443 -0.04276
vn -0.36463 0.93005 -0.04534
vn -0.38952 0.91679 -0.08817
vn -0.36317 0.928 0.08319
vn -0.38473 0.91012 0.15381
vn -0.44345 0.8935 0.07072
vn -0.46813 0.87385 0.13132
vn -0.44044 0.83082 0.34022
vn -0.4229 0.86149 0.28106
vn -0.35145 0.84916 0.39423
vn -0.33942 0.88145 0.32839
vn -0.29077 0.79021 0.53947
vn -0.30288 0.7684 0.56376
vn -0.37968 0.79334 0.47588
vn -0.39731 0.76375 0.50875
vn -0.35487 0.68912 0.63181
vn -0.33496 0.72097 0.60664
vn -0.26156 0.7009 0.66358
vn -0.24635 0.71694 0.65215
vn -0 -0.00032 -1
vn -0.00038 -0.00209 -1
vn 0.00168 -0.01603 -0.99987
vn 0.00023 -0.00445 -0.99999
vn 0.00061 -0.00268 -1
vn -0 -0.00032 -1
vn 0 -0 -1
vn -0 -0.00032 -1
vn 0 -0 -1
vn 0 -0 -1
vn 0 -0 -1
vn 0 -0 -1
vn 0 -0 -1
vn 0 -0 -1
vn 0 -0 -1
vn 0 -0 -1
vn -0 -0 -1
vn 0 -0 -1
vn 0 -0 -1
vn 0 -0 -1
vn -0 0 -1
vn -0 0 -1
vn -0 0 -1
vn -0 0 -1
vn -0.00038 0.00084 -1
vn -0.00038 0.00084 -1
vn -0.00261 0.00473 -0.99999
vn -0.00299 0.00557 -0.99998
vn -0.01447 0.02434 -0.9996
vn -0.01363 0.02294 -0.99964
vn -0.00177 0.00333 -0.99999
vn -0.00215 0.00417 -0.99999
vn -0.0204 0.15098 -0.98833
vn -0.01823 0.08392 -0.99631
vn -0.05647 0.12309 -0.99079
vn -0.06136 0.18491 -0.98084
vn -0.14511 0.42319 -0.89434
vn -0.14389 0.54709 -0.82462
vn -0.06013 0.50378 -0.86174
vn -0.06352 0.38041 -0.92263
vn -0.10392 0.77122 -0.62803
vn -0.11822 0.72111 -0.68266
vn -0.22728 0.75412 -0.61616
vn -0.20687 0.81285 -0.54449
vn -0.27034 0.88717 -0.37397
vn -0.24668 0.90264 -0.35269
vn -0.14923 0.88078 -0.4494
vn -0.16688 0.87005 -0.46385
vn -0.18652 0.94528 -0.26768
vn -0.20805 0.92841 -0.30785
vn -0.29654 0.92445 -0.23971
vn -0.27532 0.93837 -0.20896
vn -0.31161 0.94495 -0.09982
vn -0.28865 0.95589 -0.05444
vn -0.20267 0.97683 -0.06875
vn -0.23067 0.9652 -0.12323
vn -0.20356 0.97342 0.10497
vn -0.22952 0.95243 0.2005
vn -0.28828 0.95277 0.09554
vn -0.30792 0.93448 0.17867
vn -0.27209 0.84781 0.45517
vn -0.26381 0.88769 0.37738
vn -0.19851 0.83803 0.50823
vn -0.18537 0.89014 0.41628
vn 0.01595 0.12157 -0.99245
vn 0.00486 0.06435 -0.99792
vn -0.00396 0.07038 -0.99751
vn 0.00091 0.13473 -0.99088
vn -0.01254 0.34257 -0.93941
vn 0.00428 0.45581 -0.89007
vn 0.05705 0.413 -0.90894
vn 0.02891 0.308 -0.95095
vn 0.08717 0.6526 -0.75267
vn 0.05409 0.6014 -0.79711
vn -0.02853 0.66115 -0.74971
vn -0.00651 0.70712 -0.70706
vn -0.06347 0.82172 -0.56635
vn -0.03755 0.83832 -0.54388
vn 0.09843 0.79844 -0.59397
vn 0.0524 0.77016 -0.6357
vn 0.11146 0.92765 -0.35642
vn 0.04517 0.89581 -0.44213
vn -0.10194 0.91617 -0.38761
vn -0.06549 0.94299 -0.32633
vn -0.12176 0.98096 -0.15128
vn -0.07571 0.99372 -0.08244
vn 0.12242 0.98856 -0.08807
vn 0.04688 0.9842 -0.17072
vn 0.12079 0.98778 0.09846
vn 0.043 0.97785 0.20486
vn -0.07822 0.99127 0.10612
vn -0.12416 0.96953 0.21117
vn -0.1131 0.83745 0.53469
vn -0.07877 0.90084 0.42694
vn 0.02317 0.85377 0.52014
vn 0.09876 0.90964 0.40349
vn 0.06021 0.75635 0.65139
vn -0.00313 0.70621 0.708
vn -0.07432 0.73168 0.67758
vn -0.09595 0.69061 0.71684
vn -0.08621 0.63848 0.76479
vn -0.0728 0.64414 0.76144
vn -0.0249 0.64633 0.76265
vn 0.02325 0.66533 0.74619
vn 0.00036 0.66004 0.75123
vn -0.03589 0.67335 0.73845
vn -0.07455 0.65377 0.75301
vn -0.08688 0.67453 0.73312
vn -0.09507 0.72324 0.68402
vn -0.08106 0.71065 0.69886
vn -0.04326 0.72761 0.68463
vn -0.01036 0.71045 0.70367
vn 3E-05 1E-05 -1
vn 8E-05 0 -1
vn 0.0001 1E-05 -1
vn 0.00357 0.00247 -0.99999
vn 8E-05 -1E-05 -1
vn 0 -2E-05 -1
vn -0 -2E-05 -1
vn -0 -1E-05 -1
vn 0.0035 0.00247 -0.99999
vn 0.20487 -0.07578 0.97585
vn 0.27225 0.4722 0.8384
vn 0.21986 0.55898 0.7995
vn 0.20399 0.65759 0.72523
vn 0.132 0.79162 0.59658
vn 0.07565 0.83248 0.54887
vn -0.03458 0.88636 0.4617
vn 0.06635 0.90846 0.41267
vn 0.08571 0.85912 0.50454
vn 0.12186 0.89305 0.43314
vn 0.22395 0.82375 0.52084
vn 0.30526 0.6629 0.68365
vn -0.07992 0.91828 0.38779
vn -0.12818 0.87961 0.4581
vn -0.16599 0.94452 0.28341
vn -0.11943 0.92959 0.34871
vn 0.02509 0.85346 0.52056
vn -0.05548 0.90392 0.42408
vn 2E-05 1E-05 -1
vn -1E-05 0 -1
vn 0 0 -1
vn 0 0 -1
vn 0 0 -1
vn 2E-05 1E-05 -1
vn 0 0 -1
vn 0 0 -1
vn -1E-05 -1E-05 -1
vn -0 -1E-05 -1
vn 0 -1E-05 -1
vn 1E-05 -0 -1
vn 0 0 -1
vn 0 0 -1
vn 0 0 -1
vn 0 0 -1
vn 0.00013 7E-05 -1
vn 4E-05 0 -1
vn 3E-05 0 -1
vn 6E-05 2E-05 -1
vn -1E-05 1E-05 -1
vn -1E-05 1E-05 -1
vn 8E-05 8E-05 -1
vn 0.00011 0.00012 -1
vn 3E-05 8E-05 -1
vn 0 2E-05 -1
vn 8E-05 0.00014 -1
vn 0.00019 0.00031 -1
vn 0.00024 0.0003 -1
vn 0.00298 0.00185 -0.99999
vn 0.00153 0.00133 -1
vn 0.0019 0.00193 -1
vn 0.00061 0.00092 -1
vn 0.0028 0.00366 -0.99999
vn 0.00904 0.01182 -0.99989
vn 0.00959 0.0106 -0.9999
vn 0.02468 0.0202 -0.99949
vn 0.00751 0.01494 -0.99986
vn 1E-05 -0 -1
vn 0 0 -1
vn 0 0 -1
vn 0 0 -1
vn 0 0 -1
vn 0 0 -1
vn 0 0 -1
vn 0 0 -1
vn 0 0 -1
vn 0 0 -1
vn 0 0 -1
vn 0 1E-05 -1
vn 1E-05 0 -1
vn 9E-05 7E-05 -1
vn 8E-05 7E-05 -1
vn -1E-05 1E-05 -1
vn 0 0 -1
vn 0 -0 -1
vn 0 -0 -1
vn 1E-05 1E-05 -1
vn 0 -0 -1
vn 0 -0 -1
vn 0 -0 -1
vn 0 -0 -1
vn 0 -0 -1
vn 0 -0 -1
vn 0 -0 -1
vn 1E-05 1E-05 -1
vn 5E-05 9E-05 -1
vn 0.00055 0.00086 -1
vn 9E-05 0.0002 -1
vn 5E-05 0.00013 -1
vn 0 0 -1
vn -0 0 -1
vn -0 0 -1
vn 0.00062 0.00136 -1
vn 0.00158 0.00315 -0.99999
vn 0.00061 0.00733 -0.99997
vn 0.00092 0.00369 -0.99999
vn -0.00022 0.00187 -1
vn -9E-05 0.00184 -1
vn 0.00011 0.00063 -1
vn 0.00011 0.00057 -1
vn 5E-05 0.00013 -1
vn 0.00016 0.0007 -1
vn -0.00158 0.00721 -0.99997
vn -0.0033 0.00897 -0.99995
vn -0.00384 0.00657 -0.99997
vn -0.00198 0.00467 -0.99999
vn -0.00126 0.00347 -0.99999
vn -0.00139 0.00362 -0.99999
vn -0 0 -1
vn -0 0 -1
vn -0 0 -1
vn -0 0 -1
vn -0 0 -1
vn -0 0 -1
vn 0 0 -1
vn 0 0 -1
vn -0 0 -1
vn -0 0 -1
vn -0 0 -1
vn -0 -0 -1
vn 0 -0 -1
vn 0 -0 -1
vn 0 0 -1
vn -0 0 -1
vn -0 0 -1
vn -0 0 -1
vn -0.59639 -0.48254 -0.64147
vn -0.64023 -0.57731 -0.50676
vn -0.16927 0.06122 -0.98367
vn -0.54418 -0.39635 -0.73944
vn -0.34053 -0.11321 -0.93339
vn -0.28427 -0.10408 -0.95308
vn -0.17682 -0.09863 -0.97929
vn -0.12857 -0.06991 -0.98923
vn -0.14277 -0.06329 -0.98773
vn -0.12993 -0.12605 -0.98348
vn -0.02024 -0.11226 -0.99347
vn -0.08749 -0.20444 -0.97496
vn 0.21878 0.25062 -0.94304
vn -0.29191 -0.23324 -0.92757
vn -0.58997 -0.43035 -0.68318
vn -0.5723 -0.45643 -0.68128
vn -0.59015 -0.47845 -0.65024
vn -0.57205 -0.50822 -0.64379
vn -0.6246 -0.58018 -0.52274
vn -0.62584 -0.57456 -0.52745
vn 0.30165 -0.78772 0.53712
vn 0.21082 -0.79484 0.56902
vn 0.24283 -0.8816 0.40474
vn 0.37638 -0.80979 0.45008
vn 0.62184 -0.72764 0.28959
vn 0.68896 -0.6631 0.29264
vn 0.61438 -0.70054 0.36302
vn 0.53321 -0.73474 0.41934
vn -0.14657 -0.9083 0.39181
vn -0.01567 -0.86772 0.4968
vn -0.01136 -0.80883 0.58793
vn -0.07017 -0.80845 0.58437
vn -0.13665 -0.81811 0.55859
vn -0.15455 -0.85091 0.50206
vn -0.20676 -0.89087 0.40448
vn -0.25977 -0.89624 0.35955
vn 0.40941 -0.7912 0.45429
vn 0.39312 -0.76723 0.50677
vn 0.34498 -0.77226 0.53348
vn 0.28898 -0.78868 0.54265
vn 0.31062 -0.86812 0.38715
vn 0.39216 -0.80634 0.44275
vn 0.49874 -0.80406 0.32366
vn 0.45902 -0.81084 0.36309
vn 0.02871 -0.91863 0.39408
vn -0.09218 -0.89427 0.43793
vn 0.0905 -0.83821 0.53779
vn 0.02643 -0.85564 0.5169
vn -0.25528 -0.88183 0.39649
vn -0.19877 -0.88749 0.41577
vn -0.40718 -0.86652 0.28871
vn -0.36415 -0.88584 0.28753
vn 0.90894 -0.34744 -0.23045
vn 0.91275 -0.38545 -0.13531
vn 0.8945 -0.44512 -0.04177
vn 0.90268 -0.42906 -0.0328
vn 0.8996 -0.4365 0.01334
vn 0.90484 -0.42438 0.03415
vn 0.87836 -0.47399 0.06183
vn 0.85865 -0.51247 0.01007
vn 0.83953 -0.41726 -0.34798
vn 0.89268 -0.42154 -0.15949
vn -0.48177 -0.85254 0.20268
vn -0.57716 -0.80979 0.10553
vn -0.73777 -0.67503 -0.00599
vn -0.72042 -0.69222 0.04271
vn -0.80979 -0.5863 -0.02209
vn -0.77615 -0.62974 0.03183
vn -0.76957 -0.63145 0.09507
vn -0.73863 -0.66407 0.11587
vn -0.46085 -0.82721 0.32146
vn -0.59263 -0.77356 0.22449
vn 0.71508 -0.64169 0.27729
vn 0.68856 -0.66995 0.27757
vn 0.5855 -0.76631 0.2645
vn 0.61075 -0.74464 0.26925
vn 0.55543 -0.78903 0.26256
vn 0.59717 -0.75839 0.26123
vn 0.71973 -0.64277 0.26237
vn 0.67809 -0.68467 0.26724
vn 0.79109 -0.5433 0.28108
vn 0.77635 -0.56503 0.27933
vn 0.77933 -0.56756 0.26557
vn 0.80029 -0.53388 0.27297
vn 0.83716 -0.4736 0.27363
vn 0.83042 -0.48467 0.27476
vn 0.83678 -0.47034 0.28033
vn 0.82095 -0.49755 0.28015
vn 0.83628 -0.47738 0.26972
vn 0.82878 -0.4937 0.26341
vn 0.78328 -0.5668 0.25538
vn 0.80323 -0.5382 0.25526
vn 0.78548 -0.56725 0.24747
vn 0.80377 -0.54142 0.24661
vn 0.83034 -0.49977 0.24653
vn 0.83829 -0.48152 0.25576
vn 0.32901 -0.92194 0.2044
vn 0.33948 -0.92163 0.188
vn 0.39313 -0.8985 0.19531
vn 0.40087 -0.89597 0.19115
vn 0.32516 -0.92986 0.17213
vn 0.34202 -0.92419 0.16999
vn 0.28515 -0.94566 0.15628
vn 0.29072 -0.94153 0.17031
vn 0.45315 -0.86273 0.22438
vn 0.42179 -0.88016 0.21775
vn 0.38232 -0.89677 0.22281
vn 0.3855 -0.892 0.23608
vn 0.44985 -0.85794 0.24815
vn 0.4887 -0.83532 0.25183
vn 0.52021 -0.8174 0.24748
vn 0.47964 -0.84345 0.24195
vn 0.32745 -0.91562 0.23328
vn 0.34742 -0.90573 0.2428
vn 0.28846 -0.92841 0.23418
vn 0.3215 -0.91622 0.23914
vn 0.47877 -0.84066 0.25314
vn 0.4238 -0.87045 0.25041
vn 0.47384 -0.84314 0.25414
vn 0.4307 -0.86671 0.25163
vn -0.2188 -0.94734 0.23383
vn -0.16926 -0.95759 0.23318
vn -0.07762 -0.97153 0.22382
vn -0.06285 -0.97553 0.21067
vn -0.10216 -0.97349 0.20466
vn -0.14062 -0.96715 0.21178
vn -0.23896 -0.94289 0.23208
vn -0.18853 -0.95564 0.22628
vn 0.03143 -0.98708 0.15709
vn -0.0226 -0.98456 0.17356
vn -0.06983 -0.98105 0.18075
vn -0.06152 -0.98102 0.18387
vn 0.00235 -0.98082 0.19491
vn -0.00382 -0.98396 0.17833
vn 0.04755 -0.98544 0.16326
vn 0.05218 -0.98734 0.14976
vn 0.06479 -0.97836 0.19648
vn 0.06229 -0.9753 0.21191
vn 0.09992 -0.97268 0.20957
vn 0.11525 -0.9719 0.20523
vn 0.15315 -0.97048 0.18634
vn 0.14053 -0.97397 0.17787
vn 0.09398 -0.98187 0.1646
vn 0.10505 -0.97782 0.1812
vn -0.71455 -0.66232 0.2253
vn -0.70338 -0.67509 0.22252
vn -0.62787 -0.74614 0.2215
vn -0.65886 -0.71776 0.22524
vn -0.62249 -0.74651 0.23503
vn -0.64248 -0.72808 0.23901
vn -0.68259 -0.69298 0.23206
vn -0.70844 -0.66836 0.22673
vn -0.49071 -0.83601 0.24554
vn -0.53366 -0.81153 0.23797
vn -0.54584 -0.80703 0.2253
vn -0.48689 -0.84221 0.23154
vn -0.37953 -0.89487 0.23485
vn -0.31548 -0.91862 0.23794
vn -0.33497 -0.90987 0.24482
vn -0.38077 -0.89225 0.2427
vn -0.5088 -0.83067 0.22605
vn -0.56381 -0.79501 0.22376
vn -0.57757 -0.78468 0.22516
vn -0.52977 -0.81684 0.22828
vn -0.42811 -0.87303 0.23355
vn -0.35886 -0.90279 0.23704
vn -0.3355 -0.9118 0.23675
vn -0.40608 -0.88328 0.23433
vn 0.76165 -0.60982 0.21912
vn 0.73026 -0.64272 0.23158
vn 0.75179 -0.61361 0.24144
vn 0.7207 -0.64794 0.24648
vn 0.59304 -0.76468 0.25212
vn 0.64643 -0.72135 0.24858
vn 0.59669 -0.76771 0.23363
vn 0.65148 -0.72536 0.22234
vn 0.84804 -0.48016 0.2242
vn 0.83358 -0.49958 0.23571
vn 0.79109 -0.5627 0.23987
vn 0.81028 -0.53755 0.23342
vn 0.8016 -0.555 0.22231
vn 0.82194 -0.52956 0.20971
vn 0.85684 -0.47618 0.19768
vn 0.84479 -0.4925 0.20923
vn 0.86738 -0.46809 0.16896
vn 0.85452 -0.48636 0.18234
vn 0.81365 -0.54856 0.19249
vn 0.83451 -0.52188 0.17673
vn 0.82504 -0.54362 0.1542
vn 0.84654 -0.51513 0.13417
vn 0.87214 -0.47301 0.12503
vn 0.87653 -0.46042 0.14042
vn 0.12111 -0.98028 0.15615
vn 0.10864 -0.98176 0.15603
vn 0.14559 -0.97435 0.17161
vn 0.13388 -0.97576 0.1731
vn 0.17686 -0.96446 0.1963
vn 0.16798 -0.96619 0.19562
vn 0.14751 -0.97293 0.17788
vn 0.13839 -0.97675 0.16374
vn 0.25732 -0.94055 0.22171
vn 0.29602 -0.92861 0.22374
vn 0.22773 -0.95352 0.19733
vn 0.27254 -0.94235 0.19414
vn 0.47013 -0.85617 0.21435
vn 0.40306 -0.88792 0.22167
vn 0.47709 -0.84406 0.24485
vn 0.41578 -0.87603 0.24432
vn 0.45891 -0.87365 0.16168
vn 0.38506 -0.90908 0.15907
vn 0.46337 -0.86864 0.17537
vn 0.39217 -0.90153 0.18289
vn 0.20705 -0.96415 0.16597
vn 0.25869 -0.95237 0.1615
vn 0.19432 -0.97006 0.14565
vn 0.24859 -0.95689 0.15024
vn -0.22546 -0.94733 0.22746
vn -0.1523 -0.96308 0.222
vn -0.00711 -0.97825 0.2073
vn 0.04786 -0.97852 0.20051
vn 0.03053 -0.9766 0.21289
vn -0.02365 -0.97648 0.21433
vn -0.15897 -0.96051 0.22835
vn -0.23247 -0.94532 0.22876
vn 0.14705 -0.97027 0.19225
vn 0.12501 -0.97313 0.19335
vn 0.14929 -0.97182 0.18244
vn 0.17252 -0.96893 0.17724
vn 0.21236 -0.96342 0.1635
vn 0.20408 -0.96577 0.16013
vn 0.18692 -0.9685 0.16454
vn 0.1764 -0.9683 0.17684
vn 0.22179 -0.96288 0.15383
vn 0.23218 -0.96023 0.15511
vn 0.19981 -0.96494 0.1702
vn 0.18057 -0.96752 0.17693
vn 0.20939 -0.96222 0.17401
vn 0.25003 -0.95526 0.15802
vn 0.26033 -0.95588 0.13609
vn 0.23947 -0.96106 0.13794
vn -0.72185 -0.66052 0.20649
vn -0.71414 -0.66807 0.20903
vn -0.65791 -0.72043 0.21939
vn -0.67937 -0.70143 0.21551
vn -0.65009 -0.7276 0.21906
vn -0.67263 -0.70751 0.21677
vn -0.70775 -0.67348 0.21332
vn -0.72011 -0.66148 0.20949
vn -0.58986 -0.77527 0.22588
vn -0.54881 -0.80374 0.22979
vn -0.43788 -0.86815 0.2336
vn -0.37169 -0.89885 0.23218
vn -0.37105 -0.89888 0.2331
vn -0.4374 -0.86901 0.23129
vn -0.5832 -0.78035 0.22566
vn -0.54343 -0.80784 0.22823
vn -0.44278 -0.86248 0.2451
vn -0.36217 -0.89928 0.24523
vn -0.36647 -0.8996 0.23752
vn -0.43807 -0.86642 0.23959
vn -0.55234 -0.80047 0.23276
vn -0.60182 -0.76505 0.22915
vn -0.61948 -0.75166 0.22641
vn -0.5658 -0.79042 0.23477
vn 0.6201 -0.77196 0.13982
vn 0.67756 -0.72304 0.13462
vn 0.77537 -0.6233 0.10149
vn 0.80204 -0.58952 0.09595
vn 0.79182 -0.59953 0.11656
vn 0.75221 -0.64465 0.13639
vn 0.59714 -0.78622 0.15901
vn 0.66345 -0.73329 0.14874
vn 0.85135 -0.52034 0.06672
vn 0.86278 -0.50145 0.06451
vn 0.88295 -0.46729 0.04519
vn 0.88706 -0.45922 0.04735
vn 0.88727 -0.45575 0.07105
vn 0.87858 -0.4687 0.09172
vn 0.83719 -0.53569 0.11022
vn 0.85798 -0.50621 0.08733
vn 0.8899 -0.45491 0.03359
vn 0.89211 -0.45069 0.03182
vn 0.89017 -0.45432 0.03453
vn 0.88595 -0.46213 0.03901
vn 0.87007 -0.49026 0.05116
vn 0.8591 -0.50866 0.05674
vn 0.86315 -0.50262 0.04843
vn 0.87424 -0.48335 0.04563
vn 0.08255 -0.98818 0.12921
vn 0.07239 -0.99004 0.12077
vn 0.06506 -0.99186 0.10949
vn 0.07717 -0.99202 0.09969
vn 0.05972 -0.99331 0.09879
vn 0.02328 -0.99378 0.10892
vn 0.04655 -0.98975 0.13504
vn 0.03662 -0.99182 0.12227
vn 0.17577 -0.97337 0.14712
vn 0.23193 -0.95986 0.15773
vn 0.14903 -0.97689 0.15322
vn 0.21338 -0.96397 0.15883
vn 0.38197 -0.91021 0.16005
vn 0.46789 -0.86884 0.16184
vn 0.45892 -0.87266 0.16688
vn 0.37946 -0.91057 0.16392
vn 0.1635 -0.9678 0.19138
vn 0.1087 -0.97261 0.20547
vn -0.07342 -0.96939 0.23428
vn -0.16779 -0.95577 0.24156
vn -0.15513 -0.96373 0.21715
vn -0.04829 -0.97381 0.22218
vn 0.14479 -0.971 0.19028
vn 0.20765 -0.96114 0.18191
vn 0.33383 -0.93567 0.11436
vn 0.29766 -0.9489 0.10486
vn 0.27661 -0.95497 0.10737
vn 0.28646 -0.95029 0.12201
vn 0.27632 -0.95021 0.14403
vn 0.26908 -0.9507 0.15418
vn 0.31193 -0.93853 0.14783
vn 0.31992 -0.93777 0.13504
vn 0.35082 -0.92651 0.13604
vn 0.33724 -0.93036 0.1439
vn 0.35062 -0.92592 0.14047
vn 0.36657 -0.92049 0.13533
vn 0.3576 -0.92572 0.12314
vn 0.31851 -0.94048 0.11853
vn 0.32183 -0.93947 0.11762
vn 0.35149 -0.92848 0.11993
vn -0.71007 -0.67852 0.1882
vn -0.72613 -0.6616 0.18716
vn -0.75277 -0.63518 0.17288
vn -0.75982 -0.63093 0.15685
vn -0.76623 -0.62712 0.14003
vn -0.76915 -0.6243 0.13664
vn -0.72696 -0.66833 0.15766
vn -0.74311 -0.64973 0.16011
vn -0.63445 -0.74217 0.216
vn -0.59122 -0.77581 0.2204
vn -0.65293 -0.73301 0.19075
vn -0.60769 -0.77157 0.18811
vn -0.36931 -0.90442 0.21362
vn -0.46236 -0.85877 0.22078
vn -0.36701 -0.89788 0.24314
vn -0.45359 -0.85792 0.2413
vn -0.37998 -0.91573 0.13056
vn -0.47938 -0.86826 0.12774
vn -0.37344 -0.91282 0.16524
vn -0.4712 -0.86462 0.17435
vn -0.66706 -0.73042 0.14669
vn -0.61985 -0.77233 0.13889
vn -0.67601 -0.7304 0.09759
vn -0.62882 -0.77179 0.0945
vn 0.82701 -0.5593 0.05698
vn 0.80116 -0.59503 0.06389
vn 0.71039 -0.69783 0.09151
vn 0.64744 -0.75488 0.10478
vn 0.65609 -0.75011 0.08291
vn 0.71846 -0.69104 0.07923
vn 0.8075 -0.58805 0.04616
vn 0.83201 -0.55297 0.04451
vn 0.87675 -0.47957 0.03629
vn 0.86621 -0.49822 0.03806
vn 0.86903 -0.49417 0.02425
vn 0.87902 -0.47614 0.02479
vn 0.893 -0.44981 0.01455
vn 0.8959 -0.44398 0.01548
vn 0.89456 -0.4463 0.02407
vn 0.89199 -0.45142 0.02394
vn 0.8806 -0.47379 0.00783
vn 0.87094 -0.49139 0.00318
vn 0.8726 -0.48773 -0.02631
vn 0.8814 -0.47198 -0.01935
vn 0.89455 -0.44553 -0.03597
vn 0.89817 -0.43902 -0.02359
vn 0.89714 -0.44174 -0.00303
vn 0.89345 -0.44914 0.00377
vn -0.00173 -0.98889 0.14867
vn -0.03457 -0.98985 0.13782
vn -0.01846 -0.99206 0.12442
vn 0.012 -0.99387 0.10993
vn -0.01471 -0.99447 0.10395
vn -0.06309 -0.9922 0.10747
vn -0.03074 -0.99166 0.12514
vn -0.05257 -0.99051 0.127
vn 0.19518 -0.96845 0.15495
vn 0.10574 -0.98222 0.15512
vn 0.09493 -0.9871 0.12896
vn 0.18959 -0.97167 0.1411
vn 0.38603 -0.91487 0.11827
vn 0.48815 -0.86446 0.12004
vn 0.48227 -0.86596 0.13239
vn 0.38265 -0.91269 0.14346
vn 0.49661 -0.86352 0.08778
vn 0.39395 -0.91408 0.09623
vn 0.18721 -0.9757 0.11389
vn 0.09143 -0.98864 0.11934
vn 0.10563 -0.97234 0.20831
vn 0.19696 -0.96843 0.15279
vn 0.41569 -0.89744 0.14767
vn 0.51536 -0.8516 0.09581
vn 0.40341 -0.90976 0.09792
vn 0.36137 -0.92748 0.09584
vn 0.33823 -0.93538 0.10325
vn 0.36813 -0.92244 0.11658
vn 0.38004 -0.91585 0.12957
vn 0.36409 -0.92169 0.13387
vn 0.37779 -0.91889 0.11366
vn 0.39637 -0.9107 0.11628
vn 0.36072 -0.92523 0.11758
vn 0.40685 -0.90763 0.10334
vn 0.38201 -0.91831 0.10382
vn 0.40399 -0.9079 0.11184
vn 0.3647 -0.90807 0.20592
vn 0.39312 -0.90409 0.16755
vn 0.36916 -0.90261 0.22139
vn 0.33425 -0.92513 0.18005
vn -0.74983 -0.6611 0.02637
vn -0.76512 -0.64302 0.03324
vn -0.77549 -0.63085 0.02545
vn -0.77927 -0.62663 0.00913
vn -0.77998 -0.62559 -0.0163
vn -0.78577 -0.61815 -0.02142
vn -0.75647 -0.65401 -0.00495
vn -0.7703 -0.63768 -0.00286
vn -0.40426 -0.91181 0.07198
vn -0.5034 -0.86115 0.07077
vn -0.39113 -0.91386 0.10895
vn -0.48992 -0.86598 0.10028
vn -0.68413 -0.72695 0.05925
vn -0.63943 -0.7664 0.06134
vn -0.69405 -0.71944 0.02646
vn -0.6511 -0.75852 0.02662
vn -0.70325 -0.71092 -0.006
vn -0.66224 -0.74929 -0.00114
vn -0.71489 -0.69894 -0.02025
vn -0.68096 -0.7323 0.00564
vn -0.44083 -0.89344 0.0862
vn -0.53611 -0.84338 0.03591
vn -0.41791 -0.90743 0.04387
vn -0.51696 -0.85538 0.03299
vn 0.77014 -0.63598 0.04907
vn 0.72903 -0.67486 0.11441
vn 0.76 -0.61729 0.20335
vn 0.80983 -0.57684 0.10692
vn 0.88728 -0.45841 0.05097
vn 0.86948 -0.49231 0.04056
vn 0.87368 -0.48647 -0.00605
vn 0.86889 -0.49418 -0.02855
vn 0.84924 -0.52749 -0.02341
vn 0.84291 -0.53801 -0.00698
vn 0.88251 -0.46734 -0.05266
vn 0.87589 -0.4793 -0.05554
vn 0.88472 -0.46134 -0.0666
vn 0.88597 -0.45728 -0.07718
vn 0.8941 -0.43761 -0.09532
vn 0.89533 -0.43513 -0.09508
vn 0.89722 -0.43687 -0.06433
vn 0.89359 -0.44273 -0.07404
vn 0.89807 -0.37062 -0.2369
vn 0.8968 -0.39901 -0.19114
vn 0.87995 -0.39535 -0.26341
vn 0.88683 -0.41246 -0.20837
vn 0.89576 -0.42107 -0.14251
vn 0.89643 -0.42658 -0.1202
vn 0.89406 -0.43655 -0.10044
vn 0.89855 -0.42778 -0.09808
vn 0.00257 -0.91643 0.40019
vn -0.03983 -0.93799 0.34437
vn -0.03026 -0.93613 0.35035
vn -0.00875 -0.91581 0.40152
vn -0.0639 -0.87167 0.48591
vn -0.09137 -0.84125 0.53287
vn 0.0134 -0.83134 0.5556
vn -0.03271 -0.86244 0.5051
vn 0.16396 -0.83095 0.53163
vn 0.24663 -0.85615 0.45407
vn 0.46788 -0.78476 0.40649
vn 0.57952 -0.75555 0.30546
vn 0.55158 -0.81398 0.1822
vn 0.44781 -0.85059 0.27562
vn 0.21779 -0.93052 0.29443
vn 0.13213 -0.91704 0.37627
vn 0.21606 -0.90391 -0.36914
vn 0.33889 -0.74942 -0.56878
vn 0.69459 -0.53585 -0.48
vn 0.63101 -0.70037 -0.33361
vn 0.74994 -0.65371 0.10126
vn 0.66259 -0.74896 0.00599
vn 0.23228 -0.9605 0.15323
vn 0.3955 -0.91836 -0.01424
vn -0.21317 -0.94708 0.24001
vn -0.07612 -0.94247 0.3255
vn -0.21211 -0.89854 0.38423
vn -0.08745 -0.8932 0.44108
vn 0.17847 -0.84569 0.50295
vn 0.12082 -0.88699 0.44571
vn 0.2331 -0.90335 0.36004
vn 0.1604 -0.9427 0.29255
vn 0.2972 -0.80646 0.51118
vn 0.34094 -0.82007 0.4596
vn 0.37102 -0.79286 0.48345
vn 0.35253 -0.8239 0.44375
vn 0.32079 -0.87201 0.36972
vn 0.35037 -0.88081 0.31845
vn 0.36783 -0.87714 0.30874
vn 0.33302 -0.87019 0.36314
vn 0.33522 -0.87805 -0.34155
vn 0.38721 -0.73963 -0.55046
vn 0.45875 -0.74889 -0.47824
vn 0.50182 -0.81246 -0.2968
vn 0.52784 -0.84878 0.03094
vn 0.5374 -0.83491 0.11884
vn 0.32173 -0.93326 0.15973
vn 0.44063 -0.89766 0.00707
vn -0.77922 -0.61728 -0.10859
vn -0.78905 -0.60666 -0.09676
vn -0.80543 -0.58963 -0.0602
vn -0.7973 -0.59916 -0.07293
vn -0.78406 -0.61862 -0.05057
vn -0.78431 -0.61719 -0.06272
vn -0.78618 -0.61343 -0.07502
vn -0.77783 -0.62247 -0.08672
vn -0.71711 -0.69677 -0.0163
vn -0.73339 -0.67914 0.03009
vn -0.79416 -0.60769 0.0054
vn -0.81688 -0.5768 -0.00424
vn -0.82874 -0.55703 -0.05401
vn -0.8311 -0.55255 -0.06287
vn -0.84148 -0.51021 -0.17777
vn -0.83605 -0.47376 -0.27671
vn -0.73562 -0.5594 -0.38202
vn -0.79588 -0.57144 -0.20008
vn 0.04166 -0.33077 -0.94279
vn -0.05387 -0.52097 -0.85187
vn -0.34314 -0.46809 -0.81434
vn -0.41064 -0.28244 -0.86695
vn -0.23002 -0.04687 -0.97206
vn -0.20526 -0.10101 -0.97348
vn -0.00649 -0.04329 -0.99904
vn -0.04318 -0.09311 -0.99472
vn -0.37693 -0.70281 0.60331
vn -0.51995 -0.34651 0.78076
vn 0.63631 -0.60225 0.48209
vn 0.71067 -0.55567 0.43149
vn 0.46247 -0.73382 0.49762
vn 0.49538 -0.77545 0.3915
vn -0.06366 -0.77647 0.62693
vn 0.04079 -0.8343 0.54981
vn 0.04179 0.81945 0.57163
vn 0.13888 0.74827 0.64869
vn 0.40228 -0.22088 0.88847
vn 0.46225 0.23228 0.85579
vn -0.65483 0.62672 0.42239
vn -0.41118 0.54296 0.7322
vn -0.48728 0.67963 0.54832
vn -0.45305 0.71724 0.52946
vn -0.37061 0.79587 0.47879
vn -0.27489 0.80392 0.52739
vn -0.28075 0.87327 0.39823
vn -0.09931 0.93167 0.34948
vn 0.0065 0.95898 0.2834
vn 0.57828 -0.68657 0.4407
vn 0.45647 -0.80038 0.38862
vn 0.65604 -0.7073 0.26331
vn 0.73176 -0.65757 0.17926
vn 0.98328 0.16101 0.08511
vn 0.99049 0.06229 0.12266
vn 0.9761 -0.16597 0.14027
vn 0.95483 -0.20756 0.21266
vn 0.96248 -0.09714 0.25336
vn 0.96726 0.01895 0.25308
vn 0.96374 0.1392 0.22768
vn 0.96398 0.19807 0.17749
vn -0.55059 -0.81233 0.19231
vn -0.5988 -0.78942 -0.13509
vn -0.48201 -0.84304 -0.23864
vn -0.11184 -0.96056 0.25457
vn -0.31564 -0.84753 0.4267
vn -0.30526 -0.89535 0.3243
vn -0.33056 -0.74388 0.58084
vn -0.21729 -0.80776 0.54801
vn -0.57027 -0.72154 0.39264
vn -0.57452 -0.69329 0.43505
vn -0.53641 -0.65886 0.52742
vn -0.48357 -0.71498 0.50494
vn -0.50519 -0.77804 0.37342
vn -0.81223 0.37554 0.44637
vn -0.75549 0.522 0.39592
vn -0.82218 0.52885 0.21055
vn -0.89129 0.38754 0.23541
vn -0.96873 0.18138 0.16932
vn -0.99485 0.07156 0.07184
vn -0.99846 0.05264 0.01765
vn -0.99364 -0.04507 0.10316
vn -0.95075 -0.2918 0.10459
vn -0.97717 -0.20398 0.05937
vn -0.98094 -0.03498 0.19116
vn -0.95558 -0.15027 0.25355
vn -0.90426 -0.33403 0.26597
vn -0.9452 -0.24866 0.21156
vn 0.86217 0.38097 0.33395
vn 0.798 0.56834 0.20049
vn 0.6963 0.7143 0.07026
vn 0.69558 0.71659 0.05155
vn 0.47202 0.87468 0.11013
vn 0.38921 0.90817 0.15407
vn 0.26338 0.91476 0.30635
vn 0.18967 0.95292 0.23659
vn 0.66273 0.65502 0.36295
vn 0.57108 0.69866 0.43098
vn 0.45574 0.78279 0.42371
vn 0.41648 0.85335 0.3136
vn 0.57632 0.80019 0.16598
vn 0.53721 0.80267 0.25908
vn 0.66875 0.69013 0.27659
vn 0.6983 0.64801 0.30407
vn 0.26556 -0.83201 0.48707
vn 0.03038 -0.93034 0.36545
vn 0.01658 -0.94515 0.32623
vn -0.55379 0.75864 0.34319
vn -0.40194 0.81051 0.42605
vn -0.07747 0.8489 0.52285
vn -0.14989 0.8343 0.53054
vn -0.50393 0.72468 0.47
vn -0.36832 0.81831 0.44126
vn -0.01977 0.90068 0.43403
vn 0.09709 0.95059 0.29488
vn -0.6404 0.2517 0.72563
vn -0.40638 0.01263 0.91362
vn 0.7282 -0.56865 0.38256
vn 0.72837 -0.50348 0.46474
vn 0.81666 -0.29359 0.49687
vn 0.82897 -0.32399 0.4559
vn 0.90859 -0.18989 0.37203
vn 0.91837 -0.22132 0.32805
vn 0.8669 -0.42646 0.25812
vn 0.8434 -0.42296 0.33133
vn 0.44242 -0.49497 0.74785
vn 0.44545 -0.53216 0.71999
vn 0.36919 -0.54329 0.75401
vn 0.37047 -0.57565 0.72896
vn 0.44359 -0.6262 0.64118
vn 0.44124 -0.60182 0.66567
vn 0.51665 -0.58839 0.62198
vn 0.52203 -0.55096 0.6511
vn 0.3007 -0.57511 0.76081
vn 0.3044 -0.59946 0.74026
vn 0.23593 -0.59122 0.77123
vn 0.23365 -0.61066 0.75664
vn 0.30802 -0.64546 0.69893
vn 0.31221 -0.63276 0.70862
vn 0.3864 -0.63775 0.66631
vn 0.37664 -0.62457 0.68414
vn 0.17676 -0.66128 0.72902
vn 0.21062 -0.64334 0.73604
vn 0.1581 -0.59947 0.78463
vn 0.13905 -0.61889 0.77308
vn 0.01561 -0.60832 0.79354
vn 0.05329 -0.62467 0.77906
vn 0.00031 -0.66102 0.75037
vn 0.05223 -0.67332 0.7375
vn -0.14126 -0.60811 0.78119
vn -0.13533 -0.62958 0.76506
vn -0.19464 -0.66901 0.71732
vn -0.20248 -0.68507 0.69977
vn -0.10728 -0.68038 0.72496
vn -0.1257 -0.6653 0.73592
vn -0.05575 -0.62913 0.7753
vn -0.07348 -0.61078 0.78838
vn -0.2555 -0.68994 0.67728
vn -0.25626 -0.66578 0.70077
vn -0.20112 -0.6227 0.75617
vn -0.21131 -0.59516 0.77533
vn -0.28278 -0.5784 0.76518
vn -0.28511 -0.60227 0.74564
vn -0.35438 -0.63909 0.68263
vn -0.33571 -0.6751 0.65691
vn -0.68892 -0.63315 0.35286
vn -0.72458 -0.61734 0.30639
vn -0.63255 -0.71493 0.29791
vn -0.68435 -0.69605 0.21719
vn -0.88627 -0.45789 0.06976
vn -0.83013 -0.53767 0.14764
vn -0.77342 -0.62206 0.12187
vn -0.85674 -0.4579 0.23733
vn -0.80243 -0.51495 0.30154
vn -0.88872 0.16772 0.42666
vn -0.9062 0.03704 0.42123
vn -0.93581 0.01037 0.35235
vn -0.96507 0.08773 0.24686
vn 0.82297 0.52943 0.20597
vn 0.76123 0.61423 0.20794
vn 0.73174 0.66448 0.15171
vn 0.77689 0.62429 0.08189
vn 0.92638 0.36876 0.0764
vn 0.88657 0.45073 0.1041
vn 0.83388 0.54758 0.0693
vn 0.91111 0.37678 0.16711
vn 0.87948 0.43165 0.2005
vn 0.60832 -0.69791 0.37797
vn 0.58936 -0.68491 0.42844
vn 0.63811 -0.67992 0.36128
vn 0.64257 -0.649 0.40731
vn 0.58693 -0.60317 0.54008
vn 0.58138 -0.63776 0.50522
vn 0.51364 -0.64759 0.56285
vn 0.52593 -0.66363 0.53197
vn 0.46622 -0.65626 0.59327
vn 0.48626 -0.66449 0.56745
vn 0.40352 -0.66079 0.63287
vn 0.39803 -0.68062 0.61508
vn 0.49502 -0.74861 0.44107
vn 0.5076 -0.7033 0.49771
vn 0.58972 -0.70081 0.40137
vn 0.56607 -0.68627 0.45672
vn 0.26278 -0.83557 0.48247
vn 0.33678 -0.76655 0.54679
vn 0.26963 -0.68544 0.67637
vn 0.21782 -0.71941 0.65954
vn -0.03337 -0.71757 0.69569
vn 0.0396 -0.74029 0.67112
vn -0.07495 -0.81941 0.56828
vn 0.03052 -0.86923 0.49346
vn -0.27121 -0.83754 0.47431
vn -0.31021 -0.78632 0.5343
vn -0.18613 -0.7388 0.64771
vn -0.20832 -0.71604 0.66625
vn -0.28097 -0.72435 0.62958
vn -0.30423 -0.73683 0.60376
vn -0.38974 -0.77884 0.49143
vn -0.41519 -0.79871 0.43553
vn -0.41176 -0.71283 0.56774
vn -0.3984 -0.74767 0.53129
vn -0.47311 -0.77442 0.42004
vn -0.46432 -0.8023 0.37512
vn -0.43326 -0.80527 0.40475
vn -0.40664 -0.79234 0.45481
vn -0.33896 -0.75152 0.56597
vn -0.32182 -0.73454 0.5974
vn 0.63975 -0.72531 0.25427
vn 0.64535 -0.74335 0.17592
vn 0.58448 -0.76616 0.26718
vn 0.54698 -0.81693 0.18289
vn 0.53847 -0.84254 -0.01334
vn 0.56869 -0.81741 -0.09182
vn 0.63018 -0.77502 -0.04717
vn 0.63848 -0.76951 0.01379
vn -0.44571 -0.89167 -0.07919
vn -0.45843 -0.88873 -0.00192
vn -0.35378 -0.9282 -0.1153
vn -0.29993 -0.95381 -0.01681
vn -0.31148 -0.92937 0.19812
vn -0.38173 -0.87722 0.29116
vn -0.47107 -0.83827 0.27457
vn -0.47385 -0.86026 0.18821
vn 0.51772 -0.76409 -0.38487
vn 0.50659 -0.79162 -0.34163
vn 0.57236 -0.79043 -0.21822
vn 0.57678 -0.79619 -0.18275
vn 0.47161 -0.84642 -0.24728
vn 0.49188 -0.82507 -0.27805
vn 0.38995 -0.83062 -0.39751
vn 0.41079 -0.80576 -0.42662
vn -0.21962 -0.9315 -0.28997
vn -0.24787 -0.90895 -0.33522
vn -0.36588 -0.90013 -0.23641
vn -0.35502 -0.89341 -0.27529
vn -0.27805 -0.85272 -0.44222
vn -0.26623 -0.87643 -0.40123
vn -0.15351 -0.86542 -0.47694
vn -0.12278 -0.88571 -0.4477
vn 0.99622 0.04289 -0.07556
vn 0.99208 0.09993 0.07607
vn 0.95769 0.25335 0.13656
vn 0.97869 0.20529 -0.00409
vn 0.95496 0.24583 -0.16618
vn 0.94983 0.18252 -0.254
vn 0.94579 0.00631 -0.32472
vn 0.96672 0.0835 -0.24183
vn 0.95624 -0.23456 -0.17489
vn 0.98003 -0.19556 -0.03595
vn 0.9981 -0.0604 0.0125
vn 0.98339 -0.11538 -0.14011
vn 0.94725 -0.08901 -0.30788
vn 0.91428 -0.16304 -0.37081
vn 0.88006 -0.28715 -0.37821
vn 0.91351 -0.22626 -0.33809
vn 0.87109 -0.45583 -0.1828
vn 0.91158 -0.40645 -0.06185
vn 0.9534 -0.29641 -0.05638
vn 0.9247 -0.33439 -0.18197
vn 0.88198 -0.3299 -0.33658
vn 0.84314 -0.39326 -0.36669
vn 0.78194 -0.5086 -0.36039
vn 0.83426 -0.44234 -0.32916
vn 0.63973 -0.73725 -0.21728
vn 0.70403 -0.70512 -0.08455
vn 0.83114 -0.55223 -0.06518
vn 0.77215 -0.60647 -0.18968
vn 0.75023 -0.57019 -0.33472
vn 0.68877 -0.62349 -0.36994
vn 0.58215 -0.7127 -0.39136
vn 0.63775 -0.68424 -0.35367
vn 0.06259 -0.98552 -0.15756
vn 0.10817 -0.94987 -0.29334
vn 0.25784 -0.95475 -0.14823
vn 0.203 -0.93638 -0.28633
vn 0.24305 -0.86289 -0.4431
vn 0.19362 -0.85139 -0.48749
vn 0.04078 -0.86603 -0.49833
vn 0.09795 -0.88302 -0.459
vn -0.10095 -0.98424 -0.14522
vn -0.04335 -0.95628 -0.28921
vn -0.06324 -0.86758 -0.49327
vn -0.10503 -0.88643 -0.45079
vn -0.20624 -0.85651 -0.47313
vn -0.24821 -0.86714 -0.43181
vn -0.2683 -0.95361 -0.13651
vn -0.2071 -0.93966 -0.2723
vn -0.4596 -0.77948 -0.42565
vn -0.51703 -0.7605 -0.39282
vn -0.59419 -0.79519 -0.12088
vn -0.52104 -0.817 -0.24704
vn -0.43569 -0.89097 -0.12783
vn -0.36341 -0.89305 -0.26532
vn -0.33539 -0.82837 -0.44868
vn -0.38474 -0.82621 -0.41153
vn -0.68193 -0.61816 -0.39095
vn -0.73996 -0.56717 -0.36163
vn -0.82097 -0.56164 -0.10279
vn -0.76362 -0.6038 -0.22871
vn -0.716 -0.6878 -0.11952
vn -0.65512 -0.71567 -0.24216
vn -0.57839 -0.70759 -0.40593
vn -0.6355 -0.67428 -0.37616
vn -0.83465 -0.39134 -0.38758
vn -0.87231 -0.32905 -0.36166
vn -0.9492 -0.30438 -0.07979
vn -0.91736 -0.33924 -0.20823
vn -0.90317 -0.42036 -0.08708
vn -0.85826 -0.46702 -0.21279
vn -0.77219 -0.50743 -0.38241
vn -0.82307 -0.4431 -0.35527
vn -0.90529 -0.16199 -0.3927
vn -0.93814 -0.08914 -0.33459
vn -0.99771 -0.067 -0.00898
vn -0.97856 -0.11974 -0.16755
vn -0.97736 -0.20304 -0.05956
vn -0.94988 -0.23818 -0.20249
vn -0.87126 -0.28527 -0.3994
vn -0.9038 -0.22537 -0.3638
vn -0.94303 0.18117 -0.27906
vn -0.94984 0.24434 -0.19522
vn -0.95996 0.25328 0.11968
vn -0.97845 0.20437 -0.02934
vn -0.99365 0.09681 0.05734
vn -0.994 0.03968 -0.10192
vn -0.93742 0.006 -0.34816
vn -0.95933 0.08235 -0.27
vn -0.86851 0.47206 -0.15117
vn -0.84717 0.52736 -0.06471
vn -0.82136 0.52384 0.22575
vn -0.86576 0.49078 0.09795
vn -0.90165 0.39523 0.17555
vn -0.93457 0.3538 0.03755
vn -0.91907 0.33278 -0.2111
vn -0.91202 0.39025 -0.1262
vn -0.6907 0.72083 -0.05777
vn -0.6459 0.76277 0.03168
vn -0.60619 0.73383 0.30665
vn -0.66397 0.72148 0.19649
vn -0.72179 0.63741 0.26967
vn -0.77442 0.61432 0.15128
vn -0.79161 0.60282 -0.0998
vn -0.75744 0.65279 -0.01182
vn -0.42827 0.90365 -0.00057
vn -0.37084 0.92419 0.09139
vn -0.33993 0.86942 0.35856
vn -0.39971 0.87856 0.26145
vn -0.47785 0.81151 0.33632
vn -0.53789 0.8101 0.23326
vn -0.56849 0.82231 -0.02494
vn -0.51579 0.85417 0.06596
vn -0.11048 0.99353 0.02647
vn -0.05309 0.99158 0.1181
vn -0.04751 0.9235 0.38064
vn -0.10062 0.95091 0.29264
vn -0.1955 0.90686 0.37333
vn -0.25281 0.92574 0.28122
vn -0.27399 0.9616 0.01628
vn -0.21507 0.97054 0.10865
vn 0.25301 0.92382 0.2873
vn 0.1958 0.90562 0.37619
vn 0.04806 0.92331 0.38103
vn 0.10127 0.95018 0.2948
vn 0.0532 0.99135 0.11995
vn 0.10985 0.9935 0.02985
vn 0.27336 0.9616 0.02449
vn 0.21498 0.96975 0.11565
vn 0.53651 0.80698 0.24685
vn 0.47686 0.80885 0.34404
vn 0.33968 0.8673 0.36387
vn 0.39917 0.8758 0.27136
vn 0.37045 0.92308 0.1034
vn 0.42772 0.90383 0.01222
vn 0.56824 0.82283 -0.00797
vn 0.51517 0.85309 0.08266
vn 0.77206 0.61201 0.17133
vn 0.71939 0.63484 0.28187
vn 0.60442 0.73101 0.31669
vn 0.6619 0.71854 0.21351
vn 0.64533 0.76209 0.05262
vn 0.69108 0.72182 -0.0372
vn 0.79307 0.60432 -0.07641
vn 0.75743 0.65279 0.01271
vn 0.93345 0.35334 0.06173
vn 0.89903 0.39396 0.19116
vn 0.81864 0.52183 0.23985
vn 0.86371 0.48939 0.12047
vn 0.84834 0.52813 -0.03749
vn 0.87152 0.4739 -0.126
vn 0.92395 0.33461 -0.18536
vn 0.91497 0.39157 -0.09744
vn 0.90113 0.23524 0.36417
vn 0.93606 0.19478 0.29301
vn 0.96819 0.04363 0.24637
vn 0.94144 0.09158 0.3245
vn 0.92516 0.03652 0.37782
vn 0.91511 0.08596 0.39393
vn 0.87757 0.22553 0.42308
vn 0.89366 0.18112 0.41056
vn 0.95785 -0.0592 0.2811
vn 0.9746 -0.10603 0.19727
vn 0.9613 -0.22644 0.15692
vn 0.95161 -0.19341 0.23881
vn 0.92074 -0.2384 0.30888
vn 0.92181 -0.20304 0.33021
vn 0.92982 -0.06301 0.36258
vn 0.93285 -0.11069 0.34283
vn 0.93207 -0.29739 0.20692
vn 0.93639 -0.32534 0.13166
vn 0.90741 -0.40149 0.12417
vn 0.8784 -0.44156 0.18287
vn 0.86377 -0.43231 0.25886
vn 0.87126 -0.4043 0.27831
vn 0.89985 -0.31582 0.30088
vn 0.89764 -0.34067 0.27962
vn 0.74371 -0.60654 0.28109
vn 0.7408 -0.61647 0.2668
vn 0.79693 -0.54095 0.26884
vn 0.81503 -0.52052 0.25453
vn 0.83487 -0.53842 0.11443
vn 0.79011 -0.58653 0.17806
vn 0.66297 -0.74334 0.08898
vn 0.7061 -0.68849 0.16552
vn 0.63741 -0.73423 0.23369
vn 0.66203 -0.70324 0.25917
vn 0.50479 -0.8329 0.22687
vn 0.5438 -0.81048 0.21773
vn 0.56593 -0.8208 0.07757
vn 0.51692 -0.84471 0.13877
vn 0.36822 -0.92785 0.05928
vn 0.42192 -0.89733 0.12951
vn 0.3632 -0.91362 0.18272
vn 0.39532 -0.8986 0.19037
vn 0.44563 -0.8703 0.20972
vn 0.45618 -0.86561 0.20644
vn 0.261 -0.95034 0.16952
vn 0.21563 -0.96239 0.16527
vn 0.26476 -0.95817 0.10865
vn 0.21317 -0.97605 0.04344
vn 0.1141 -0.99262 0.04114
vn 0.0617 -0.99259 0.1047
vn 0.06698 -0.98341 0.16855
vn 0.11976 -0.97894 0.16533
vn -0.12494 -0.97199 0.19906
vn -0.14139 -0.97016 0.19695
vn -0.07244 -0.98051 0.1826
vn -0.04127 -0.98346 0.17636
vn -0.0474 -0.99761 0.05034
vn -0.10588 -0.98711 0.12001
vn -0.27322 -0.96012 0.0594
vn -0.21678 -0.96804 0.12608
vn -0.25699 -0.94433 0.20541
vn -0.20778 -0.95407 0.21581
vn -0.42912 -0.8717 0.23663
vn -0.38336 -0.8984 0.21428
vn -0.39014 -0.91863 0.06251
vn -0.4595 -0.87749 0.13737
vn -0.62137 -0.78107 0.06193
vn -0.57898 -0.80409 0.13501
vn -0.64323 -0.73735 0.20633
vn -0.63255 -0.74041 0.22733
vn -0.56726 -0.78541 0.24767
vn -0.55016 -0.80102 0.23596
vn -0.73972 -0.63943 0.20963
vn -0.7155 -0.67093 0.19468
vn -0.70426 -0.7076 0.05764
vn -0.73635 -0.66597 0.11948
vn -0.79842 -0.59821 0.06829
vn -0.82274 -0.55166 0.13697
vn -0.80296 -0.55263 0.22327
vn -0.78378 -0.58702 0.20274
vn -0.89868 -0.33841 0.27904
vn -0.8956 -0.36192 0.25868
vn -0.86146 -0.44214 0.24978
vn -0.84997 -0.47487 0.22813
vn -0.88144 -0.46334 0.0915
vn -0.89175 -0.42227 0.16272
vn -0.9338 -0.33976 0.11214
vn -0.93068 -0.31408 0.1876
vn -0.92124 -0.23336 0.31123
vn -0.92042 -0.26149 0.29059
vn -0.96091 -0.2401 0.13789
vn -0.95172 -0.21231 0.22173
vn -0.97591 -0.12078 0.18171
vn -0.96002 -0.07616 0.26936
vn -0.93197 -0.0925 0.35054
vn -0.93402 -0.13905 0.32906
vn -0.91798 0.07246 0.38996
vn -0.92805 0.01944 0.37195
vn -0.97106 0.03498 0.23626
vn -0.94419 0.08389 0.31855
vn -0.93838 0.19327 0.28653
vn -0.90266 0.2342 0.36104
vn -0.8784 0.22325 0.42259
vn -0.89486 0.1774 0.40957
vn -0.8206 0.35194 0.45029
vn -0.84173 0.31187 0.4407
vn -0.88325 0.33317 0.32994
vn -0.84138 0.36575 0.39787
vn -0.80891 0.45772 0.36899
vn -0.7623 0.48266 0.43121
vn -0.74593 0.46633 0.47553
vn -0.77177 0.42987 0.46859
vn -0.65527 0.56775 0.49829
vn -0.68526 0.53517 0.49398
vn -0.71688 0.5682 0.40401
vn -0.66715 0.58525 0.46086
vn -0.61008 0.66275 0.43425
vn -0.55864 0.67193 0.48625
vn -0.55087 0.65437 0.51802
vn -0.58457 0.62594 0.51621
vn -0.43515 0.72475 0.53421
vn -0.47217 0.70077 0.53477
vn -0.49142 0.74003 0.4592
vn -0.43953 0.74157 0.50683
vn -0.36374 0.79923 0.47847
vn -0.31245 0.79344 0.52233
vn -0.31062 0.77774 0.54648
vn -0.35058 0.75859 0.54922
vn -0.17985 0.8125 0.55453
vn -0.22229 0.79863 0.55927
vn -0.22969 0.83983 0.49186
vn -0.17993 0.82712 0.53245
vn -0.09179 0.86162 0.49918
vn -0.04436 0.84234 0.53711
vn -0.04548 0.82848 0.55818
vn -0.08983 0.8204 0.56469
vn 0.04449 0.84234 0.53711
vn 0.09203 0.86139 0.49954
vn 0.22978 0.83917 0.49294
vn 0.18002 0.82687 0.5328
vn 0.22229 0.79863 0.55927
vn 0.17985 0.8125 0.55453
vn 0.04548 0.82848 0.55818
vn 0.08983 0.8204 0.56469
vn 0.31243 0.79298 0.52303
vn 0.36357 0.79821 0.48029
vn 0.4909 0.73878 0.46176
vn 0.43935 0.74096 0.5079
vn 0.47217 0.70077 0.53477
vn 0.43515 0.72475 0.53421
vn 0.31062 0.77774 0.54648
vn 0.35058 0.75859 0.54922
vn 0.55825 0.67122 0.48767
vn 0.60919 0.6614 0.43754
vn 0.71564 0.56691 0.40802
vn 0.66655 0.58452 0.46264
vn 0.68526 0.53517 0.49398
vn 0.65527 0.56775 0.49829
vn 0.55087 0.65437 0.51802
vn 0.58457 0.62594 0.51621
vn 0.76151 0.48199 0.43334
vn 0.80739 0.45661 0.37366
vn 0.88158 0.33235 0.3352
vn 0.84046 0.36522 0.40031
vn 0.84174 0.31187 0.4407
vn 0.8206 0.35194 0.45029
vn 0.74593 0.46633 0.47553
vn 0.77177 0.42987 0.46859
vn 0.95317 -0.05715 0.29697
vn 0.94365 -0.10976 0.31221
vn 0.93481 -0.06161 0.34977
vn 0.92929 -0.11249 0.3518
vn 0.91099 -0.25319 0.32556
vn 0.92122 -0.21028 0.32731
vn 0.91965 -0.25967 0.29465
vn 0.93631 -0.20998 0.28148
vn 0.85438 -0.43366 0.28631
vn 0.86174 -0.41802 0.28753
vn 0.85111 -0.44376 0.28051
vn 0.85036 -0.44761 0.27664
vn 0.85828 -0.44731 0.25154
vn 0.86286 -0.42971 0.26611
vn 0.90071 -0.34292 0.2667
vn 0.88329 -0.3773 0.27828
vn 0.89113 -0.33668 0.30421
vn 0.88141 -0.36405 0.30098
vn 0.58051 -0.77388 0.25322
vn 0.6342 -0.73095 0.252
vn 0.74229 -0.6233 0.24596
vn 0.70783 -0.66163 0.24744
vn 0.73157 -0.63457 0.24925
vn 0.69075 -0.67745 0.25283
vn 0.56168 -0.78679 0.25589
vn 0.61383 -0.74798 0.25244
vn 0.21495 -0.95252 0.21563
vn 0.20943 -0.95504 0.20986
vn 0.26268 -0.93978 0.21865
vn 0.26761 -0.94187 0.20316
vn 0.2425 -0.9553 0.16908
vn 0.22987 -0.95537 0.18553
vn 0.19151 -0.96479 0.18026
vn 0.1759 -0.96609 0.18901
vn 0.24187 -0.95712 0.15942
vn 0.19729 -0.96926 0.14702
vn 0.09044 -0.98363 0.15583
vn 0.13571 -0.98004 0.14526
vn 0.11148 -0.98345 0.14285
vn 0.12883 -0.97986 0.15255
vn 0.15367 -0.97459 0.163
vn 0.153 -0.97612 0.15423
vn 0.17768 -0.97031 0.1641
vn 0.17906 -0.97155 0.15499
vn 0.2056 -0.96632 0.15475
vn 0.22376 -0.96364 0.14605
vn -0.2285 -0.94442 0.23633
vn -0.15754 -0.95861 0.23717
vn -0.03368 -0.97322 0.22737
vn 0.01382 -0.97413 0.22556
vn -0.01492 -0.97455 0.22367
vn -0.04812 -0.97135 0.23271
vn -0.22177 -0.94534 0.23908
vn -0.16346 -0.95716 0.23902
vn -0.64302 -0.73363 0.2198
vn -0.66645 -0.71282 0.21849
vn -0.63443 -0.74128 0.21911
vn -0.66218 -0.71698 0.21787
vn -0.71505 -0.66353 0.22009
vn -0.70372 -0.67594 0.21883
vn -0.71534 -0.66413 0.21729
vn -0.7049 -0.6758 0.21542
vn -0.72944 -0.64594 0.22512
vn -0.74384 -0.62928 0.22519
vn -0.77436 -0.58926 0.23051
vn -0.79118 -0.56417 0.23613
vn -0.78645 -0.57432 0.22728
vn -0.77008 -0.596 0.22749
vn -0.73584 -0.64174 0.21612
vn -0.7433 -0.63145 0.22087
vn -0.73404 -0.64136 0.22328
vn -0.73437 -0.64046 0.22476
vn -0.83184 -0.49518 0.2507
vn -0.84682 -0.46489 0.25841
vn -0.87884 -0.38801 0.27765
vn -0.88829 -0.36149 0.28332
vn -0.88744 -0.37651 0.26589
vn -0.87338 -0.40813 0.26578
vn -0.84069 -0.4826 0.24563
vn -0.82324 -0.51267 0.24383
vn -0.90897 -0.28376 0.30537
vn -0.91736 -0.25064 0.30924
vn -0.92883 -0.15394 0.337
vn -0.93498 -0.10215 0.33968
vn -0.94784 -0.10018 0.30261
vn -0.93786 -0.15797 0.30898
vn -0.9241 -0.25564 0.28404
vn -0.91072 -0.29674 0.2873
vn 0.86472 -0.44609 0.23078
vn 0.87896 -0.42859 0.20914
vn 0.87426 -0.44631 0.191
vn 0.88004 -0.44172 0.17437
vn 0.89422 -0.43076 0.12173
vn 0.89511 -0.42103 0.14664
vn 0.93142 -0.33947 0.13121
vn 0.91395 -0.37524 0.15454
vn 0.91667 -0.34403 0.20337
vn 0.89811 -0.37839 0.22411
vn 0.76948 -0.61144 0.1845
vn 0.73674 -0.64647 0.19825
vn 0.5952 -0.77951 0.19518
vn 0.65154 -0.73589 0.18429
vn 0.59259 -0.78805 0.16676
vn 0.65252 -0.74036 0.16148
vn 0.77768 -0.61042 0.15033
vn 0.74148 -0.65048 0.16456
vn 0.08997 -0.98727 0.13119
vn 0.11687 -0.98328 0.13963
vn 0.12672 -0.98076 0.14853
vn 0.11046 -0.98228 0.15141
vn 0.10606 -0.98391 0.14376
vn 0.09612 -0.9854 0.14055
vn 0.09976 -0.98709 0.12528
vn 0.08266 -0.98933 0.11994
vn 0.15294 -0.97541 0.15871
vn 0.1546 -0.97656 0.14974
vn 0.1768 -0.97129 0.15918
vn 0.17641 -0.97273 0.15056
vn 0.19465 -0.96931 0.15014
vn 0.20355 -0.96809 0.14616
vn 0.21353 -0.96943 0.12092
vn 0.18793 -0.97349 0.13038
vn 0.13059 -0.98468 0.11556
vn 0.15122 -0.98025 0.12744
vn 0.13035 -0.98148 0.1404
vn 0.13635 -0.97977 0.1465
vn 0.07551 -0.97757 0.19663
vn 0.02293 -0.97804 0.20716
vn -0.13302 -0.9655 0.22385
vn -0.20832 -0.94993 0.23287
vn -0.18705 -0.95233 0.241
vn -0.10411 -0.96758 0.23013
vn 0.06429 -0.97592 0.20843
vn 0.11593 -0.97389 0.19518
vn -0.71382 -0.67031 0.20286
vn -0.68361 -0.6976 0.21455
vn -0.66592 -0.71299 0.21955
vn -0.69553 -0.68595 0.21381
vn -0.7222 -0.65994 0.20715
vn -0.73383 -0.64875 0.20154
vn -0.74149 -0.6432 0.19099
vn -0.74104 -0.6444 0.18872
vn -0.73777 -0.64142 0.21042
vn -0.74626 -0.6333 0.20501
vn -0.76952 -0.60221 0.21258
vn -0.78444 -0.584 0.2088
vn -0.78702 -0.58939 0.18227
vn -0.77135 -0.60741 0.18993
vn -0.75366 -0.6325 0.17871
vn -0.7529 -0.63104 0.1869
vn -0.74369 -0.63847 0.19817
vn -0.73975 -0.64209 0.20123
vn -0.8431 -0.50352 0.18881
vn -0.82019 -0.53645 0.19876
vn -0.81964 -0.52661 0.22553
vn -0.83891 -0.49651 0.22295
vn -0.87395 -0.42084 0.24313
vn -0.89304 -0.38204 0.23776
vn -0.90576 -0.37852 0.19058
vn -0.88111 -0.42488 0.20767
vn -0.95566 -0.22797 0.18639
vn -0.93522 -0.28495 0.21016
vn -0.91973 -0.29655 0.25721
vn -0.93738 -0.24587 0.24671
vn -0.95228 -0.14729 0.26735
vn -0.96365 -0.08534 0.25318
vn -0.98101 -0.06632 0.18225
vn -0.96965 -0.12702 0.20891
vn -0.50021 0.83497 0.22937
vn -0.53946 0.79842 0.26741
vn -0.52382 0.77296 0.35798
vn -0.48559 0.80759 0.33467
vn -0.39169 0.8446 0.365
vn -0.34817 0.87358 0.34004
vn -0.35814 0.90437 0.23205
vn -0.40317 0.87379 0.27193
vn -0.24908 0.89541 0.36906
vn -0.20124 0.91775 0.34239
vn -0.0478 0.92806 0.36935
vn -0.0989 0.93452 0.3419
vn -0.04702 0.96121 0.27177
vn -0.09977 0.96788 0.23076
vn -0.20586 0.95063 0.23222
vn -0.25555 0.92723 0.27374
vn 0.0594 0.97202 0.22726
vn 0.11025 0.95716 0.26775
vn 0.05494 0.93903 0.33942
vn 0.10434 0.92456 0.36648
vn 0.25361 0.89744 0.36095
vn 0.20719 0.9194 0.33432
vn 0.26406 0.92833 0.26169
vn 0.21638 0.95076 0.22189
vn 0.36676 0.9051 0.21512
vn 0.41023 0.87588 0.25405
vn 0.35369 0.87635 0.32698
vn 0.39603 0.84763 0.3531
vn 0.528 0.77676 0.3433
vn 0.49063 0.81135 0.31779
vn 0.54506 0.80172 0.24526
vn 0.50664 0.83684 0.2074
vn 0.8141 0.50737 0.2825
vn 0.83312 0.46109 0.30546
vn 0.89787 0.33049 0.29086
vn 0.88558 0.3787 0.26894
vn 0.91813 0.3397 0.20408
vn 0.90492 0.38884 0.17298
vn 0.83372 0.52139 0.18181
vn 0.85371 0.47431 0.21499
vn 0.89856 -0.43041 0.08567
vn 0.90497 -0.4205 0.06483
vn 0.89299 -0.44858 0.03668
vn 0.8995 -0.43513 0.03954
vn 0.90165 -0.43192 0.02147
vn 0.90616 -0.42208 0.02704
vn 0.92698 -0.37474 0.01632
vn 0.93963 -0.34132 0.02453
vn 0.93716 -0.33886 0.08307
vn 0.92526 -0.37445 0.0606
vn 0.64019 -0.76061 0.10786
vn 0.7036 -0.70409 0.096
vn 0.79527 -0.60193 0.07229
vn 0.82253 -0.56492 0.06562
vn 0.81541 -0.5736 0.07799
vn 0.78828 -0.60957 0.08394
vn 0.69402 -0.71102 0.1131
vn 0.63276 -0.7653 0.11804
vn 0.03691 -0.99187 0.12181
vn -0.00447 -0.9916 0.12923
vn -0.01506 -0.98952 0.1436
vn 0.0124 -0.98918 0.1462
vn 0.02234 -0.98961 0.14204
vn 0.00591 -0.99108 0.13316
vn 0.00442 -0.99277 0.11991
vn 0.03476 -0.99231 0.11882
vn 0.106 -0.98839 0.10887
vn 0.1452 -0.98395 0.10376
vn 0.07729 -0.99174 0.10232
vn 0.11871 -0.98785 0.1003
vn 0.12559 -0.98699 0.10041
vn 0.14952 -0.98395 0.09744
vn 0.22452 -0.96886 0.10441
vn 0.20222 -0.97432 0.09901
vn 0.27989 -0.95434 0.10443
vn 0.23665 -0.96627 0.10159
vn 0.25064 -0.96211 0.10735
vn 0.21046 -0.97211 0.10349
vn -0.77374 -0.62842 0.08009
vn -0.77768 -0.6257 0.06093
vn -0.7438 -0.66483 0.06896
vn -0.76089 -0.64389 0.08038
vn -0.73766 -0.66506 0.11642
vn -0.75478 -0.64391 0.12526
vn -0.77525 -0.6211 0.11499
vn -0.77417 -0.62413 0.10547
vn -0.76028 -0.62948 0.16041
vn -0.76266 -0.63045 0.14451
vn -0.79051 -0.59248 0.15514
vn -0.77791 -0.61288 0.13868
vn -0.79826 -0.59806 0.07153
vn -0.77986 -0.61808 0.09899
vn -0.76967 -0.63506 0.06558
vn -0.76636 -0.6358 0.09192
vn -0.76937 -0.62729 0.12074
vn -0.76532 -0.63205 0.12165
vn -0.89529 -0.4202 0.14794
vn -0.92251 -0.36869 0.11421
vn -0.93112 -0.36089 0.05274
vn -0.91343 -0.4056 0.03365
vn -0.84284 -0.53481 0.06001
vn -0.864 -0.49709 0.08011
vn -0.82655 -0.54063 0.15666
vn -0.85374 -0.50348 0.13281
vn -0.99218 0.04669 0.11572
vn -0.99217 0.09924 0.07579
vn -0.97344 0.19734 0.11608
vn -0.96606 0.2473 0.07458
vn -0.96899 0.24703 -0.00523
vn -0.97956 0.1975 -0.03809
vn -0.99835 0.04971 -0.02868
vn -0.99503 0.0996 0.00141
vn -0.9321 0.34191 0.11951
vn -0.91771 0.39006 0.07531
vn -0.86881 0.47941 0.12386
vn -0.84721 0.52567 0.07687
vn -0.85032 0.52612 -0.01266
vn -0.87568 0.48022 -0.05069
vn -0.93867 0.34184 -0.04531
vn -0.92074 0.39005 -0.00972
vn -0.78384 0.60758 0.12821
vn -0.75507 0.65091 0.07868
vn -0.67824 0.72288 0.13203
vn -0.64246 0.7621 0.08029
vn -0.64516 0.7639 -0.01516
vn -0.68478 0.72656 -0.05646
vn -0.79078 0.60968 -0.05436
vn -0.75809 0.65199 -0.01439
vn -0.26146 0.96184 0.08061
vn -0.20738 0.96884 0.13544
vn -0.04453 0.99031 0.13157
vn -0.09878 0.9921 0.07738
vn -0.0404 0.99879 -0.0281
vn -0.09414 0.99286 -0.07324
vn -0.25809 0.96389 -0.06562
vn -0.20645 0.9782 -0.02263
vn 0.06458 0.99536 0.07134
vn 0.11577 0.98522 0.12629
vn 0.27181 0.95441 0.1234
vn 0.22186 0.9727 0.06806
vn 0.26721 0.96144 -0.06502
vn 0.22055 0.97489 -0.03083
vn 0.06627 0.99502 -0.07442
vn 0.11694 0.99271 -0.02924
vn 0.42184 0.90516 -0.05239
vn 0.37115 0.92832 -0.02166
vn 0.37484 0.9246 0.06791
vn 0.42233 0.89846 0.11999
vn 0.5591 0.82114 0.11461
vn 0.51792 0.85288 0.06599
vn 0.56452 0.82406 -0.04728
vn 0.5201 0.85394 -0.01681
vn 0.68614 0.72608 -0.04502
vn 0.64726 0.7621 -0.01649
vn 0.64503 0.76159 0.06261
vn 0.68065 0.7244 0.10937
vn 0.78464 0.61108 0.10449
vn 0.75515 0.65282 0.0598
vn 0.7899 0.61179 -0.04214
vn 0.75729 0.6529 -0.01551
vn 0.87415 0.48415 -0.03831
vn 0.84833 0.5293 -0.01364
vn 0.84635 0.5295 0.0577
vn 0.86926 0.48412 0.10008
vn 0.93309 0.34655 0.09617
vn 0.91712 0.39459 0.0564
vn 0.93759 0.34614 -0.03319
vn 0.91894 0.39426 -0.01066
vn 0.96675 0.24812 -0.06196
vn 0.97765 0.19851 -0.06916
vn 0.99364 0.10031 -0.05108
vn 0.99714 0.05006 -0.05667
vn 0.99423 0.04919 -0.09533
vn 0.99139 0.09901 -0.08567
vn 0.97437 0.19618 -0.11008
vn 0.96432 0.24546 -0.09918
vn 0.99798 -0.05108 -0.03788
vn 0.99388 -0.10234 -0.04166
vn 0.97873 -0.20392 -0.0222
vn 0.96686 -0.25415 -0.02424
vn 0.96571 -0.2524 -0.06084
vn 0.97769 -0.20341 -0.05238
vn 0.99168 -0.10182 -0.0788
vn 0.99623 -0.05101 -0.07014
vn 0.90327 -0.42875 0.01643
vn 0.90895 -0.41686 0.00597
vn 0.89991 -0.43606 0.0048
vn 0.90497 -0.42548 -0.00093
vn 0.90693 -0.4194 -0.03973
vn 0.91103 -0.41158 -0.0249
vn 0.92894 -0.36747 -0.04518
vn 0.94093 -0.33686 -0.03432
vn 0.94088 -0.33871 -0.00549
vn 0.92791 -0.37274 -0.00716
vn 0.68754 -0.72333 0.0639
vn 0.74033 -0.67144 0.03274
vn 0.82253 -0.56872 0.0013
vn 0.84058 -0.54167 -0.00452
vn 0.83637 -0.54775 0.02129
vn 0.81334 -0.58142 0.02056
vn 0.7271 -0.68475 0.0494
vn 0.66653 -0.7434 0.05558
vn -6E-05 -0.98097 0.19417
vn -0.0417 -0.96908 0.2432
vn -0.02244 -0.97245 0.23202
vn -0.05858 -0.98014 0.18948
vn -0.03702 -0.9924 0.11735
vn -0.06656 -0.98973 0.12649
vn -0.07082 -0.99087 0.11477
vn -0.02122 -0.99148 0.12849
vn 0.24771 -0.94075 0.23158
vn 0.21095 -0.96034 0.18234
vn 0.08645 -0.96685 0.24027
vn 0.13079 -0.97397 0.18516
vn 0.02601 -0.99343 0.11148
vn 0.09142 -0.98834 0.12173
vn 0.0951 -0.99024 0.10185
vn 0.13377 -0.98532 0.10606
vn 0.25993 -0.96057 0.09867
vn 0.21922 -0.9701 0.10414
vn 0.32053 -0.94151 0.10403
vn 0.25682 -0.95936 0.11697
vn 0.25947 -0.94601 0.19429
vn 0.17508 -0.9739 0.14445
vn 0.26969 -0.95722 0.10485
vn 0.18014 -0.97841 0.10132
vn -0.17741 -0.98112 0.07699
vn -0.04589 -0.99526 0.08578
vn -0.19232 -0.97588 0.10335
vn -0.06016 -0.98529 0.15995
vn -0.7772 -0.62708 -0.05223
vn -0.78413 -0.61765 -0.06043
vn -0.76898 -0.63776 -0.04391
vn -0.77753 -0.62706 -0.04739
vn -0.76163 -0.64739 -0.02849
vn -0.77454 -0.63194 -0.0273
vn -0.78749 -0.61535 -0.03476
vn -0.78141 -0.62277 -0.0396
vn -0.77047 -0.63687 0.02775
vn -0.76719 -0.6414 0.00482
vn -0.80189 -0.59713 0.02011
vn -0.78373 -0.6211 -0.00172
vn -0.79959 -0.59804 -0.05474
vn -0.7815 -0.62261 -0.04034
vn -0.76723 -0.63863 -0.05931
vn -0.76471 -0.64289 -0.04373
vn -0.77519 -0.63106 -0.02908
vn -0.76833 -0.63952 -0.02611
vn -0.84484 -0.53121 -0.06371
vn -0.87167 -0.48646 -0.05962
vn -0.84756 -0.53049 -0.01504
vn -0.87263 -0.48838 0.00088
vn -0.93674 -0.34896 -0.02729
vn -0.91804 -0.39447 -0.03993
vn -0.93386 -0.34675 -0.08755
vn -0.91327 -0.39699 -0.09135
vn -0.93277 0.33741 -0.12687
vn -0.9167 0.38502 -0.10689
vn -0.84642 0.52034 -0.11317
vn -0.8704 0.4738 -0.13387
vn -0.83542 0.51803 -0.18363
vn -0.85545 0.47732 -0.20092
vn -0.90297 0.38705 -0.18665
vn -0.92652 0.3381 -0.16505
vn -0.78636 0.60198 -0.13877
vn -0.7552 0.6448 -0.11789
vn -0.64309 0.75626 -0.12047
vn -0.68172 0.71769 -0.14205
vn -0.63905 0.74063 -0.20756
vn -0.67157 0.69899 -0.24578
vn -0.77061 0.59613 -0.22537
vn -0.74644 0.63424 -0.20142
vn -0.36179 0.91538 -0.17659
vn -0.41963 0.8833 -0.20903
vn -0.55516 0.7949 -0.24482
vn -0.51134 0.83483 -0.20392
vn -0.55602 0.81844 -0.14491
vn -0.51109 0.85072 -0.12276
vn -0.35832 0.92485 -0.12752
vn -0.40895 0.90022 -0.14952
vn -0.08697 0.98589 -0.14304
vn -0.0329 0.98589 -0.16415
vn -0.0402 0.97505 -0.21832
vn -0.07567 0.96799 -0.23932
vn -0.23909 0.94971 -0.20219
vn -0.17443 0.96343 -0.20342
vn -0.24731 0.95624 -0.15634
vn -0.19725 0.97088 -0.13598
vn 0.20692 0.97063 -0.12273
vn 0.25241 0.95861 -0.13176
vn 0.22344 0.95181 -0.21009
vn 0.17648 0.96565 -0.19072
vn 0.0754 0.96807 -0.23908
vn 0.05277 0.97624 -0.21017
vn 0.0666 0.98784 -0.14046
vn 0.10786 0.98246 -0.15214
vn 0.7567 0.64833 -0.08408
vn 0.78886 0.60713 -0.09535
vn 0.78555 0.60128 -0.14622
vn 0.75467 0.643 -0.13048
vn 0.6819 0.71448 -0.15662
vn 0.64478 0.75154 -0.13942
vn 0.64686 0.75734 -0.0895
vn 0.68525 0.72113 -0.10198
vn 0.86947 0.47511 -0.13525
vn 0.84528 0.5204 -0.12114
vn 0.84744 0.52512 -0.07804
vn 0.87283 0.48001 -0.08806
vn 0.91778 0.39072 -0.07083
vn 0.93603 0.34281 -0.07952
vn 0.93264 0.33909 -0.12332
vn 0.91544 0.38689 -0.11088
vn 0.91797 -0.32168 -0.23205
vn 0.91511 -0.35866 -0.18423
vn 0.93904 -0.33189 -0.08973
vn 0.9247 -0.36418 -0.11089
vn 0.90592 -0.41793 -0.06819
vn 0.90846 -0.40701 -0.09509
vn 0.89634 -0.42626 -0.12195
vn 0.90052 -0.41497 -0.12988
vn 0.88201 -0.40037 -0.24852
vn 0.89704 -0.39857 -0.19093
vn -0.29707 -0.94585 0.13088
vn -0.27549 -0.9606 0.03662
vn -0.26297 -0.92504 -0.27413
vn -0.24178 -0.81317 -0.52943
vn -0.1642 -0.80607 -0.56859
vn -0.08422 -0.92898 -0.36041
vn -0.06613 -0.98432 0.1635
vn -0.19194 -0.98141 0.00137
vn 0.37529 -0.82812 -0.41639
vn 0.28804 -0.95154 -0.10768
vn -0.11122 -0.89958 -0.42235
vn 0.01937 -0.99419 -0.10585
vn -0.22364 -0.9485 0.22436
vn -0.07894 -0.97043 0.22812
vn -0.09224 -0.87773 0.4702
vn 0.00092 -0.92768 0.37337
vn 0.06643 -0.93756 0.34143
vn 0.10457 -0.9391 0.32736
vn 0.25362 -0.91115 0.32477
vn 0.21062 -0.92491 0.31652
vn 0.3675 -0.82491 0.4295
vn 0.29396 -0.89005 0.34842
vn 0.48605 -0.85106 0.19864
vn 0.36645 -0.90618 0.21109
vn -0.54715 -0.83121 0.09858
vn -0.4513 -0.89226 0.01432
vn -0.55095 -0.66921 -0.49862
vn -0.44179 -0.83304 -0.33298
vn -0.12653 -0.81828 -0.56072
vn 0.03446 -0.93638 -0.3493
vn 0.03699 -0.98588 0.16333
vn -0.13724 -0.99051 0.00769
vn -0.79342 -0.59336 -0.13568
vn -0.77593 -0.60567 -0.17636
vn -0.76426 -0.59658 -0.24496
vn -0.77768 -0.55738 -0.29077
vn -0.82737 -0.49133 -0.27213
vn -0.81706 -0.5315 -0.22343
vn -0.82498 -0.55235 -0.11964
vn -0.8117 -0.5734 -0.11116
vn -0.79635 -0.60035 -0.07358
vn -0.77472 -0.62631 -0.08688
vn -0.787 -0.60918 -0.09765
vn -0.77015 -0.6302 -0.09861
vn -0.74706 -0.65522 -0.11219
vn -0.7456 -0.65476 -0.12397
vn -0.75376 -0.64575 -0.12188
vn -0.76163 -0.6385 -0.11062
vn -0.76577 -0.63822 -0.0792
vn -0.75968 -0.64385 -0.09131
vn -0.65208 -0.55856 0.51265
vn -0.6119 -0.46765 0.63787
vn -0.58357 -0.33128 0.74142
vn -0.48932 -0.28988 0.82252
vn -0.38042 -0.40166 0.83304
vn -0.37551 -0.48222 0.79149
vn -0.45376 -0.5546 0.69751
vn -0.38399 -0.50529 0.77281
vn -0.54877 -0.61405 0.56726
vn -0.53523 -0.58912 0.60536
vn -0.60268 -0.70697 0.3701
vn -0.68592 -0.70315 0.18732
vn -0.73148 -0.63866 -0.23886
vn -0.73716 -0.66512 -0.11922
vn -0.75399 -0.63696 -0.16053
vn -0.74815 -0.65443 -0.10953
vn -0.74306 -0.66464 -0.07821
vn -0.73969 -0.67265 -0.02015
vn -0.66207 -0.65665 0.3612
vn -0.73054 -0.67983 0.06442
vn -0.55225 -0.59761 0.58128
vn -0.71086 -0.6912 0.13005
vn -0.69555 -0.69631 0.17708
vn -0.69847 -0.65871 0.27972
vn -0.82877 -0.55062 -0.09976
vn -0.85409 -0.50722 -0.11514
vn -0.83688 -0.5378 -0.10198
vn -0.86452 -0.49191 -0.1031
vn -0.91508 -0.38189 -0.12956
vn -0.89173 -0.43133 -0.13701
vn -0.88753 -0.42593 -0.17571
vn -0.87667 -0.45549 -0.15487
vn -0.90529 -0.42476 -0.00609
vn -0.90359 -0.4167 -0.09946
vn -0.89414 -0.42623 -0.13729
vn -0.89552 -0.40529 -0.18381
vn -0.92985 -0.32874 -0.16523
vn -0.91594 -0.35818 -0.18102
vn -0.92356 -0.31701 -0.21574
vn -0.9117 -0.34239 -0.2271
vn -0.90237 -0.37845 -0.20617
vn -0.90593 -0.39191 -0.16032
vn -0.82172 0.5323 -0.20354
vn -0.87568 0.45169 -0.17074
vn -0.78401 0.42194 0.45531
vn -0.89527 0.37317 0.24339
vn -0.28916 -0.39061 0.87396
vn -0.75233 -0.18636 0.63188
vn -0.45776 -0.77191 0.44114
vn -0.91526 -0.24137 0.32256
vn -0.88488 -0.44477 0.13849
vn -0.03557 -0.90286 0.42846
vn 0.25274 -0.96554 -0.06203
vn -0.60938 -0.77468 -0.16889
vn -0.9735 -0.10031 -0.20551
vn -0.9442 0.27746 -0.1775
vn -0.91595 0.28783 -0.27961
vn -0.92792 0.30959 -0.20766
vn -0.91462 0.34357 -0.21313
vn -0.91623 0.35073 -0.19368
vn -0.55672 0.0435 0.82956
vn -0.66018 0.39771 0.63717
vn -0.5771 0.05001 0.81514
vn -0.59755 0.10177 0.79535
vn -0.43204 -0.06862 0.89924
vn -0.68267 0.19685 0.70371
vn -0.81042 0.4628 0.35923
vn -0.81923 0.51645 0.24929
vn -0.79448 0.60054 -0.09029
vn -0.76759 0.62751 -0.13054
vn -0.69317 0.68156 -0.2345
vn -0.75958 0.64365 -0.09356
vn -0.80601 0.56189 0.1861
vn -0.73107 0.56217 0.38665
vn -0.07051 -0.22176 0.97255
vn -0.33187 -0.10315 0.93767
vn -0.34012 -0.13439 0.93073
vn -0.44289 -0.08423 0.89261
vn -0.4361 -0.13052 0.89038
vn -0.32226 -0.26738 0.9081
vn -0.27004 -0.25868 0.92745
vn -0.0156 -0.42033 0.90724
vn -0.20916 -0.10095 0.97266
vn -0.50015 0.10463 0.85959
vn -0.69267 0.31556 0.64856
vn -0.82262 0.38918 0.41454
vn -0.78186 0.54649 0.30008
vn -0.67761 0.73171 -0.0737
vn -0.48435 0.30909 0.81845
vn -0.60436 0.29384 0.74054
vn 0.36072 0.89337 -0.26792
vn 0.42709 0.90214 -0.06118
vn 0.87331 0.37438 0.31173
vn 0.70732 0.63902 0.30225
vn 0.69718 -0.36866 0.61484
vn 0.74603 0.0261 0.6654
vn 0.73423 -0.45542 0.50349
vn 0.70038 0.10479 0.70603
vn 0.60256 0.70264 0.37843
vn 0.58802 0.6846 0.43076
vn 0.56794 0.53352 0.62673
vn 0.56448 0.64549 0.51451
vn 0.51566 0.40449 0.7553
vn 0.55043 0.53965 0.63702
vn 0.39674 -0.00041 0.91793
vn 0.49906 0.2654 0.82493
vn 0.38647 0.1895 0.90262
vn 0.39209 -0.10088 0.91438
vn 0.30942 0.72606 0.61408
vn 0.38372 0.7775 0.49825
vn 0.09028 0.98584 -0.14128
vn 0.25139 0.96756 0.02502
vn 0.20975 0.94169 -0.2631
vn 0.27882 0.95181 -0.12774
vn 0.53419 0.76662 -0.35628
vn 0.50144 0.80541 -0.31603
vn 0.39797 0.84152 -0.36534
vn 0.33601 0.88202 -0.33037
vn 0.33915 0.90988 -0.23895
vn 0.39948 0.87985 -0.25745
vn 0.51249 0.83064 -0.21767
vn 0.5529 0.79749 -0.24149
vn 0.74773 0.63467 -0.19516
vn 0.77612 0.59222 -0.21662
vn 0.75137 0.57261 -0.32797
vn 0.73007 0.61863 -0.29031
vn 0.6495 0.67865 -0.3429
vn 0.62138 0.72172 -0.30497
vn 0.63789 0.74156 -0.20783
vn 0.67256 0.70321 -0.23055
vn 0.84862 -0.37501 -0.37311
vn 0.79535 -0.36385 -0.4848
vn 0.65614 -0.30667 -0.68952
vn 0.58128 -0.26662 -0.76878
vn 0.61862 -0.24788 -0.74556
vn 0.72719 -0.25755 -0.63628
vn 0.88105 -0.30793 -0.35907
vn 0.83471 -0.3255 -0.4442
vn 0.49523 -0.24531 -0.83341
vn 0.56799 -0.24224 -0.78658
vn 0.82787 -0.37474 -0.41737
vn 0.75801 -0.31311 -0.57217
vn 0.82639 -0.31104 -0.4694
vn 0.82856 -0.28403 -0.48252
vn 0.73124 -0.27192 -0.62557
vn 0.69647 -0.21028 -0.68608
vn 0.30855 -0.03496 -0.95057
vn 0.45972 -0.11535 -0.88054
vn 0.34525 -0.10345 -0.93279
vn 0.37065 -0.14819 -0.91687
vn -0.31012 -0.19717 -0.93003
vn -0.29407 -0.14376 -0.94491
vn -0.27201 -0.06417 -0.96015
vn -0.40286 -0.16574 -0.90013
vn -0.6522 -0.36949 -0.6619
vn -0.62688 -0.29294 -0.72195
vn -0.75878 -0.38899 -0.52243
vn -0.75253 -0.42351 -0.50431
vn -0.72002 -0.5384 -0.43784
vn -0.67191 -0.43776 -0.59741
vn -0.42149 -0.35257 -0.83549
vn -0.48816 -0.33882 -0.8043
vn -0.51196 -0.85477 0.08522
vn -0.1904 -0.86598 0.46241
vn 0.78615 -0.25015 0.56514
vn -0.2391 -0.96749 0.0824
vn -0.60356 -0.73225 -0.31546
vn -0.70903 -0.65498 -0.2613
vn -0.51871 -0.69279 0.50099
vn -0.63799 -0.74571 0.19204
vn -0.42187 -0.67784 0.60213
vn -0.51886 -0.80881 0.27678
vn 0.76808 0.5762 0.27938
vn 0.81781 0.57545 -0.00658
vn 0.79789 0.55777 0.22862
vn 0.85296 0.51043 -0.10915
vn -0.11326 0.13172 -0.9848
vn 0.68208 0.6999 -0.21194
vn -0.19497 -0.07282 -0.9781
vn 0.07959 -0.07887 -0.9937
vn 0.01173 -0.04863 -0.99875
vn 0.01237 0.04625 -0.99885
vn -0.08774 -0.00276 -0.99614
vn 0.24149 0.35824 -0.90186
vn -0.44198 -0.38172 -0.81176
vn -0.5998 -0.57024 -0.5613
vn -0.49599 -0.44497 -0.74565
vn -0.53326 -0.50903 -0.67566
vn -0.45729 -0.43027 -0.7783
vn -0.52779 -0.46411 -0.71137
vn -0.64675 -0.55407 -0.52414
vn -0.57135 -0.69861 -0.4307
vn -0.1695 -0.80728 -0.56531
vn 0.94028 0.09336 0.32735
vn 0.71941 0.60303 0.34467
vn 0.81139 0.58274 0.04535
vn 0.74728 0.58433 0.31643
vn 0.80938 0.5866 0.02824
vn 0.75815 0.56432 0.32672
vn 0.81878 0.57181 0.0513
vn 0.71844 0.56842 0.40092
vn 0.79522 0.59915 0.09296
vn -0.87549 -0.34422 -0.33916
vn -0.86651 -0.35624 -0.34963
vn -0.88349 -0.36381 -0.29509
vn -0.88916 -0.3649 -0.27614
vn -0.90054 -0.29391 -0.3204
vn -0.87716 -0.32124 -0.35693
vn -0.75053 -0.26054 -0.60731
vn -0.83067 -0.3114 -0.46155
vn -0.8133 -0.35412 -0.46167
vn -0.84045 -0.36168 -0.40353
vn -0.76439 -0.38948 -0.51382
vn -0.76377 -0.36073 -0.53528
vn -0.62395 -0.25732 -0.73788
vn -0.66612 -0.31944 -0.67398
vn -0.55864 -0.32578 -0.76275
vn -0.61219 -0.40584 -0.67862
vn -0.7048 -0.4685 -0.53269
vn -0.71136 -0.42354 -0.56087
vn -0.82781 0.19798 -0.52491
vn -0.76172 0.25444 -0.59586
vn -0.71435 0.24036 -0.65721
vn -0.75224 0.22777 -0.61827
vn -0.85293 0.24836 -0.45916
vn -0.88443 0.28164 -0.3721
vn -0.94029 0.20182 -0.27408
vn -0.8895 0.22717 -0.39646
vn -0.47213 0.36395 -0.80289
vn -0.56522 0.31988 -0.7604
vn -0.5581 0.35839 -0.74838
vn -0.54054 0.27127 -0.79639
vn -0.59878 0.22015 -0.77006
vn -0.63777 0.2563 -0.72633
vn -0.71559 0.25848 -0.64893
vn -0.6749 0.18032 -0.71553
vn -0.38059 -0.05203 -0.92328
vn -0.5801 0.16554 -0.79755
vn -0.00913 -0.13959 -0.99017
vn 0.00188 -0.16311 -0.98661
vn -0.09261 -0.06917 -0.9933
vn -0.02494 -0.12133 -0.9923
vn -0.44882 -0.00074 -0.89362
vn -0.21724 -0.0068 -0.9761
vn -0.914 0.02388 -0.405
vn -0.74108 0.21807 -0.63502
vn -0.63045 0.39681 -0.66713
vn -0.45111 0.38654 -0.80442
vn -0.44409 0.42568 -0.78841
vn -0.26183 0.3018 -0.91671
vn -0.04145 0.05726 -0.9975
vn -0.00905 -0.07746 -0.99695
vn -0.46171 -0.34655 -0.81653
vn -0.36391 -0.30155 -0.88127
vn -0.10266 -0.28733 -0.95231
vn -0.45569 -0.05995 -0.88811
vn -0.41876 0.25602 -0.87126
vn -0.58832 0.24507 -0.77059
vn -0.56822 0.33207 -0.7529
vn -0.66 0.25224 -0.70766
vn -0.7536 0.35712 -0.55186
vn -0.86134 0.2949 -0.41368
vn -0.93515 0.15022 -0.32081
vn -0.8638 -0.22413 -0.45123
vn -0.36037 -0.67137 -0.6476
vn -0.66782 -0.35118 -0.65626
vn -0.30166 -0.11444 -0.94652
vn -0.37041 0.01221 -0.92879
vn -0.33795 0.21177 -0.91703
vn -0.42347 0.33263 -0.84263
vn -0.44515 0.17533 -0.87812
vn -0.46824 0.168 -0.86748
vn -0.36169 -0.27777 -0.88996
vn -0.35585 -0.31178 -0.881
vn -0.00566 -0.04886 -0.99879
vn -0.01952 -0.05074 -0.99852
vn -0.01383 -0.00188 -0.9999
vn -0.01383 -0.00188 -0.9999
vn -0.00575 0.00117 -0.99998
vn -0.01958 -0.00071 -0.99981
vn -0.18481 0.14627 -0.97183
vn -0.10774 0.05684 -0.99255
vn -0.22828 -0.0669 -0.97129
vn -0.14394 -0.0115 -0.98952
vn -0.05578 -0.27169 -0.96077
vn -0.06044 -0.11758 -0.99122
vn 0.35132 0.50598 -0.78775
vn 0.37529 0.60269 -0.70422
vn 0.29098 0.54719 -0.7848
vn 0.31251 0.64498 -0.69738
vn 0.34433 0.80825 -0.47767
vn 0.37829 0.74837 -0.54483
vn 0.46662 0.74624 -0.47475
vn 0.48085 0.69092 -0.53982
vn 0.50778 0.38145 -0.77243
vn 0.55876 0.46846 -0.68435
vn 0.43455 0.44927 -0.78059
vn 0.47131 0.54303 -0.69497
vn 0.57938 0.67193 -0.46133
vn 0.58841 0.61385 -0.52627
vn 0.68294 0.57749 -0.44731
vn 0.68336 0.51955 -0.51293
vn 0.61447 0.2165 -0.75865
vn 0.69029 0.28416 -0.6654
vn 0.56786 0.30302 -0.76532
vn 0.63215 0.3812 -0.67459
vn 0.76975 0.46915 -0.43287
vn 0.76172 0.41248 -0.49964
vn 0.83819 0.34977 -0.41845
vn 0.82217 0.29537 -0.48661
vn 0.83155 -0.52959 0.16748
vn 0.78773 -0.57449 0.22234
vn 0.82554 -0.5427 0.15482
vn 0.85489 -0.49822 0.14467
vn 0.89776 -0.43394 0.07566
vn 0.88941 -0.44994 0.08063
vn -0.70849 -0.69203 0.13834
vn -0.73232 -0.67639 0.07877
vn -0.60076 -0.7861 0.14541
vn -0.61338 -0.77498 0.15223
vn -0.47094 -0.83896 0.2727
vn -0.55599 -0.78983 0.25893
vn 0.38084 -0.91386 0.14079
vn 0.47801 -0.86868 0.12998
vn 0.4738 -0.86891 0.14318
vn 0.38089 -0.91351 0.14292
vn 0.20831 -0.96654 0.14968
vn 0.12596 -0.98138 0.14498
vn 0.11536 -0.9816 0.15215
vn 0.1999 -0.96854 0.14824
vn -0.15924 -0.97729 0.13978
vn -0.03433 -0.98899 0.14396
vn -0.16792 -0.97911 0.11466
vn -0.03915 -0.99332 0.10854
vn 0.26682 -0.95666 0.11667
vn 0.1781 -0.97519 0.13146
vn 0.25924 -0.95418 0.14949
vn 0.17851 -0.97245 0.14991
vn -0.14959 -0.53867 -0.82913
vn -0.1077 -0.37934 -0.91897
vn -0.03208 -0.11638 -0.99269
vn -0.01123 -0.05003 -0.99868
vn -0.01123 -0.05003 -0.99868
vn -0.00929 -0.09538 -0.9954
vn -0.05515 -0.51225 -0.85706
vn -0.07328 -0.32758 -0.94198
vn 0.48747 -0.21955 -0.84509
vn 0.45772 -0.39195 -0.79804
vn 0.14776 -0.49268 -0.85757
vn 0.19861 -0.299 -0.93335
vn 0.05848 -0.09061 -0.99417
vn 0.07902 -0.04268 -0.99596
vn 0.2575 -0.02474 -0.96596
vn 0.24775 -0.07948 -0.96556
vn 0.13511 -0.03394 -0.99025
vn 0.10807 -0.0105 -0.99409
vn 0.16267 0.00158 -0.98668
vn 0.11004 0.01188 -0.99386
vn 0.02242 0.00242 -0.99975
vn 0.04385 0.00314 -0.99903
vn 0.02142 0.00072 -0.99977
vn 0.03287 -0.0026 -0.99946
vn 0.22219 -0.34702 -0.91116
vn 0.30644 -0.48824 -0.81714
vn 0.20942 -0.48692 -0.84797
vn 0.17409 -0.30421 -0.93656
vn 0.04318 -0.09273 -0.99475
vn 0.02908 -0.04817 -0.99842
vn 0.04305 -0.06376 -0.99704
vn 0.07213 -0.11194 -0.99109
vn 0 -0 -1
vn 0 -0 -1
vn 0 0 -1
vn 0 0 -1
vn 0 0 -1
vn 0 0 -1
vn 0 -0 -1
vn 0 -0 -1
vn -0.32971 -0.45044 0.8297
vn -0.27243 -0.19959 0.94125
vn 0.0736 -0.42681 0.90134
vn 0.08367 -0.56729 0.81925
vn 0.17019 -0.29381 0.94059
vn 0.23644 -0.27589 0.93166
vn 0.21747 -0.22697 0.94931
vn 0.18765 -0.2728 0.94359
vn 0.23282 -0.28747 0.92906
vn 0.17157 -0.29337 0.94048
vn 0.17213 -0.31943 0.93185
vn 0.19321 -0.35101 0.91622
vn 0.12008 -0.26615 0.95642
vn 0.10429 -0.24124 0.96485
vn 0.11842 -0.34687 0.93041
vn 0.13472 -0.35123 0.92655
vn 0.1693 -0.37023 0.91338
vn 0.11803 -0.34692 0.93044
vn 0.11709 -0.36232 0.92467
vn 0.12619 -0.39584 0.90961
vn 0.08036 -0.3069 0.94834
vn 0.06088 -0.27986 0.95811
vn 0.0614 -0.37193 0.92623
vn 0.07483 -0.38018 0.92188
vn 0.09973 -0.4062 0.90833
vn 0.06076 -0.372 0.92624
vn 0.05499 -0.38574 0.92097
vn 0.05227 -0.41869 0.90662
vn 0.03851 -0.32465 0.94505
vn 0.02805 -0.29173 0.95609
vn 0.00039 -0.38025 0.92488
vn 0.01029 -0.39157 0.92009
vn 0.02441 -0.42204 0.90625
vn -0.00037 -0.38026 0.92488
vn -0.01029 -0.39158 0.92009
vn -0.02441 -0.42204 0.90625
vn -0.00599 -0.32931 0.9442
vn -0.0058 -0.29369 0.95588
vn -0.06941 -0.36698 0.92764
vn -0.05601 -0.38502 0.92121
vn -0.05329 -0.41797 0.9069
vn -0.11423 -0.3907 0.9134
vn -0.09152 -0.35945 0.92867
vn -0.10959 -0.30105 0.94729
vn -0.09368 -0.26435 0.95987
vn -0.11999 -0.39567 0.91052
vn -0.07903 -0.34091 0.93677
vn -0.12125 -0.34529 0.93063
vn 0.04789 -0.40108 0.91479
vn 0.11398 -0.4836 0.86784
vn 0.568 -0.00103 0.82303
vn 0.5198 0.05272 0.85266
vn 0.39291 0.18033 0.90172
vn 0.17385 0.10952 0.97866
vn 0.32399 0.5624 0.76075
vn 0.29678 0.63235 0.71558
vn 0.02988 0.62468 0.78031
vn 0.13545 0.75998 0.63568
vn -0.13712 0.39406 0.9088
vn -0.17768 0.15648 0.97157
vn -0.21 0.04445 0.97669
vn -0.19458 0.09518 0.97626
vn -0.2419 0.12296 0.96248
vn -0.18181 0.11365 0.97675
vn -0.18696 0.14578 0.97149
vn -0.21165 0.18783 0.95913
vn -0.12656 0.06833 0.9896
vn -0.09921 -0.00615 0.99505
vn -0.13131 0.18094 0.97469
vn -0.14901 0.18637 0.97111
vn -0.18827 0.21151 0.95907
vn -0.1315 0.1808 0.97469
vn -0.1312 0.1993 0.97111
vn -0.14298 0.24441 0.95907
vn -0.08807 0.13186 0.98735
vn -0.06968 0.08592 0.99386
vn -0.06896 0.21265 0.97469
vn -0.08412 0.2233 0.97111
vn -0.11369 0.25934 0.95907
vn -0.06918 0.21257 0.97469
vn -0.06319 0.23008 0.97112
vn -0.06045 0.27663 0.95907
vn -0.0432 0.15385 0.98715
vn -0.03363 0.12278 0.99186
vn 0.00012 0.22352 0.9747
vn -0.011 0.23834 0.97112
vn -0.02799 0.28177 0.95907
vn -0.00011 0.22351 0.9747
vn 0.011 0.23833 0.97112
vn 0.02799 0.28177 0.95907
vn 0.00671 0.1612 0.9869
vn 0.00597 0.13444 0.9909
vn 0.07006 0.21195 0.97477
vn 0.06355 0.22979 0.97116
vn 0.06082 0.27635 0.95913
vn 0.12497 0.24755 0.96078
vn 0.08996 0.20835 0.97391
vn 0.09929 0.15021 0.98366
vn 0.07059 0.13506 0.98832
vn 0.03475 0.32415 0.94537
vn -0.04644 0.18946 0.98079
vn 0.02433 0.27447 0.96129
vn -0.32197 0.40033 0.85794
vn -0.41213 0.62588 0.66214
vn -0.49602 0.70257 0.51026
vn 0 0 -1
vn 0 0 -1
vn 0 0 -1
vn 0 0 -1
vn 0 0 -1
vn 0 0 -1
vn 0 -0 -1
vn 0 -0 -1
vn 0 -0 -1
vn 0 -0 -1
vn 0 -0 -1
vn 0 -0 -1
vn 0 0 -1
vn 0 -0 -1
vn 0 -0 -1
vn 0 -0 -1
vn 0 -0 -1
vn 0 -0 -1
vn 0 0 -1
vn 0 0 -1
vn 0 -0 -1
vn 0 -0 -1
vn 0 -0 -1
vn 0 0 -1
vn 0 0 -1
vn 0 0 -1
vn 0 0 -1
vn 0 0 -1
vn 0 0 -1
vn 0 -0 -1
vn 0 0 -1
vn 0 0 -1
vn 0 0 -1
vn 0 0 -1
vn 0 0 -1
vn 0 0 -1
vn 0 0 -1
vn 0 0 -1
vn 0 -0 -1
vn 0 -0 -1
vn 0 -0 -1
vn 0 -0 -1
vn 0 0 -1
vn 0 -0 -1
vn 0 0 -1
vn 0 0 -1
vn 0 0 -1
vn 0 0 -1
vn 0 -0 -1
vn 0 -0 -1
vn 0 -0 -1
vn 0 0 -1
vn 0 0 -1
vn 0 -0 -1
vn 0 -0 -1
vn 0 -0 -1
vn 0 -0 -1
vn 0 -0 -1
vn 0 -0 -1
vn 0 -0 -1
vn 0 -0 -1
vn 0 -0 -1
vn 0 -0 -1
vn 0 -0 -1
vn 0 -0 -1
vn 0 -0 -1
vn 0 0 -1
vn 0 0 -1
vn 0 0 -1
vn 0 0 -1
vn 0 0 -1
vn 0 0 -1
vn 0 0 -1
vn 0 0 -1
vn 0 0 -1
vn 0 0 -1
vn 0 0 -1
vn 0 0 -1
vn 0 0 -1
vn 0 0 -1
vn 0 0 -1
vn 0 0 -1
vn 0 0 -1
vn 0 0 -1
vn 0 -0 -1
vn 0 -0 -1
vn 0 -0 -1
vn 0 -0 -1
vn 0 -0 -1
vn 0 -0 -1
vn 0 0 -1
vn 0 0 -1
vn 0 -0 -1
vn 0 0 -1
vn 0 0 -1
vn 0 0 -1
vn 0 0 -1
vn 0 0 -1
vn 0 0 -1
vn 0 0 -1
vn 0 -0 -1
vn 0 -0 -1
vn 0 -0 -1
vn 0 -0 -1
vn 0 0 -1
vn 0 0 -1
vn 0 0 -1
vn 0 0 -1
vn 0 -0 -1
vn 0 -0 -1
vn 0 -0 -1
vn 0 -0 -1
vn 0 -0 -1
vn 0 -0 -1
vn 0 0 -1
vn 0 0 -1
vn 0 0 -1
vn 0 0 -1
vn 0 0 -1
vn 0 0 -1
vn 0.45591 -0.60408 0.65363
vn 0.32524 -0.7168 0.61678
vn 0.25664 -0.59656 0.76043
vn 0.36159 -0.46189 0.80988
vn 0.50601 -0.37828 0.77515
vn 0.46253 -0.48084 0.74489
vn 0.47332 -0.36702 0.80079
vn 0.44833 -0.35177 0.82174
vn 0.31295 -0.3397 0.88695
vn 0.35695 -0.33397 0.87238
vn 0.28114 -0.3482 0.89427
vn 0.32921 -0.3509 0.87663
vn 0.42093 -0.42394 0.80193
vn 0.4027 -0.38884 0.82863
vn 0.36176 -0.47272 0.80353
vn 0.35146 -0.4389 0.82695
vn 0.25878 -0.37948 0.88827
vn 0.27536 -0.41291 0.86815
vn 0.20001 -0.42242 0.88406
vn 0.24053 -0.43665 0.86688
vn 0.29842 -0.51231 0.80529
vn 0.29407 -0.47901 0.82709
vn 0.23569 -0.54014 0.80789
vn 0.23479 -0.50988 0.82758
vn 0.17416 -0.43708 0.8824
vn 0.17831 -0.46959 0.86469
vn 0.11052 -0.46 0.88101
vn 0.14113 -0.48216 0.86464
vn 0.1727 -0.55657 0.81265
vn 0.17632 -0.53024 0.82931
vn 0.10256 -0.56455 0.819
vn 0.11497 -0.5414 0.83287
vn 0.08224 -0.46708 0.88038
vn 0.07458 -0.49683 0.86464
vn 0.01473 -0.47386 0.88048
vn 0.03494 -0.50028 0.86516
vn 0.02584 -0.56871 0.82213
vn 0.04788 -0.54658 0.83604
vn -0.02935 -0.57024 0.82095
vn -0.04696 -0.54797 0.83518
vn -0.01428 -0.47386 0.88048
vn -0.03372 -0.50005 0.86534
vn -0.08234 -0.46561 0.88115
vn -0.0729 -0.49586 0.86534
vn -0.10818 -0.54128 0.83386
vn -0.09697 -0.56665 0.81823
vn -0.16261 -0.55504 0.81577
vn -0.17159 -0.52645 0.83271
vn -0.11387 -0.45383 0.88378
vn -0.14376 -0.47545 0.86792
vn -0.14077 -0.45941 0.877
vn -0.16488 -0.47596 0.86387
vn -0.20408 -0.52631 0.82544
vn -0.21785 -0.54243 0.81137
vn -0.20922 -0.59926 0.77273
vn -0.1061 -0.65287 0.75
vn -0.07755 -0.56569 0.82096
vn 0.05249 -0.57961 0.81321
vn 0.29201 -0.64919 0.70234
vn 0.1795 -0.68712 0.70402
vn 0.16558 0.7563 0.63292
vn -0.00464 0.82189 0.56963
vn -0.00441 0.77477 0.63223
vn -0.17012 0.69003 0.70351
vn -0.32119 0.6508 0.68797
vn -0.43898 0.66097 0.60862
vn -0.428 0.46722 0.77364
vn -0.40052 0.37437 0.83632
vn -0.19867 0.46804 0.86109
vn -0.31742 0.32439 0.89107
vn -0.30163 0.19731 0.93279
vn -0.34669 0.21323 0.91342
vn -0.41451 0.2838 0.86466
vn -0.46644 0.29036 0.83554
vn -0.40877 0.3649 0.83652
vn -0.39238 0.31464 0.86431
vn -0.28543 0.22772 0.93095
vn -0.30821 0.27435 0.9109
vn -0.22816 0.28529 0.93089
vn -0.27435 0.30821 0.9109
vn -0.31464 0.39238 0.86431
vn -0.3649 0.40877 0.83652
vn -0.276 0.47335 0.83652
vn -0.27595 0.42049 0.86431
vn -0.20082 0.30515 0.93089
vn -0.20835 0.35617 0.9109
vn -0.12883 0.34183 0.93089
vn -0.16568 0.37791 0.9109
vn -0.17799 0.47041 0.86431
vn -0.22072 0.50152 0.83652
vn -0.11622 0.53548 0.83652
vn -0.1325 0.48519 0.86431
vn -0.0967 0.35227 0.93089
vn -0.08809 0.40312 0.9109
vn -0.0169 0.36491 0.93089
vn -0.04079 0.41061 0.9109
vn -0.02391 0.50239 0.86431
vn -0.05494 0.54518 0.83652
vn 0.05494 0.54518 0.83652
vn 0.02391 0.50239 0.86431
vn 0.0169 0.36491 0.93089
vn 0.04079 0.41061 0.9109
vn 0.09706 0.352 0.93095
vn 0.08809 0.40312 0.9109
vn 0.1325 0.48519 0.86431
vn 0.11622 0.53548 0.83652
vn 0.22207 0.50099 0.83648
vn 0.17854 0.47019 0.86432
vn 0.13292 0.33709 0.93204
vn 0.16997 0.37325 0.91203
vn 0.02126 0.45741 0.889
vn 0.15001 0.41892 0.89555
vn 0.19518 0.51737 0.83321
vn 0.25894 0.5032 0.82446
vn 0.17092 0.70263 0.69072
vn 0.07746 0.65356 0.7529
vn -0.17769 0.59403 0.78457
vn -0.16811 0.68799 0.70598
vn -0.0876 0.88849 0.45047
vn 0.10695 0.83323 0.54248
vn 0.75374 -0.35631 0.55219
vn 0.66993 -0.40759 0.62053
vn 0.63008 -0.52388 0.5732
vn 0.52848 -0.61808 0.58196
vn 0.58685 -0.3706 0.7199
vn 0.70848 -0.34948 0.61313
vn 0.65372 -0.36766 0.66142
vn 0.66354 -0.43667 0.60749
vn 0.6608 -0.38719 0.64299
vn 0.56789 -0.36038 0.74002
vn 0.58471 -0.39393 0.70917
vn 0.50817 -0.43554 0.74302
vn 0.51921 -0.47259 0.71209
vn 0.59779 -0.52131 0.609
vn 0.59786 -0.48003 0.64197
vn -0.43503 -0.63831 0.63507
vn -0.35787 -0.65497 0.66555
vn -0.2726 -0.628 0.72891
vn -0.48835 -0.66087 0.56988
vn -0.3667 -0.6909 0.62305
vn -0.85518 0.16153 0.49252
vn -0.77637 0.36755 0.51201
vn -0.60506 0.47373 0.6399
vn -0.78701 0.25602 0.56131
vn -0.72936 0.37204 0.57413
vn -0.76527 0.31714 0.56016
vn -0.71186 0.33825 0.6155
vn -0.61749 0.38134 0.68796
vn -0.55544 0.3813 0.73898
vn -0.55448 0.3256 0.76586
vn -0.57764 0.37356 0.72579
vn -0.65343 0.42607 0.6257
vn -0.71193 0.41155 0.56902
vn -0.64241 0.51738 0.56536
vn -0.58086 0.52258 0.62411
vn -0.5336 0.43501 0.72528
vn -0.47513 0.43096 0.76715
vn -0.43121 0.47489 0.76716
vn -0.43575 0.53356 0.72487
vn -0.4925 0.60711 0.6236
vn -0.55483 0.61171 0.56389
vn -0.45214 0.69074 0.56431
vn -0.39117 0.67643 0.62404
vn -0.37361 0.57889 0.72477
vn -0.31882 0.55673 0.76707
vn -0.26347 0.58495 0.76709
vn -0.24959 0.64206 0.72489
vn -0.27974 0.72887 0.6249
vn -0.33741 0.75242 0.5657
vn -0.21389 0.79532 0.5672
vn -0.16121 0.76325 0.62567
vn -0.17621 0.66578 0.72504
vn -0.13101 0.62786 0.76722
vn -0.06965 0.63758 0.76723
vn -0.03859 0.68751 0.72515
vn -0.03865 0.77884 0.62603
vn -0.0849 0.81853 0.56815
vn 0.0849 0.81853 0.56815
vn 0.03865 0.77884 0.62603
vn 0.03859 0.68751 0.72515
vn 0.06965 0.63758 0.76723
vn 0.13101 0.62786 0.76722
vn 0.17621 0.66578 0.72504
vn 0.21389 0.79532 0.5672
vn 0.16121 0.76325 0.62567
vn 0.33863 0.75163 0.56602
vn 0.28056 0.72848 0.62499
vn 0.25041 0.64164 0.72498
vn 0.26507 0.58419 0.76711
vn 0.30123 0.58493 0.75307
vn 0.36223 0.60335 0.71046
vn 0.46222 0.68145 0.56743
vn 0.39955 0.67164 0.6239
vn 0.52317 0.63599 0.56728
vn 0.46618 0.64222 0.60846
vn 0.36707 0.61855 0.69474
vn 0.26149 0.84867 0.45977
vn 0.38553 0.76387 0.51756
vn 0.57871 0.6578 0.48206
vn 0.47486 0.68448 0.55317
vn 0.95269 0.1398 0.2699
vn 0.93806 0.20958 0.27591
vn 0.93672 0.23571 0.25882
vn 0.94127 0.15435 0.30032
vn 0.94327 -0.02409 0.33114
vn 0.93823 0.01397 0.34574
vn 0.89483 -0.12217 0.42936
vn 0.88881 -0.14072 0.43614
vn 0.93734 -0.10176 0.33324
vn 0.93801 -0.01834 0.34612
vn 0.87765 -0.31054 0.36509
vn 0.88435 -0.24391 0.39804
vn 0.81562 -0.26897 0.51226
vn 0.82095 -0.29069 0.49147
vn 0.763 -0.35453 0.54051
vn 0.77512 -0.39219 0.49535
vn 0.81957 -0.44152 0.3652
vn 0.82234 -0.39333 0.41115
vn 0.7664 -0.53529 0.35511
vn 0.77271 -0.48951 0.4041
vn 0.72426 -0.43709 0.53329
vn 0.7248 -0.4863 0.48804
vn 0.66439 -0.52741 0.52955
vn 0.65862 -0.57154 0.48945
vn 0.70225 -0.61902 0.35166
vn 0.71303 -0.57643 0.39915
vn -0.55439 -0.75527 0.34959
vn -0.57344 -0.71782 0.39485
vn -0.50549 -0.702 0.50168
vn -0.51103 -0.66496 0.54468
vn -0.58074 -0.62958 0.51612
vn -0.59226 -0.64527 0.48255
vn -0.65728 -0.64885 0.38337
vn -0.64467 -0.68507 0.33923
vn -0.71181 -0.61356 0.34186
vn -0.72256 -0.57884 0.37795
vn -0.65837 -0.60015 0.45427
vn -0.64878 -0.60186 0.46568
vn -0.69231 -0.60424 0.39446
vn -0.71544 -0.57043 0.40344
vn -0.81257 -0.46318 0.35383
vn -0.76932 -0.51145 0.38283
vn -0.78536 -0.49408 0.37294
vn -0.76948 -0.53728 0.34532
vn -0.82666 -0.44055 0.35006
vn -0.84094 -0.38054 0.38473
vn -0.84183 -0.38513 0.37815
vn -0.88069 -0.31385 0.35479
vn -0.9254 -0.14109 0.35174
vn -0.89055 -0.2192 0.39859
vn -0.88252 -0.0926 0.46108
vn -0.87637 -0.19708 0.43947
vn -0.89059 -0.22535 0.39505
vn -0.88454 -0.29931 0.35779
vn -0.93605 -0.09751 0.33809
vn -0.93076 -0.00276 0.36563
vn -0.89482 -0.02689 0.44561
vn -0.87824 0.09715 0.46826
vn -0.84926 0.25325 0.46328
vn -0.88618 0.18961 0.42277
vn -0.92382 0.21608 0.31603
vn -0.9485 0.14772 0.28023
vn -0.91327 0.32809 0.24142
vn -0.8827 0.3714 0.28795
vn -0.85609 0.32309 0.40338
vn -0.81397 0.35962 0.45621
vn -0.75458 0.47919 0.44831
vn -0.80353 0.44867 0.3912
vn -0.82094 0.50123 0.27355
vn -0.85882 0.46095 0.22352
vn -0.78124 0.586 0.21511
vn -0.73625 0.62152 0.26766
vn -0.72809 0.56805 0.38368
vn -0.67368 0.59116 0.44348
vn -0.5735 0.68911 0.44298
vn -0.63165 0.6746 0.38202
vn -0.63024 0.72848 0.26852
vn -0.68158 0.6996 0.21451
vn -0.56143 0.79795 0.21925
vn -0.50525 0.81844 0.27363
vn -0.51695 0.76482 0.38446
vn -0.45709 0.76994 0.44527
vn -0.32789 0.83137 0.44868
vn -0.3873 0.83593 0.38887
vn -0.36441 0.88806 0.28028
vn -0.42333 0.87721 0.22647
vn -0.27092 0.93387 0.23342
vn -0.21179 0.93454 0.28598
vn -0.24644 0.88578 0.39326
vn -0.18963 0.87181 0.45166
vn -0.04619 0.89023 0.45316
vn -0.09849 0.91293 0.39604
vn -0.05223 0.95593 0.28892
vn -0.109 0.96516 0.23786
vn 0.109 0.96516 0.23786
vn 0.05223 0.95593 0.28893
vn 0.04619 0.89023 0.45316
vn 0.09849 0.91293 0.39605
vn 0.18963 0.8718 0.45166
vn 0.24644 0.88578 0.39326
vn 0.27092 0.93387 0.23342
vn 0.21179 0.93454 0.28598
vn 0.4234 0.87716 0.22655
vn 0.36448 0.888 0.28037
vn 0.3283 0.83106 0.44896
vn 0.38778 0.83554 0.38923
vn 0.46055 0.7654 0.44951
vn 0.52012 0.76057 0.38861
vn 0.56149 0.79786 0.21945
vn 0.50536 0.81828 0.27391
vn 0.68025 0.70177 0.2116
vn 0.62877 0.73081 0.26564
vn 0.5647 0.69303 0.44813
vn 0.61936 0.68647 0.38098
vn 0.64665 0.64112 0.4133
vn 0.71167 0.61392 0.34151
vn 0.7812 0.58923 0.20622
vn 0.73468 0.62889 0.25444
vn 0.85968 0.4681 0.20455
vn 0.82295 0.51428 0.24139
vn 0.73434 0.58635 0.34197
vn 0.79919 0.52644 0.2901
vn 0.7956 0.54663 0.26118
vn 0.82641 0.4949 0.26857
vn 0.88401 0.40141 0.2396
vn 0.90393 0.3434 0.25493
vn 0.91853 0.32908 0.21912
vn 0.89212 0.38248 0.24049
vn 0.98881 0.13325 -0.06714
vn 0.97857 0.20588 -0.00434
vn 0.96234 0.21415 0.16743
vn 0.98174 0.14155 0.12708
vn 0.97588 -0.01591 0.21772
vn 0.97724 -0.11832 0.17605
vn 0.98984 -0.13207 -0.05269
vn 0.99918 -0.03338 0.02289
vn 0.93035 -0.36479 -0.03707
vn 0.95346 -0.29768 0.04798
vn 0.92787 -0.26988 0.25735
vn 0.91391 -0.35042 0.20488
vn 0.85868 -0.43816 0.26587
vn 0.8478 -0.48824 0.207
vn 0.86411 -0.50282 -0.02214
vn 0.8815 -0.46818 0.0613
vn 0.8023 -0.59683 -0.00992
vn 0.82032 -0.56802 0.06655
vn 0.80288 -0.53764 0.25754
vn 0.78926 -0.58062 0.19986
vn 0.74258 -0.62127 0.2502
vn 0.72635 -0.65931 0.19422
vn 0.73774 -0.67507 -0.00324
vn 0.75746 -0.64934 0.06789
vn 0.68065 -0.73259 -0.0051
vn 0.69803 -0.7131 0.0652
vn 0.68151 -0.68791 0.24965
vn 0.67208 -0.71526 0.19159
vn 0.64696 -0.71954 0.25241
vn 0.65506 -0.73277 0.18423
vn 0.65249 -0.75646 0.04495
vn 0.6512 -0.75876 -0.01484
vn 0.37778 -0.91771 -0.12288
vn 0.28715 -0.95769 -0.01954
vn 0.3866 -0.87403 0.2943
vn 0.28608 -0.93712 0.19992
vn 0.04209 -0.95019 0.30881
vn -0.09276 -0.97487 0.20257
vn -0.0836 -0.98818 -0.12848
vn 0.03673 -0.99919 -0.01636
vn -0.47245 -0.88034 -0.04236
vn -0.47907 -0.87738 0.02643
vn -0.48853 -0.85162 0.18993
vn -0.47625 -0.83865 0.26428
vn -0.52077 -0.81643 0.24946
vn -0.50679 -0.84105 0.18919
vn -0.53307 -0.84581 -0.02107
vn -0.51268 -0.85735 0.04599
vn -0.58747 -0.80918 -0.01006
vn -0.61638 -0.7852 0.05942
vn -0.58105 -0.79304 0.18296
vn -0.60559 -0.75935 0.23802
vn -0.68399 -0.68912 0.2393
vn -0.66348 -0.72543 0.18314
vn -0.69219 -0.71884 0.06439
vn -0.66852 -0.74368 -0.00451
vn -0.73851 -0.67424 -0.00366
vn -0.75842 -0.64817 0.06837
vn -0.73089 -0.65486 0.19224
vn -0.74671 -0.61602 0.25089
vn -0.80276 -0.5352 0.26294
vn -0.7897 -0.57851 0.20419
vn -0.82045 -0.56758 0.06862
vn -0.80254 -0.59652 -0.00902
vn -0.86415 -0.50279 -0.02098
vn -0.88137 -0.46814 0.06351
vn -0.84721 -0.48748 0.2112
vn -0.85736 -0.43725 0.27157
vn -0.9259 -0.27332 0.26079
vn -0.9127 -0.35119 0.20894
vn -0.95306 -0.29872 0.04937
vn -0.93037 -0.36486 -0.03603
vn -0.98972 -0.13312 -0.05236
vn -0.99914 -0.03489 0.02225
vn -0.97673 -0.12263 0.17595
vn -0.9765 -0.01999 0.21459
vn -0.96362 0.21345 0.16087
vn -0.98257 0.14029 0.12193
vn -0.97864 0.20546 -0.00677
vn -0.98881 0.13276 -0.06811
vn -0.94524 0.31726 -0.07661
vn -0.93089 0.36452 -0.02404
vn -0.94194 0.32492 0.08465
vn -0.91909 0.372 0.12995
vn -0.85642 0.5031 0.11589
vn -0.88647 0.45762 0.06892
vn -0.86847 0.49473 -0.03169
vn -0.89013 0.44875 -0.07935
vn -0.81417 0.57482 -0.08192
vn -0.78487 0.61863 -0.03575
vn -0.80932 0.58414 0.06145
vn -0.77157 0.62647 0.11055
vn -0.66471 0.73866 0.11196
vn -0.71015 0.70143 0.06064
vn -0.67922 0.73301 -0.03694
vn -0.71634 0.69265 -0.08422
vn -0.59614 0.79825 -0.08612
vn -0.55136 0.83349 -0.03606
vn -0.58906 0.80552 0.06445
vn -0.53675 0.8355 0.11763
vn -0.38984 0.91237 0.12488
vn -0.44733 0.89158 0.07051
vn -0.40266 0.91472 -0.03408
vn -0.45435 0.88652 -0.08747
vn -0.29379 0.95179 -0.08817
vn -0.23679 0.97104 -0.03194
vn -0.2881 0.95454 0.07653
vn -0.22795 0.9648 0.13118
vn -0.05678 0.98927 0.13458
vn -0.11667 0.9899 0.08052
vn -0.05992 0.99774 -0.03044
vn -0.11984 0.98886 -0.08824
vn 0.11984 0.98886 -0.08824
vn 0.05992 0.99774 -0.03044
vn 0.05678 0.98927 0.13458
vn 0.11667 0.9899 0.08052
vn 0.22795 0.9648 0.13118
vn 0.2881 0.95454 0.07653
vn 0.29379 0.95179 -0.08817
vn 0.23679 0.97104 -0.03194
vn 0.45435 0.88652 -0.08747
vn 0.40266 0.91472 -0.03408
vn 0.38984 0.91237 0.12488
vn 0.44733 0.89158 0.07051
vn 0.53675 0.8355 0.11763
vn 0.58906 0.80552 0.06445
vn 0.59614 0.79825 -0.08612
vn 0.55135 0.83349 -0.03606
vn 0.71644 0.69256 -0.08408
vn 0.67932 0.73292 -0.03679
vn 0.66496 0.73842 0.11211
vn 0.71048 0.70108 0.06093
vn 0.77256 0.62494 0.11223
vn 0.81038 0.58242 0.06383
vn 0.81454 0.57442 -0.08107
vn 0.78531 0.61813 -0.03476
vn 0.89022 0.44879 -0.07805
vn 0.86879 0.4943 -0.02952
vn 0.85684 0.50115 0.12119
vn 0.88639 0.45696 0.07416
vn 0.91824 0.37169 0.13672
vn 0.94151 0.3248 0.0898
vn 0.94536 0.31724 -0.07518
vn 0.93096 0.36449 -0.02129
vn 0.93248 0.22288 -0.28425
vn 0.94301 0.16118 -0.29112
vn 0.95106 0.21274 -0.2241
vn 0.97131 0.14156 -0.19109
vn 0.97276 -0.10501 -0.20665
vn 0.96675 0.00185 -0.2557
vn 0.93926 -0.04484 -0.34027
vn 0.9382 0.04343 -0.34335
vn 0.9104 -0.15575 -0.38329
vn 0.9019 -0.24265 -0.35735
vn 0.93442 -0.23829 -0.26473
vn 0.92301 -0.33133 -0.19565
vn 0.86389 -0.47462 -0.1686
vn 0.87938 -0.40885 -0.24399
vn 0.85884 -0.38348 -0.33962
vn 0.86971 -0.31015 -0.38393
vn 0.82964 -0.42358 -0.36371
vn 0.8112 -0.49394 -0.31301
vn 0.82661 -0.52046 -0.2141
vn 0.80521 -0.5753 -0.14375
vn 0.74026 -0.65993 -0.12851
vn 0.7653 -0.61454 -0.19144
vn 0.74716 -0.59516 -0.29586
vn 0.7732 -0.53041 -0.34759
vn 0.6969 -0.62867 -0.34511
vn 0.67053 -0.68135 -0.29353
vn 0.69668 -0.694 -0.18169
vn 0.67497 -0.7269 -0.12658
vn 0.62273 -0.76941 -0.14214
vn 0.63076 -0.75273 -0.18851
vn 0.59108 -0.74565 -0.30762
vn 0.60949 -0.70751 -0.35768
vn 0.26701 -0.83835 -0.47526
vn 0.22027 -0.8635 -0.4537
vn 0.32409 -0.88031 -0.34643
vn 0.25701 -0.91886 -0.29941
vn 0.04758 -0.95007 -0.3084
vn -0.03554 -0.9273 -0.37264
vn 0.01629 -0.88177 -0.47139
vn 0.08963 -0.85855 -0.50483
vn -0.38685 -0.8254 -0.41117
vn -0.36991 -0.85608 -0.36096
vn -0.42678 -0.88494 -0.18639
vn -0.4303 -0.8725 -0.23147
vn -0.4955 -0.8548 -0.15429
vn -0.51869 -0.83031 -0.20383
vn -0.49619 -0.77804 -0.38529
vn -0.47066 -0.81773 -0.33134
vn -0.60077 -0.71079 -0.36586
vn -0.57327 -0.75839 -0.31017
vn -0.58322 -0.80102 -0.13498
vn -0.61198 -0.76838 -0.18726
vn -0.66744 -0.7339 -0.12612
vn -0.69424 -0.69615 -0.18276
vn -0.69308 -0.62669 -0.35624
vn -0.66619 -0.68298 -0.29955
vn -0.76932 -0.52807 -0.35957
vn -0.74539 -0.59402 -0.30254
vn -0.74017 -0.65993 -0.12904
vn -0.76505 -0.61457 -0.19236
vn -0.8051 -0.57536 -0.14415
vn -0.82638 -0.52057 -0.2147
vn -0.82528 -0.42174 -0.37556
vn -0.80915 -0.4931 -0.31957
vn -0.865 -0.30868 -0.3956
vn -0.85667 -0.38282 -0.34579
vn -0.86382 -0.47468 -0.16882
vn -0.87925 -0.40892 -0.24433
vn -0.92298 -0.33134 -0.19577
vn -0.93435 -0.23829 -0.26495
vn -0.90539 -0.15475 -0.39538
vn -0.89962 -0.24205 -0.36346
vn -0.93324 0.04356 -0.35661
vn -0.9369 -0.04451 -0.34677
vn -0.97274 -0.105 -0.20675
vn -0.9667 0.00186 -0.2559
vn -0.97129 0.14156 -0.19119
vn -0.95101 0.21274 -0.22431
vn -0.92812 0.22213 -0.29876
vn -0.94078 0.16102 -0.29834
vn -0.89718 0.36619 -0.24693
vn -0.91389 0.31903 -0.25105
vn -0.93348 0.31543 -0.17064
vn -0.91131 0.36125 -0.1975
vn -0.8806 0.44656 -0.15855
vn -0.85214 0.49081 -0.18155
vn -0.84167 0.49966 -0.20477
vn -0.86528 0.45227 -0.21618
vn -0.76114 0.62541 -0.17184
vn -0.79242 0.57932 -0.19093
vn -0.80588 0.57214 -0.15237
vn -0.77035 0.61361 -0.1733
vn -0.70874 0.6891 -0.1511
vn -0.66589 0.72611 -0.17134
vn -0.6569 0.73936 -0.14775
vn -0.696 0.69655 -0.17439
vn -0.53084 0.83726 -0.13119
vn -0.57719 0.79976 -0.16504
vn -0.58914 0.79334 -0.1534
vn -0.53939 0.82395 -0.17369
vn -0.44826 0.87991 -0.15752
vn -0.39287 0.90218 -0.17811
vn -0.3858 0.91469 -0.12045
vn -0.43804 0.8845 -0.16059
vn -0.22602 0.96746 -0.11372
vn -0.28215 0.94613 -0.15885
vn -0.28924 0.94349 -0.1618
vn -0.23031 0.95587 -0.1824
vn -0.11745 0.97933 -0.16469
vn -0.05771 0.98108 -0.18483
vn -0.05715 0.99233 -0.10963
vn -0.11472 0.98079 -0.15778
vn 0.05626 0.99255 -0.10809
vn 0.1143 0.98108 -0.15624
vn 0.05769 0.98108 -0.18481
vn 0.11745 0.97933 -0.16467
vn 0.28923 0.94349 -0.16176
vn 0.2303 0.95588 -0.18234
vn 0.28189 0.94671 -0.1558
vn 0.22531 0.96815 -0.10915
vn 0.38544 0.91579 -0.11302
vn 0.43803 0.88529 -0.15614
vn 0.39287 0.9022 -0.17801
vn 0.44826 0.87992 -0.15747
vn 0.58914 0.79335 -0.15332
vn 0.53939 0.82397 -0.17356
vn 0.5775 0.80069 -0.15936
vn 0.53099 0.83867 -0.12118
vn 0.65771 0.74098 -0.13555
vn 0.69668 0.69751 -0.16771
vn 0.66591 0.72613 -0.17118
vn 0.70875 0.68911 -0.15101
vn 0.80589 0.57215 -0.15227
vn 0.77037 0.61364 -0.17312
vn 0.7935 0.58023 -0.18354
vn 0.76274 0.62711 -0.15798
vn 0.84419 0.50128 -0.18991
vn 0.86678 0.45304 -0.20843
vn 0.85217 0.49083 -0.18135
vn 0.88061 0.44657 -0.15844
vn 0.9335 0.31544 -0.17053
vn 0.91135 0.36127 -0.19729
vn 0.91578 0.31956 -0.24336
vn 0.90066 0.36752 -0.23184
vn 0.56267 -0.82002 -0.10472
vn 0.5014 -0.83254 -0.23552
vn 0.5151 -0.76778 -0.38104
vn 0.46631 -0.7772 -0.42251
vn 0.33634 -0.8226 -0.45848
vn 0.38313 -0.82593 -0.41359
vn 0.34923 -0.89835 -0.26647
vn 0.4124 -0.90247 -0.12437
vn 0.91441 0.23418 0.33018
vn 0.9192 0.18572 0.34725
vn 0.89079 0.22798 0.39308
vn 0.89793 0.18101 0.40119
vn 0.92555 0.03732 0.37678
vn 0.92429 0.08792 0.37143
vn 0.94331 0.04158 0.32929
vn 0.9452 0.09239 0.31316
vn -0.94398 0.07332 0.32176
vn -0.94326 0.01296 0.33181
vn -0.9284 0.01231 0.37137
vn -0.9265 0.06964 0.3698
vn -0.89902 0.17557 0.40117
vn -0.8909 0.22472 0.39472
vn -0.91193 0.22995 0.33987
vn -0.91833 0.17904 0.353
vn -0.85952 0.36575 0.357
vn -0.87144 0.3198 0.37191
vn -0.84917 0.31248 0.42574
vn -0.83638 0.35673 0.41618
vn -0.78234 0.43283 0.44788
vn -0.7642 0.47526 0.43603
vn -0.78819 0.48936 0.37321
vn -0.80635 0.44512 0.38944
vn -0.69841 0.60142 0.38797
vn -0.72268 0.55962 0.40566
vn -0.69815 0.5416 0.46824
vn -0.67481 0.58173 0.45411
vn -0.59855 0.63663 0.48625
vn -0.57012 0.67391 0.46991
vn -0.59188 0.69933 0.40076
vn -0.62207 0.66076 0.42004
vn -0.47078 0.78061 0.41111
vn -0.50653 0.74614 0.4321
vn -0.4857 0.71601 0.50142
vn -0.45236 0.74976 0.48294
vn -0.36207 0.77809 0.51331
vn -0.3241 0.80752 0.49282
vn -0.33776 0.84301 0.41864
vn -0.37857 0.81355 0.44139
vn -0.19597 0.88466 0.42306
vn -0.24109 0.86111 0.44761
vn -0.23035 0.82152 0.52158
vn -0.1882 0.84579 0.49921
vn -0.09344 0.84535 0.52598
vn -0.04781 0.86358 0.50194
vn -0.04898 0.90422 0.42426
vn -0.09744 0.88742 0.45054
vn 0.05134 0.90467 0.42302
vn 0.09896 0.88803 0.44902
vn 0.04826 0.86372 0.50166
vn 0.09367 0.84549 0.5257
vn 0.23062 0.82178 0.52104
vn 0.1887 0.84618 0.49837
vn 0.2427 0.86232 0.4444
vn 0.19838 0.88599 0.41912
vn 0.34028 0.84508 0.41236
vn 0.38031 0.81522 0.43678
vn 0.32466 0.8081 0.4915
vn 0.36239 0.77843 0.51256
vn 0.48606 0.7164 0.50052
vn 0.45301 0.75045 0.48125
vn 0.50842 0.74809 0.42646
vn 0.47344 0.78321 0.40304
vn 0.5947 0.70218 0.39151
vn 0.6241 0.66279 0.41378
vn 0.57085 0.67463 0.46798
vn 0.59895 0.63702 0.48525
vn 0.69858 0.54194 0.46721
vn 0.6756 0.58242 0.45205
vn 0.72483 0.56152 0.39914
vn 0.70138 0.60423 0.37811
vn 0.79129 0.49188 0.3632
vn 0.80859 0.44673 0.38289
vn 0.76503 0.47585 0.43394
vn 0.78278 0.4331 0.44685
vn 0.84962 0.31267 0.42472
vn 0.83723 0.35717 0.4141
vn 0.87374 0.32098 0.36545
vn 0.86273 0.36774 0.34708
vn 0.95488 0.24757 0.16406
vn 0.96119 0.19723 0.19289
vn 0.93647 0.24106 0.25477
vn 0.94197 0.19151 0.27571
vn 0.96431 0.04626 0.26071
vn 0.96584 0.09691 0.24032
vn 0.9821 0.04985 0.18163
vn 0.98277 0.10059 0.15509
vn 0.98795 -0.05062 0.14624
vn 0.97997 -0.10276 0.17056
vn 0.97261 -0.05294 0.22634
vn 0.96338 -0.10555 0.24648
vn 0.93723 -0.25931 0.23313
vn 0.9547 -0.20747 0.21333
vn 0.95302 -0.25689 0.1605
vn 0.96905 -0.20479 0.13787
vn -0.97854 0.09325 0.18374
vn -0.97688 0.03597 0.21073
vn -0.96019 0.02212 0.27847
vn -0.96138 0.08274 0.26251
vn -0.93825 0.18478 0.29249
vn -0.93181 0.23642 0.27539
vn -0.95107 0.24313 0.19065
vn -0.95683 0.19169 0.21847
vn -0.90155 0.38379 0.19979
vn -0.91377 0.33517 0.22952
vn -0.89333 0.32746 0.30777
vn -0.88075 0.37467 0.28964
vn -0.82878 0.45719 0.32264
vn -0.8095 0.50261 0.30346
vn -0.83065 0.51607 0.20902
vn -0.84974 0.46896 0.24089
vn -0.73907 0.63758 0.21741
vn -0.76505 0.59288 0.25139
vn -0.74462 0.57656 0.33633
vn -0.71874 0.61935 0.31594
vn -0.64232 0.68274 0.34828
vn -0.61005 0.72196 0.32652
vn -0.6282 0.745 0.22437
vn -0.661 0.70375 0.26041
vn 0.63275 0.74831 0.19912
vn 0.66547 0.70824 0.23568
vn 0.61473 0.72649 0.30713
vn 0.64644 0.687 0.3319
vn 0.7488 0.58086 0.31921
vn 0.72327 0.62425 0.29528
vn 0.76899 0.59814 0.22554
vn 0.74247 0.64221 0.19054
vn 0.97928 0.20078 -0.02652
vn 0.96802 0.25078 -0.0064
vn 0.96633 0.25118 0.0559
vn 0.97511 0.20141 0.09272
vn 0.99461 0.05189 0.08973
vn 0.99316 0.10235 0.05618
vn 0.99853 0.05116 -0.01815
vn 0.99479 0.10197 -0.00077
vn 0.99471 -0.10244 -0.00777
vn 0.99871 -0.05046 0.00637
vn 0.9971 -0.0501 0.05733
vn 0.99096 -0.10187 0.08728
vn 0.9753 -0.20455 0.08333
vn 0.96495 -0.25601 0.05773
vn 0.9668 -0.2555 0.00476
vn 0.97859 -0.20526 0.01541
vn -0.15373 -0.97615 0.15331
vn -0.03116 -0.98765 0.15354
vn 0.17365 -0.97239 0.15592
vn 0.25121 -0.9559 0.15213
vn 0.23716 -0.95737 0.16489
vn 0.16517 -0.972 0.16711
vn -0.03357 -0.98148 0.18859
vn -0.15065 -0.97271 0.17646
vn -0.96656 -0.2564 0.00481
vn -0.97796 -0.20695 0.0276
vn -0.9536 -0.27007 0.1331
vn -0.9726 -0.21246 0.09435
vn -0.98656 -0.10974 0.12108
vn -0.99522 -0.054 0.0814
vn -0.99862 -0.05135 0.01137
vn -0.99472 -0.10147 -0.01571
vn -0.55936 0.82695 -0.05717
vn -0.51365 0.85786 -0.0153
vn -0.55655 0.82694 0.08018
vn -0.5079 0.85081 0.13472
vn -0.36291 0.92186 0.13593
vn -0.41512 0.90616 0.08094
vn -0.36496 0.93086 -0.01739
vn -0.4155 0.90767 -0.05906
vn -0.96155 -0.24962 -0.11455
vn -0.97481 -0.19642 -0.1057
vn -0.96644 -0.24824 -0.06613
vn -0.97829 -0.20031 -0.05311
vn -0.99619 -0.04978 -0.07167
vn -0.99132 -0.0992 -0.08629
vn -0.99123 -0.04921 -0.12263
vn -0.98673 -0.09853 -0.12904
vn -0.98806 0.04998 -0.14577
vn -0.98523 0.09918 -0.13956
vn -0.99357 0.04941 -0.10183
vn -0.99139 0.09879 -0.0859
vn -0.96468 0.24449 -0.09811
vn -0.97378 0.19576 -0.11587
vn -0.95664 0.24505 -0.15745
vn -0.96619 0.19789 -0.16525
vn 0.41041 0.89371 -0.18124
vn 0.35384 0.92094 -0.16328
vn 0.36325 0.92579 -0.10473
vn 0.41751 0.90113 -0.11681
vn 0.51971 0.84907 -0.0948
vn 0.56357 0.81891 -0.10855
vn 0.56011 0.81147 -0.16673
vn 0.51741 0.84278 -0.14836
vn 0.9412 0.18768 -0.28092
vn 0.94069 0.23692 -0.24285
vn 0.95803 0.2423 -0.15321
vn 0.96605 0.19345 -0.17125
vn 0.98564 0.09758 -0.13783
vn 0.98666 0.04834 -0.15547
vn 0.96283 0.04648 -0.26609
vn 0.96917 0.09521 -0.22728
vn 0.96283 -0.0987 -0.25141
vn 0.97593 -0.05047 -0.21219
vn 0.99126 -0.05085 -0.1217
vn 0.9851 -0.10093 -0.13927
vn 0.97397 -0.20095 -0.10487
vn 0.96036 -0.25017 -0.123
vn 0.94038 -0.24408 -0.23686
vn 0.96009 -0.19864 -0.19692
vn -0.93785 -0.22945 -0.26036
vn -0.95277 -0.18709 -0.2392
vn -0.9528 -0.24532 -0.17885
vn -0.96716 -0.19935 -0.15766
vn -0.98397 -0.04939 -0.17137
vn -0.97679 -0.0969 -0.191
vn -0.96534 -0.04724 -0.25668
vn -0.95462 -0.09131 -0.28347
vn -0.95196 0.04406 -0.30302
vn -0.95807 0.09212 -0.27134
vn -0.97755 0.04832 -0.2051
vn -0.97762 0.09836 -0.18598
vn -0.94812 0.2476 -0.1994
vn -0.95672 0.1973 -0.21393
vn -0.9334 0.23136 -0.27431
vn -0.93356 0.17601 -0.31224
vn -0.55679 0.673 0.48688
vn -0.56944 0.61438 0.54615
vn -0.307 0.18099 0.93434
vn -0.30478 0.19646 0.93194
vn -0.17891 -0.05229 0.98248
vn -0.33752 0.25026 0.90744
vn -0.24053 0.11658 0.96362
vn -0.3936 0.40212 0.82666
vn -0.50329 0.45755 0.73304
vn -0.52723 0.65046 0.54675
vn -0.57356 0.80964 -0.12456
vn -0.56088 0.81504 0.14532
vn -0.39591 0.89107 -0.2219
vn -0.48914 0.87221 -1E-05
vn -0.49842 0.84337 0.20079
vn -0.50733 0.80824 0.29895
vn -0.4431 0.88549 0.13989
vn -0.33279 0.94247 0.03181
vn -0.29994 0.93991 -0.16308
vn -0.19987 0.96402 -0.17525
vn 0.03104 0.99052 -0.13378
vn -0.02951 0.99718 -0.06898
vn 0.21964 0.87039 0.44065
vn 0.05979 0.9713 0.23023
vn 0.08404 0.7762 0.62486
vn -0.01079 0.90855 0.41763
vn -0.13827 0.96907 0.20441
vn -0.20116 0.97707 0.0698
vn 0.83475 0.45351 -0.3123
vn 0.82038 0.50148 -0.27476
vn 0.83845 0.51375 -0.18185
vn 0.86022 0.46822 -0.20198
vn 0.9088 0.38196 -0.16788
vn 0.92376 0.33433 -0.18681
vn 0.89831 0.32426 -0.29646
vn 0.89089 0.37327 -0.2588
vn 0.64693 0.12377 -0.75244
vn 0.73261 0.17947 -0.65656
vn 0.88725 0.22198 -0.40437
vn 0.86373 0.17075 -0.47415
vn 0.91606 0.08843 -0.39116
vn 0.88553 0.04116 -0.46275
vn 0.66431 0.02678 -0.74697
vn 0.75798 0.06932 -0.64859
vn 0.66608 -0.07249 -0.74235
vn 0.76582 -0.04411 -0.64154
vn 0.92427 -0.04904 -0.37857
vn 0.8873 -0.09174 -0.45197
vn 0.91135 -0.18764 -0.36638
vn 0.86843 -0.22412 -0.44227
vn 0.65178 -0.17156 -0.73875
vn 0.7556 -0.15827 -0.63563
vn 0 -0 -1
vn 0 -0 -1
vn 0 -0 -1
vn 0 -0 -1
vn 0 -0 -1
vn 0 -0 -1
vn 0 -0 -1
vn 0 -0 -1
vn 0 -0 -1
vn 0.00799 -0.06091 -0.99811
vn -0.02085 -0.06634 -0.99758
vn -0.01285 -0.1273 -0.99178
vn -0.04774 -0.62886 -0.77605
vn 0.03631 -0.43433 -0.90002
vn 0.24383 -0.59542 -0.76552
vn 0.10463 -0.43061 -0.89645
vn 0.05104 -0.12474 -0.99088
vn 0 -0 -1
vn 0.00799 -0.06091 -0.99811
vn -0.11713 -0.04636 -0.99203
vn -0.06202 -0.03481 -0.99747
vn -0.00857 -0.00462 -0.99995
vn -0.02697 -0.00677 -0.99961
vn -0.0184 -0.00215 -0.99983
vn -0.03895 -0.00086 -0.99924
vn -0.1003 0.00273 -0.99495
vn -0.14342 -0.01472 -0.98955
vn -0.69042 -0.17684 -0.70146
vn -0.78827 -0.15383 -0.5958
vn -0.88963 -0.2132 -0.40387
vn -0.91796 -0.17492 -0.35603
vn -0.92437 -0.04271 -0.3791
vn -0.89927 -0.08341 -0.42937
vn -0.79264 -0.03933 -0.60843
vn -0.69314 -0.06902 -0.71749
vn -0.69376 0.03037 -0.71957
vn -0.78535 0.0702 -0.61506
vn -0.89452 0.04123 -0.44512
vn -0.91406 0.08391 -0.39679
vn -0.89101 0.20103 -0.40706
vn -0.87464 0.15657 -0.45879
vn -0.76559 0.17555 -0.61891
vn -0.68263 0.13023 -0.71907
vn 0.7608 0.37496 -0.5297
vn 0.87023 0.32907 -0.36662
vn 0.78535 0.58469 -0.20338
vn 0.94096 0.29812 -0.16037
vn 0.38016 0.8448 -0.37655
vn 0.49668 0.71654 -0.48977
vn 0.28492 0.56113 -0.77714
vn 0.40002 0.55013 -0.73303
vn 0.43558 0.40687 -0.80295
vn 0.05389 0.00789 -0.99852
vn 0.10545 0.02353 -0.99415
vn 0.41612 0.09754 -0.90407
vn 0.29315 0.05137 -0.95469
vn 0.43062 0.0351 -0.90185
vn 0.30055 0.00749 -0.95374
vn 0.05499 -0.00015 -0.99849
vn 0.10889 0.00775 -0.99402
vn 0.05468 -0.00831 -0.99847
vn 0.10967 -0.00845 -0.99393
vn 0.43482 -0.02921 -0.90004
vn 0.30059 -0.03727 -0.95303
vn 0.42829 -0.09389 -0.89875
vn 0.2932 -0.08187 -0.95254
vn 0.05305 -0.01638 -0.99846
vn 0.10773 -0.02469 -0.99387
vn 0.1019 -0.03908 -0.99403
vn 0.40743 -0.14967 -0.90089
vn 0.2735 -0.11596 -0.95486
vn 0.3527 -0.17365 -0.91948
vn 0.2604 -0.12319 -0.95761
vn 0.08863 -0.04601 -0.995
vn 0.04885 -0.02269 -0.99855
vn 0.03977 -0.02332 -0.99894
vn 0.06617 -0.04036 -0.99699
vn 0.2093 -0.11455 -0.97112
vn 0.271 -0.14321 -0.95187
vn 0.1612 -0.08129 -0.98357
vn 0.13914 -0.0757 -0.98738
vn 0.03685 -0.02322 -0.99905
vn 0.0264 -0.01704 -0.99951
vn 0.01046 -0.00618 -0.99993
vn 0.01154 -0.00664 -0.99991
vn 0.0704 -0.03219 -0.997
vn 0.02298 -0.00996 -0.99969
vn 0.01252 -0.00378 -0.99991
vn 0.00108 -0.00046 -1
vn 0 -0 -1
vn 0.00108 -0.00046 -1
vn 0 -0 -1
vn 0 -0 -1
vn 0 -0 -1
vn 0 -0 -1
vn 0 -0 -1
vn 0 -0 -1
vn 0 -0 -1
vn 0 -0 -1
vn 0 -0 -1
vn 0 -0 -1
vn -0.00085 -0.00068 -1
vn 0 -0 -1
vn -0.00085 -0.00068 -1
vn -0.00085 -0.00068 -1
vn -0.00942 -0.0053 -0.99994
vn -0.05103 -0.04069 -0.99787
vn -0.01684 -0.01332 -0.99977
vn -0.00742 -0.00802 -0.99994
vn -0.00826 -0.0087 -0.99993
vn -0.01968 -0.0227 -0.99955
vn -0.02709 -0.03072 -0.99916
vn -0.12362 -0.10548 -0.98671
vn -0.10825 -0.10019 -0.98906
vn -0.22587 -0.20341 -0.95268
vn -0.18071 -0.17102 -0.96855
vn -0.03551 -0.03649 -0.9987
vn -0.05518 -0.05919 -0.99672
vn -0.04314 -0.04128 -0.99822
vn -0.07865 -0.07776 -0.99386
vn -0.30226 -0.28356 -0.91007
vn -0.22177 -0.21494 -0.95111
vn -0.34068 -0.29845 -0.89155
vn -0.24323 -0.19579 -0.95
vn -0.04299 -0.0321 -0.99856
vn -0.08613 -0.07337 -0.99358
vn -0.04691 -0.02161 -0.99867
vn -0.0899 -0.05371 -0.9945
vn -0.36617 -0.2349 -0.90041
vn -0.25793 -0.13561 -0.9566
vn -0.41452 -0.1676 -0.89447
vn -0.30203 -0.10195 -0.94783
vn -0.05279 -0.01512 -0.99849
vn -0.0997 -0.03673 -0.99434
vn -0.10785 -0.02367 -0.99389
vn -0.45136 -0.10827 -0.88575
vn -0.30746 -0.05271 -0.9501
vn -0.4535 -0.02823 -0.89081
vn -0.3097 -0.03744 -0.9501
vn -0.11005 -0.00871 -0.99389
vn -0.05505 -0.00856 -0.99845
vn -0.05499 -0.00015 -0.99849
vn -0.10968 0.0083 -0.99393
vn -0.31174 0.00897 -0.95013
vn -0.45411 0.03794 -0.89014
vn -0.44892 0.10732 -0.8871
vn -0.3091 0.05431 -0.94948
vn -0.10852 0.02499 -0.99378
vn -0.05468 0.00845 -0.99847
vn -0.05383 0.01654 -0.99841
vn -0.1042 0.03953 -0.99377
vn -0.30196 0.10202 -0.94785
vn -0.41087 0.15836 -0.89784
vn -0.35327 0.19673 -0.9146
vn -0.25573 0.11685 -0.95966
vn -0.09003 0.04286 -0.99502
vn -0.05036 0.02299 -0.99847
vn -0.03967 0.01987 -0.99902
vn -0.05914 0.02917 -0.99782
vn -0.20925 0.13321 -0.96875
vn -0.45025 0.22323 -0.86455
vn -0.39186 0.20815 -0.89617
vn -0.11701 0.09927 -0.98816
vn -0.02594 0.01176 -0.99959
vn -0.01947 0.00929 -0.99977
vn -0.00062 6E-05 -1
vn -0.00062 6E-05 -1
vn 0 0 -1
vn -0.00062 6E-05 -1
vn 0 0 -1
vn -0.00062 6E-05 -1
vn -0.00647 0.00247 -0.99998
vn -0.00709 0.00253 -0.99997
vn -0.10328 0.09119 -0.99046
vn -0.01284 0.0037 -0.99991
vn -0.00575 0.00117 -0.99998
vn -0.00637 0.00123 -0.99998
vn 0 0 -1
vn -0.00062 6E-05 -1
vn 0.04799 0.11113 -0.99265
vn 0.05988 0.13851 -0.98855
vn 0.26748 0.31343 -0.91116
vn 0.17412 0.27362 -0.94595
vn 0.23318 0.3846 -0.89315
vn 0.164 0.30823 -0.93707
vn 0.04435 0.11563 -0.9923
vn 0.09136 0.16694 -0.98172
vn 0.03321 0.10779 -0.99362
vn 0.0498 0.13044 -0.99021
vn 0.19254 0.38396 -0.90305
vn 0.13172 0.27047 -0.95367
vn 0.21553 0.33037 -0.91891
vn 0.13098 0.23916 -0.9621
vn 0.02883 0.04011 -0.99878
vn 0.0493 0.08643 -0.99504
vn 0.01728 0.04818 -0.99869
vn 0.0166 0.06036 -0.99804
vn 0.03735 0.03537 -0.99868
vn 0.06699 0.07508 -0.99492
vn 0.26447 0.30049 -0.91638
vn 0.19708 0.19826 -0.96013
vn 0.31621 0.26001 -0.91236
vn 0.23104 0.16787 -0.95835
vn 0.04328 0.02948 -0.99863
vn 0.08064 0.06485 -0.99463
vn 0.04795 0.02287 -0.99859
vn 0.09123 0.05235 -0.99445
vn 0.35848 0.21121 -0.90933
vn 0.25797 0.13239 -0.95704
vn 0.39179 0.15666 -0.90662
vn 0.27884 0.09331 -0.95579
vn 0.05155 0.01563 -0.99855
vn 0.0995 0.0385 -0.99429
vn 0 0 -1
vn 0 0 -1
vn 0 0 -1
vn 0 0 -1
vn 0 0 -1
vn 0 0 -1
vn 0 -0 -1
vn 0 0 -1
vn 0 -0 -1
vn 0 -0 -1
vn 0 0 -1
vn 0 -0 -1
vn 0 -0 -1
vn 0 -0 -1
vn 0 -0 -1
vn 0 -0 -1
vn 0 -0 -1
vn 0 -0 -1
vn 0 -0 -1
vn 0 -0 -1
vn 0 -0 -1
vn 0 -0 -1
vn 0 -0 -1
vn 0 -0 -1
vn 0 -0 -1
vn 0 0 -1
vn 0 -0 -1
vn 0 0 -1
vn 0 0 -1
vn 0 0 -1
vn 0 0 -1
vn 0 0 -1
vn 0 0 -1
vn 0 0 -1
vn 0 -0 -1
vn 0 -0 -1
vn 0 -0 -1
vn 0 -0 -1
vn 0 0 -1
vn 0 0 -1
vn 0 0 -1
vn 0 0 -1
vn 0 0 -1
vn 0 -0 -1
vn 0 -0 -1
vn 0 -0 -1
vn 0 0 -1
vn 0 0 -1
vn 0 0 -1
vn 0 -0 -1
vn 0 0 -1
vn 0 0 -1
vn 0 0 -1
vn 0 0 -1
vn 0 0 -1
vn 0 0 -1
vn 0 0 -1
vn 0 0 -1
vn 0 0 -1
vn 0 0 -1
vn 0 0 -1
vn 0 0 -1
vn 0 0 -1
vn 0 0 -1
vn 0 0 -1
vn 0 0 -1
vn 0 -0 -1
vn 0 0 -1
vn 0 -0 -1
vn 0 0 -1
vn 0 0 -1
vn 0 0 -1
vn 0 0 -1
vn 0 0 -1
vn 0 -0 -1
vn 0 0 -1
vn 0 -0 -1
vn 0 -0 -1
vn 0 -0 -1
vn 0 -0 -1
vn 0 0 -1
vn 0 0 -1
vn 0 0 -1
vn 0 0 -1
vn 0 0 -1
vn 0 0 -1
vn 0 -0 -1
vn 0 -0 -1
vn 0 -0 -1
vn 0 -0 -1
vn 0 0 -1
vn 0 -0 -1
vn 0 -0 -1
vn 0 -0 -1
vn 0 0 -1
vn 0 -0 -1
vn 0 0 -1
vn 0 0 -1
vn 0 0 -1
vn 0 0 -1
vn 0 0 -1
vn 0 0 -1
vn 0 0 -1
vn 0 0 -1
vn 0 0 -1
vn 0 0 -1
vn 0 0 -1
vn 0 0 -1
vn 0 0 -1
vn 0 0 -1
vn 0 0 -1
vn 0 0 -1
vn 0 0 -1
vn 0 0 -1
vn 0 0 -1
vn 0 0 -1
vn 0 0 -1
vn 0 0 -1
vn 0 0 -1
vn 0 0 -1
vn 0 0 -1
vn 0 0 -1
vn 0 0 -1
vn 0 0 -1
vn 0 0 -1
vn 0 0 -1
vn 0 0 -1
vn 0 0 -1
vn 0 0 -1
vn 0 0 -1
vn -0.00015 0.00098 -1
vn -0.00022 0.00199 -1
vn -0.00235 0.00496 -0.99998
vn -0.00174 0.00347 -0.99999
vn -0.00472 0.00395 -0.99998
vn -0.00247 0.00281 -0.99999
vn -0.0008 0.0004 -1
vn -0.00093 0.00072 -1
vn -0 0 -1
vn -0.00013 0.00032 -1
vn 0 5E-05 -1
vn -0.00013 0.00037 -1
vn 0 -0 -1
vn 0 -0 -1
vn 0 0 -1
vn 0 0 -1
vn 0 0 -1
vn 0 -0 -1
vn 0 -0 -1
vn 0 -0 -1
vn 0 0 -1
vn 0 0 -1
vn 0 -0 -1
vn 0 0 -1
vn 0 0 -1
vn 0 0 -1
vn 0 0 -1
vn 0 0 -1
vn 0 0 -1
vn 0 -0 -1
vn 0 -0 -1
vn 0 0 -1
vn 0 0 -1
vn 0 0 -1
vn 0 0 -1
vn 0 0 -1
vn 0 -0 -1
vn 0 -0 -1
vn 0 -0 -1
vn 0 -0 -1
vn 0 -0 -1
vn 0 -0 -1
vn 0 -0 -1
vn 0 -0 -1
vn 0 -0 -1
vn 0 0 -1
vn 0 0 -1
vn 0 -0 -1
vn 0 0 -1
vn 0 -0 -1
vn 0 -0 -1
vn 0 -0 -1
vn 0 -0 -1
vn 0 0 -1
vn 0 0 -1
vn 0 0 -1
vn 0 0 -1
vn 0 -0 -1
vn 0 -0 -1
vn 0 -0 -1
vn 0 -0 -1
vn 0 -0 -1
vn 0 -0 -1
vn 0 0 -1
vn 0 0 -1
vn 0 -0 -1
vn 0 -0 -1
vn 0 -0 -1
vn 0 -0 -1
vn 0 -0 -1
vn 0 0 -1
vn 0 0 -1
vn 0 0 -1
vn 0 0 -1
vn 0 -0 -1
vn 0 -0 -1
vn 0 0 -1
vn 0 0 -1
vn 0 0 -1
vn 0 0 -1
vn 0 0 -1
vn 0 0 -1
vn 0 -0 -1
vn 0 0 -1
vn 0 -0 -1
vn 0 -0 -1
vn 0 0 -1
vn 0 0 -1
vn 0 0 -1
vn 0 -0 -1
vn 0 -0 -1
vn 0 -0 -1
vn 0 -0 -1
vn 0 -0 -1
vn 0 -0 -1
vn 0 -0 -1
vn 0 0 -1
vn 0 -0 -1
vn 0 -0 -1
vn 0 -0 -1
vn 0 -0 -1
vn 0 -0 -1
vn 0 0 -1
vn 0 -0 -1
vn 0 -0 -1
vn 0 0 -1
vn 0 0 -1
vn 0 0 -1
vn 0 0 -1
vn 0 0 -1
vn 0 0 -1
vn 0 0 -1
vn 0 0 -1
vn 0 0 -1
vn 0 0 -1
vn 0 0 -1
vn 0 0 -1
vn 0 0 -1
vn 0 -0 -1
vn 0 -0 -1
vn 0 -0 -1
vn 0 -0 -1
vn 0 -0 -1
vn 0 0 -1
vn 0 -0 -1
vn 0 -0 -1
vn 0 -0 -1
vn 0 0 -1
vn 0 0 -1
vn 0 0 -1
vn 0 -0 -1
vn 0 -0 -1
vn 0 -0 -1
vn 0 0 -1
vn 0 0 -1
vn 0 0 -1
vn 0 0 -1
vn 0 0 -1
vn 0 0 -1
vn 0 0 -1
vn 0 0 -1
vn 0 0 -1
vn 0 0 -1
vn 0 0 -1
vn 0 0 -1
vn 0 0 -1
vn 0 0 -1
vn 0 0 -1
vn 0 0 -1
vn 0 0 -1
vn 0 0 -1
vn 0 0 -1
vn 0 0 -1
vn 0 0 -1
vn 0 0 -1
vn 0 0 -1
vn 0 0 -1
vn 0 0 -1
vn -0 0 -1
vn -0 0 -1
vn -0 0 -1
vn -0 0 -1
vn 0 0 -1
vn -0 0 -1
vn 0 -0 -1
vn 0 -0 -1
vn 0 -0 -1
vn 0 -0 -1
vn -0 0 -1
vn -0 0 -1
vn -0 0 -1
vn -0 0 -1
vn -0 0 -1
vn -0 0 -1
vn 0 -0 -1
vn -0 0 -1
vn -0 0 -1
vn -0 0 -1
vn -0 0 -1
vn -0 0 -1
vn 0 0 -1
vn 0 0 -1
vn 0 -0 -1
vn 0 -0 -1
vn 0 -0 -1
vn 0 0 -1
vn 0 0 -1
vn 0 0 -1
vn 0 0 -1
vn 0 0 -1
vn 0 0 -1
vn 0 0 -1
vn 0 0 -1
vn 0 -0 -1
vn 0 -0 -1
vn 0 -0 -1
vn 0 0 -1
vn 0 0 -1
vn 0 0 -1
vn 0 0 -1
vn 0 0 -1
vn 0 0 -1
vn 0 -0 -1
vn 0 0 -1
vn 0 -0 -1
vn 0 -0 -1
vn 0 -0 -1
vn 0 -0 -1
vn 0 -0 -1
vn 0 -0 -1
vn 0 0 -1
vn 0 -0 -1
vn 0 0 -1
vn 0 0 -1
vn 0 0 -1
vn 0 0 -1
vn 0 -0 -1
vn 0 0 -1
vn 0 0 -1
vn 0 0 -1
vn 0 -0 -1
vn 0 -0 -1
vn 0 -0 -1
vn 0 -0 -1
vn 0 -0 -1
vn 0 -0 -1
vn 0 -0 -1
vn 0 -0 -1
vn 0 -0 -1
vn 0 -0 -1
vn 0 -0 -1
vn 0 -0 -1
vn 0 -0 -1
vn 0 -0 -1
vn 0 -0 -1
vn 0 -0 -1
vn 0 -0 -1
vn 0 -0 -1
vn 0 -0 -1
vn 0 -0 -1
vn 0 -0 -1
vn 0 -0 -1
vn 0 -0 -1
vn 0 -0 -1
vn 0 -0 -1
vn 0 -0 -1
vn 0 -0 -1
vn 0 -0 -1
vn 0 -0 -1
vn 0 -0 -1
vn 0 -0 -1
vn 0 -0 -1
vn 0 -0 -1
vn 0 -0 -1
vn 0 -0 -1
vn 0 -0 -1
vn 0 -0 -1
vn 0 -0 -1
vn 0 0 -1
vn 0 -0 -1
vn 0 0 -1
vn 0 0 -1
vn 0 -0 -1
vn 0 -0 -1
vn 0 -0 -1
vn 0 0 -1
vn 0 0 -1
vn 0 0 -1
vn 0 -0 -1
vn 0 0 -1
vn 0 0 -1
vn 0 0 -1
vn 0 0 -1
vn 0 -0 -1
vn 0 -0 -1
vn 0 -0 -1
vn 0 -0 -1
vn 0 -0 -1
vn 0 -0 -1
vn 0 -0 -1
vn 0 0 -1
vn 0 -0 -1
vn 0 0 -1
vn 0 -0 -1
vn 0 0 -1
vn 0 0 -1
vn 0 0 -1
vn 0 0 -1
vn 0 0 -1
vn 0 0 -1
vn 0 0 -1
vn 0 0 -1
vn 0 0 -1
vn 0 0 -1
vn 0 0 -1
vn 0 -0 -1
vn 0 -0 -1
vn 0 -0 -1
vn 0 -0 -1
vn 0 0 -1
vn 0 -0 -1
vn 0 -0 -1
vn 0 -0 -1
vn 0 -0 -1
vn 0 0 -1
vn 0 -0 -1
vn 0 -0 -1
vn 0 0 -1
vn 0 0 -1
vn 0 0 -1
vn 0 0 -1
vn 0 0 -1
vn 0 0 -1
vn 0 0 -1
vn 0 0 -1
vn -0 0 -1
vn -0 0 -1
vn -0 0 -1
vn -0 0 -1
vn 0 0 -1
vn 0 0 -1
vn 0 0 -1
vn 0 0 -1
vn 0 0 -1
vn 0 0 -1
vn 0 0 -1
vn 0 0 -1
vn -0 0 -1
vn -0 0 -1
vn -0 0 -1
vn -0 0 -1
vn -0 0 -1
vn -0 0 -1
vn -0 0 -1
vn -0 0 -1
vn -0 0 -1
vn -0 0 -1
vn -0 0 -1
vn -0 0 -1
vn 0 0 -1
vn -0 0 -1
vn -0 0 -1
vn -0 0 -1
vn 0 0 -1
vn 0 0 -1
vn 0 0 -1
vn 0 0 -1
vn 0 -0 -1
vn 0 0 -1
vn 0 0 -1
vn 0 0 -1
vn 0 0 -1
vn 0 -0 -1
vn 0 -0 -1
vn 0 -0 -1
vn 0 -0 -1
vn 0 -0 -1
vn 0 -0 -1
vn 0 -0 -1
vn 0 -0 -1
vn 0 -0 -1
vn 0 0 -1
vn 0 -0 -1
vn 0 0 -1
vn 0 0 -1
vn 0 0 -1
vn 0 0 -1
vn 0 0 -1
vn 0 0 -1
vn 0 0 -1
vn 0 0 -1
vn 0 -0 -1
vn 0 -0 -1
vn 0 -0 -1
vn 0 -0 -1
vn 0 -0 -1
vn 0 -0 -1
vn 0 -0 -1
vn 0 -0 -1
vn 0 -0 -1
vn 0 0 -1
vn 0 0 -1
vn 0 0 -1
vn 0 0 -1
vn 0 0 -1
vn 0 0 -1
vn 0 0 -1
vn 0 0 -1
vn 0 0 -1
vn 0 0 -1
vn 0 0 -1
vn 0 -0 -1
vn 0 0 -1
vn 0 0 -1
vn 0 0 -1
vn 0 -0 -1
vn 0 0 -1
vn 0 0 -1
vn 0 -0 -1
vn 0 -0 -1
vn 0 -0 -1
vn 0 0 -1
vn 0 -0 -1
vn 0 0 -1
vn 0 0 -1
vn 0 0 -1
vn 0 0 -1
vn 0 0 -1
vn 0 0 -1
vn 0 0 -1
vn 0 0 -1
vn 0 0 -1
vn 0 0 -1
vn 0 0 -1
vn 0 0 -1
vn 0 -0 -1
vn 0 -0 -1
vn 0 0 -1
vn 0 -0 -1
vn 0 0 -1
vn 0 0 -1
vn 0 -0 -1
vn 0 -0 -1
vn 0 0 -1
vn 0 0 -1
vn 0 -0 -1
vn 0 0 -1
vn 0 -0 -1
vn 0 0 -1
vn 0 0 -1
vn 0 0 -1
vn 0 0 -1
vn 0 -0 -1
vn 0 -0 -1
vn 0 -0 -1
vn 0 -0 -1
vn 0 -0 -1
vn 0 -0 -1
vn 0 -0 -1
vn 0 -0 -1
vn 0 -0 -1
vn 0 0 -1
vn 0 0 -1
vn 0 0 -1
vn 0 0 -1
vn 0 -0 -1
vn 0 0 -1
vn 0 0 -1
vn 0 0 -1
vn 0 0 -1
vn 0 0 -1
vn 0 0 -1
vn 0 0 -1
vn 0 0 -1
vn 0 0 -1
vn 0 0 -1
vn 0 0 -1
vn 0 0 -1
vn 0 0 -1
vn 0 0 -1
vn 0 0 -1
vn 0 0 -1
vn 0 0 -1
vn 0 0 -1
vn 0 0 -1
vn 0 0 -1
vn 0 0 -1
vn 0 0 -1
vn 0 -0 -1
vn 0 -0 -1
vn 0 -0 -1
vn 0 -0 -1
vn 0 -0 -1
vn 0 -0 -1
vn 0 -0 -1
vn 0 -0 -1
vn 0 -0 -1
vn 0 -0 -1
vn 0 -0 -1
vn 0 0 -1
vn 0 -0 -1
vn 0 -0 -1
vn 0 -0 -1
vn 0 -0 -1
vn 0 -0 -1
vn 0 0 -1
vn 0 0 -1
vn -0 0 -1
vn -0 0 -1
vn 0 -0 -1
vn 0 0 -1
vn 0 -0 -1
vn 0 -0 -1
vn -0 0 -1
vn -0 0 -1
vn -0 0 -1
vn 0 -0 -1
vn 0 0 -1
vn 0 -0 -1
vn 0 0 -1
vn 0 -0 -1
vn 0 0 -1
vn 0 0 -1
vn 0 0 -1
vn 0 -0 -1
vn 0 -0 -1
vn 0 -0 -1
vn 0 -0 -1
vn 0 -0 -1
vn 0 -0 -1
vn 0 -0 -1
vn 0 -0 -1
vn 0 -0 -1
vn 0 -0 -1
vn 0 -0 -1
vn 0 -0 -1
vn 0 -0 -1
vn 0 -0 -1
vn 0 -0 -1
vn 0 -0 -1
vn 0 0 -1
vn 0 0 -1
vn 0 0 -1
vn 0.18577 -0.92358 0.3354
vn 0.26572 -0.81332 0.5176
vn 0.20496 -0.86743 0.45338
vn 0.16775 -0.78408 0.59756
vn -0.07276 -0.90823 0.4121
vn -0.0122 -0.90032 0.43505
vn -0.11759 -0.96927 0.21607
vn 0.06354 -0.96826 0.24173
vn -0.63521 -0.54793 0.54431
vn -0.42586 -0.78595 0.44826
vn 0.58155 -0.76695 0.27128
vn 0.36929 -0.57707 0.72843
vn -0.3334 -0.63801 0.6941
vn -0.45544 -0.82022 0.34616
vn 0.18156 -0.97262 0.14505
vn 0.05774 -0.99156 0.11609
vn -0.25123 -0.95314 0.16856
vn -0.15284 -0.97502 0.16116
vn 0.75205 -0.28274 0.59538
vn 0.77548 -0.25242 0.57872
vn 0.37942 -0.68584 0.62102
vn 0.37587 -0.76001 0.5302
vn 0.25936 -0.83204 0.49035
vn 0.1511 -0.7975 0.5841
vn 0.29449 -0.89955 0.32264
vn 0.442 -0.86076 0.25245
vn 0.05377 -0.93439 0.35218
vn 0.19663 -0.95693 0.21359
vn 0.09674 0.81846 0.56636
vn 0.08915 0.81332 0.57495
vn 0.67078 0.11614 0.73251
vn 0.54234 0.30384 0.78329
vn 0.24625 0.68131 0.68933
vn 0.34877 0.57122 0.74301
vn 0.12177 0.73085 0.67159
vn 0.08942 0.57588 0.81263
vn -0.62534 -0.53346 0.56953
vn -0.30302 -0.05533 0.95138
vn -0.43045 0.69755 0.57283
vn -0.45527 0.67406 0.58169
vn -0.59787 0.13397 0.79032
vn -0.60668 0.2191 0.76416
vn -0.495 0.60526 0.62341
vn -0.48861 0.56499 0.66487
vn -0.72016 -0.07681 0.68954
vn -0.66398 0.12793 0.73672
vn -0.6116 0.41119 0.67592
vn -0.54803 0.53479 0.64317
vn -0.43733 0.66525 0.60513
vn -0.34237 0.71944 0.6043
vn 0.9405 -0.32424 0.10162
vn 0.9561 -0.29084 0.03588
vn 0.65019 -0.75599 0.07576
vn 0.76522 -0.63422 0.11042
vn 0.99867 -0.03536 0.03742
vn 0.99594 0.08335 0.03396
vn 0.95734 -0.21057 0.19788
vn 0.94639 -0.32302 0.00149
vn -0.79086 -0.60163 -0.11217
vn -0.73847 -0.67342 -0.03412
vn -0.65447 -0.74965 0.09846
vn -0.52387 -0.85157 0.01965
vn -0.2239 -0.9737 0.0422
vn -0.10662 -0.98648 -0.12448
vn -0.99052 -0.13737 -0.00025
vn -0.96791 -0.24228 -0.06674
vn -0.93465 -0.32752 0.13844
vn -0.9973 -0.02212 0.07
vn -0.91423 0.34395 0.21418
vn -0.94508 0.31251 0.09568
vn 0.9188 0.38545 0.08509
vn 0.87486 0.47766 0.08033
vn 0.78295 0.61879 0.06392
vn 0.77412 0.62481 0.10177
vn 0.62293 0.75356 0.21
vn 0.57087 0.76543 0.29702
vn 0.39319 0.89017 0.23021
vn 0.47231 0.87188 0.12943
vn 0.62977 -0.57927 0.51754
vn 0.78619 -0.49961 0.36374
vn 0.626 -0.7604 0.17294
vn 0.57625 -0.78597 0.22405
vn 0.09989 -0.912 0.39784
vn 0.00598 -0.9994 -0.03404
vn 0.14948 -0.98733 -0.05333
vn 0.37391 -0.92566 -0.0578
vn -0.02388 0.84746 0.53032
vn -0.09951 0.8357 0.5401
vn -0.41263 0.71874 0.55959
vn -0.29015 0.8379 0.46232
vn 0.27738 0.15098 0.94882
vn 0.45289 0.59813 0.66116
vn 0.22859 0.85677 0.46227
vn -0.01338 0.79359 0.60831
vn -0.50539 0.58363 0.63558
vn -0.42635 0.60331 0.67397
vn -0.04654 -0.81556 0.5768
vn -0.07546 -0.69291 0.71706
vn -0.03908 -0.33396 0.94178
vn 0.02756 -0.2155 0.97611
vn 0.11934 -0.24027 0.96334
vn 0.14022 -0.20767 0.9681
vn 0.17196 -0.21187 0.96205
vn 0.01711 -0.18272 0.98302
vn 0.07278 -0.24127 0.96772
vn 0.07107 -0.27347 0.95925
vn 0.09094 -0.30046 0.94945
vn 0.12782 -0.31212 0.9414
vn 0.10848 -0.29328 0.94985
vn -0.00796 -0.19476 0.98082
vn 0.03763 -0.25974 0.96494
vn 0.03915 -0.28872 0.95661
vn 0.05025 -0.32157 0.94555
vn 0.08056 -0.34336 0.93574
vn 0.06826 -0.31989 0.94499
vn -0.02234 -0.19616 0.98032
vn 0.01221 -0.26423 0.96438
vn 0.00547 -0.29396 0.9558
vn 0.00604 -0.32956 0.94411
vn 0.02749 -0.35899 0.93293
vn 0.02325 -0.33306 0.94262
vn -0.05246 -0.1845 0.98143
vn -0.02914 -0.25269 0.96711
vn -0.05224 -0.27584 0.95978
vn -0.0461 -0.32009 0.94627
vn -0.02749 -0.35902 0.93293
vn -0.02321 -0.33282 0.94271
vn -0.04938 -0.2055 0.97741
vn -0.06749 -0.26214 0.96267
vn 0.13881 -0.23435 0.96219
vn 0.02778 -0.1158 0.99288
vn 0.27562 -0.34175 0.89846
vn 0.27873 -0.53175 0.79972
vn 0.09043 0.07126 0.99335
vn 0.30883 0.15133 0.939
vn 0.51019 -0.40644 0.75797
vn 0.39821 -0.14329 0.90603
vn 0.57068 -0.44854 0.68785
vn 0.6536 -0.28479 0.70121
vn 0.49857 0.12462 0.85784
vn 0.58296 0.17827 0.7927
vn 0.41742 0.46899 0.77834
vn 0.25418 0.68697 0.68079
vn 0.36049 0.54809 0.75474
vn 0.43743 0.31667 0.84165
vn 0.07816 0.15791 0.98436
vn 0.18622 0.48016 0.85719
vn -0.08424 0.05689 0.99482
vn -0.10872 0.06925 0.99166
vn -0.12178 -0.03964 0.99177
vn -0.16192 0.01647 0.98667
vn -0.07141 -0.06483 0.99534
vn -0.07289 -0.01927 0.99715
vn -0.08142 0.0658 0.99451
vn -0.09968 0.11199 0.9887
vn -0.13863 0.1354 0.98105
vn -0.11875 0.10148 0.98773
vn -0.05763 0.00436 0.99833
vn -0.04719 0.06998 0.99643
vn -0.04555 0.11758 0.99202
vn -0.0549 0.14874 0.98735
vn -0.08871 0.17411 0.98072
vn -0.07501 0.14721 0.98626
vn -0.03984 0.03586 0.99856
vn -0.01743 0.10648 0.99416
vn -0.00741 0.13287 0.99111
vn -0.00645 0.15965 0.98715
vn -0.03056 0.19298 0.98073
vn -0.02604 0.16441 0.98605
vn -0.01907 0.04823 0.99865
vn 0.01666 0.12029 0.9926
vn 0.03507 0.13623 0.99006
vn 0.04395 0.15507 0.98693
vn 0.03056 0.19295 0.98073
vn 0.02628 0.16594 0.98578
vn 0.02438 0.05397 0.99825
vn -0.41696 0.73703 0.53191
vn -0.41247 0.68869 0.5963
vn -0.47233 0.24082 0.84789
vn -0.57224 0.45595 0.68165
vn -0.43231 0.71178 0.5536
vn -0.51101 0.67594 0.53102
f 1//1 2//1 3//1
f 3//2 2//2 4//2
f 5//3 6//3 4//3
f 4//4 6//4 3//4
f 6//5 7//5 3//5
f 3//6 7//6 8//6
f 8//7 9//7 3//7
f 3//8 9//8 10//8
f 11//9 1//9 10//9
f 10//10 1//10 3//10
f 12//11 13//11 14//11
f 14//12 13//12 15//12
f 13//13 16//13 15//13
f 15//14 16//14 17//14
f 18//15 19//15 17//15
f 17//16 19//16 15//16
f 19//17 20//17 15//17
f 15//18 20//18 14//18
f 20//19 19//19 21//19
f 21//20 19//20 22//20
f 18//21 23//21 19//21
f 19//22 23//22 22//22
f 23//23 24//23 22//23
f 22//24 24//24 25//24
f 26//25 21//25 25//25
f 25//26 21//26 22//26
f 27//27 26//27 28//27
f 28//28 26//28 25//28
f 24//29 29//29 25//29
f 25//30 29//30 28//30
f 29//31 30//31 28//31
f 28//32 30//32 31//32
f 32//33 27//33 31//33
f 31//34 27//34 28//34
f 33//35 32//35 34//35
f 34//36 32//36 31//36
f 30//37 35//37 31//37
f 31//38 35//38 34//38
f 35//39 36//39 34//39
f 34//40 36//40 37//40
f 38//41 33//41 37//41
f 37//42 33//42 34//42
f 39//43 38//43 40//43
f 40//44 38//44 37//44
f 36//45 41//45 37//45
f 37//46 41//46 40//46
f 42//47 43//47 41//47
f 41//48 43//48 40//48
f 44//49 39//49 43//49
f 43//50 39//50 40//50
f 44//51 43//51 45//51
f 45//52 43//52 46//52
f 42//53 47//53 43//53
f 43//54 47//54 46//54
f 48//55 49//55 47//55
f 47//56 49//56 46//56
f 49//57 50//57 46//57
f 46//58 50//58 45//58
f 50//59 49//59 51//59
f 51//60 49//60 52//60
f 49//61 48//61 52//61
f 52//62 48//62 53//62
f 54//63 55//63 53//63
f 53//64 55//64 52//64
f 55//65 56//65 52//65
f 52//66 56//66 51//66
f 57//67 56//67 58//67
f 58//68 56//68 55//68
f 54//69 59//69 55//69
f 55//70 59//70 58//70
f 59//71 60//71 58//71
f 58//72 60//72 61//72
f 62//73 57//73 61//73
f 61//74 57//74 58//74
f 63//75 62//75 64//75
f 64//76 62//76 61//76
f 60//77 65//77 61//77
f 61//78 65//78 64//78
f 65//79 66//79 64//79
f 64//80 66//80 67//80
f 68//81 63//81 67//81
f 67//82 63//82 64//82
f 66//83 69//83 67//83
f 67//84 69//84 70//84
f 69//85 71//85 70//85
f 70//86 71//86 72//86
f 73//87 74//87 72//87
f 72//88 74//88 70//88
f 74//89 68//89 70//89
f 70//90 68//90 67//90
f 71//91 75//91 72//91
f 72//92 75//92 76//92
f 75//93 77//93 76//93
f 76//94 77//94 78//94
f 79//95 80//95 78//95
f 78//96 80//96 76//96
f 80//97 73//97 76//97
f 76//98 73//98 72//98
f 77//99 81//99 78//99
f 78//100 81//100 82//100
f 83//101 84//101 81//101
f 81//102 84//102 82//102
f 85//103 86//103 84//103
f 84//104 86//104 82//104
f 86//105 79//105 82//105
f 82//106 79//106 78//106
f 83//107 87//107 84//107
f 84//108 87//108 88//108
f 87//109 89//109 88//109
f 88//110 89//110 90//110
f 91//111 92//111 90//111
f 90//112 92//112 88//112
f 92//113 85//113 88//113
f 88//114 85//114 84//114
f 93//115 91//115 94//115
f 94//116 91//116 90//116
f 89//117 95//117 90//117
f 90//118 95//118 94//118
f 95//119 96//119 94//119
f 94//120 96//120 97//120
f 97//121 98//121 94//121
f 94//122 98//122 93//122
f 95//123 89//123 99//123
f 99//124 89//124 100//124
f 100//125 101//125 99//125
f 99//126 101//126 102//126
f 102//127 103//127 99//127
f 99//128 103//128 104//128
f 104//129 96//129 99//129
f 99//130 96//130 95//130
f 101//131 105//131 102//131
f 102//132 105//132 106//132
f 105//133 107//133 106//133
f 106//134 107//134 108//134
f 108//135 103//135 106//135
f 106//136 103//136 102//136
f 105//137 101//137 109//137
f 109//138 101//138 110//138
f 110//139 111//139 109//139
f 109//140 111//140 112//140
f 112//141 113//141 109//141
f 109//142 113//142 114//142
f 114//143 107//143 109//143
f 109//144 107//144 105//144
f 111//145 115//145 112//145
f 112//146 115//146 116//146
f 117//147 118//147 115//147
f 115//148 118//148 116//148
f 119//149 120//149 118//149
f 118//150 120//150 116//150
f 121//151 122//151 120//151
f 120//152 122//152 116//152
f 122//153 113//153 116//153
f 116//154 113//154 112//154
f 118//155 117//155 123//155
f 123//156 117//156 124//156
f 125//157 126//157 124//157
f 124//158 126//158 123//158
f 126//159 127//159 123//159
f 123//160 127//160 128//160
f 119//161 118//161 128//161
f 128//162 118//162 123//162
f 127//163 126//163 129//163
f 129//164 126//164 130//164
f 126//165 125//165 130//165
f 130//166 125//166 131//166
f 132//167 133//167 131//167
f 131//168 133//168 130//168
f 133//169 134//169 130//169
f 130//170 134//170 129//170
f 134//171 133//171 135//171
f 135//172 133//172 136//172
f 133//173 132//173 136//173
f 136//174 132//174 137//174
f 138//175 139//175 137//175
f 137//176 139//176 136//176
f 139//177 140//177 136//177
f 136//178 140//178 135//178
f 140//179 139//179 141//179
f 141//180 139//180 142//180
f 139//181 138//181 142//181
f 142//182 138//182 143//182
f 16//183 13//183 143//183
f 143//184 13//184 142//184
f 13//185 12//185 142//185
f 142//186 12//186 141//186
f 144//187 145//187 146//187
f 146//188 145//188 147//188
f 145//189 12//189 147//189
f 147//190 12//190 14//190
f 20//191 148//191 14//191
f 14//192 148//192 147//192
f 148//193 149//193 147//193
f 147//194 149//194 146//194
f 148//195 20//195 150//195
f 150//196 20//196 21//196
f 21//197 26//197 150//197
f 150//198 26//198 151//198
f 151//199 152//199 150//199
f 150//200 152//200 153//200
f 149//201 148//201 153//201
f 153//202 148//202 150//202
f 152//203 151//203 154//203
f 154//204 151//204 155//204
f 26//205 27//205 151//205
f 151//206 27//206 155//206
f 27//207 32//207 155//207
f 155//208 32//208 156//208
f 156//209 157//209 155//209
f 155//210 157//210 154//210
f 158//211 157//211 159//211
f 159//212 157//212 156//212
f 32//213 33//213 156//213
f 156//214 33//214 159//214
f 33//215 38//215 159//215
f 159//216 38//216 160//216
f 161//217 158//217 160//217
f 160//218 158//218 159//218
f 161//219 160//219 162//219
f 162//220 160//220 163//220
f 38//221 39//221 160//221
f 160//222 39//222 163//222
f 44//223 164//223 39//223
f 39//224 164//224 163//224
f 164//225 165//225 163//225
f 163//226 165//226 162//226
f 164//227 44//227 166//227
f 166//228 44//228 45//228
f 50//229 167//229 45//229
f 45//230 167//230 166//230
f 167//231 168//231 166//231
f 166//232 168//232 169//232
f 165//233 164//233 169//233
f 169//234 164//234 166//234
f 167//235 50//235 170//235
f 170//236 50//236 51//236
f 56//237 171//237 51//237
f 51//238 171//238 170//238
f 171//239 172//239 170//239
f 170//240 172//240 173//240
f 168//241 167//241 173//241
f 173//242 167//242 170//242
f 172//243 171//243 174//243
f 174//244 171//244 175//244
f 171//245 56//245 175//245
f 175//246 56//246 57//246
f 57//247 62//247 175//247
f 175//248 62//248 176//248
f 177//249 174//249 176//249
f 176//250 174//250 175//250
f 178//251 177//251 179//251
f 179//252 177//252 176//252
f 62//253 63//253 176//253
f 176//254 63//254 179//254
f 63//255 68//255 179//255
f 179//256 68//256 180//256
f 181//257 178//257 180//257
f 180//258 178//258 179//258
f 68//259 74//259 180//259
f 180//260 74//260 182//260
f 74//261 73//261 182//261
f 182//262 73//262 183//262
f 184//263 185//263 183//263
f 183//264 185//264 182//264
f 185//265 181//265 182//265
f 182//266 181//266 180//266
f 73//267 80//267 183//267
f 183//268 80//268 186//268
f 80//269 79//269 186//269
f 186//270 79//270 187//270
f 188//271 189//271 187//271
f 187//272 189//272 186//272
f 189//273 184//273 186//273
f 186//274 184//274 183//274
f 79//275 86//275 187//275
f 187//276 86//276 190//276
f 86//277 85//277 190//277
f 190//278 85//278 191//278
f 192//279 193//279 191//279
f 191//280 193//280 190//280
f 193//281 188//281 190//281
f 190//282 188//282 187//282
f 85//283 92//283 191//283
f 191//284 92//284 194//284
f 92//285 91//285 194//285
f 194//286 91//286 195//286
f 196//287 197//287 195//287
f 195//288 197//288 194//288
f 197//289 192//289 194//289
f 194//290 192//290 191//290
f 198//291 199//291 200//291
f 200//292 199//292 201//292
f 196//293 195//293 199//293
f 199//294 195//294 201//294
f 91//295 202//295 195//295
f 195//296 202//296 201//296
f 202//297 203//297 201//297
f 201//298 203//298 204//298
f 200//299 201//299 205//299
f 204//300 205//300 201//300
f 202//301 91//301 206//301
f 206//302 91//302 93//302
f 93//303 98//303 206//303
f 206//304 98//304 207//304
f 207//305 203//305 206//305
f 206//306 203//306 202//306
f 119//307 208//307 209//307
f 209//308 208//308 210//308
f 211//309 212//309 208//309
f 208//310 212//310 210//310
f 213//311 214//311 212//311
f 212//312 214//312 210//312
f 214//313 215//313 210//313
f 210//314 215//314 209//314
f 120//315 119//315 216//315
f 216//316 119//316 209//316
f 215//317 217//317 209//317
f 209//318 217//318 216//318
f 217//319 121//319 216//319
f 216//320 121//320 120//320
f 211//321 208//321 218//321
f 218//322 208//322 219//322
f 208//323 119//323 219//323
f 219//324 119//324 128//324
f 127//325 220//325 128//325
f 128//326 220//326 219//326
f 220//327 221//327 219//327
f 219//328 221//328 218//328
f 221//329 220//329 222//329
f 222//330 220//330 223//330
f 220//331 127//331 223//331
f 223//332 127//332 129//332
f 134//333 224//333 129//333
f 129//334 224//334 223//334
f 224//335 225//335 223//335
f 223//336 225//336 222//336
f 225//337 224//337 226//337
f 226//338 224//338 227//338
f 224//339 134//339 227//339
f 227//340 134//340 135//340
f 140//341 228//341 135//341
f 135//342 228//342 227//342
f 228//343 229//343 227//343
f 227//344 229//344 226//344
f 229//345 228//345 230//345
f 230//346 228//346 231//346
f 228//347 140//347 231//347
f 231//348 140//348 141//348
f 12//349 145//349 141//349
f 141//350 145//350 231//350
f 145//351 144//351 231//351
f 231//352 144//352 230//352
f 232//353 233//353 234//353
f 234//354 233//354 235//354
f 233//355 144//355 235//355
f 235//356 144//356 146//356
f 149//357 236//357 146//357
f 146//358 236//358 235//358
f 236//359 237//359 235//359
f 235//360 237//360 234//360
f 237//361 236//361 238//361
f 238//362 236//362 239//362
f 236//363 149//363 239//363
f 239//364 149//364 153//364
f 152//365 240//365 153//365
f 153//366 240//366 239//366
f 240//367 241//367 239//367
f 239//368 241//368 238//368
f 241//369 240//369 242//369
f 242//370 240//370 243//370
f 240//371 152//371 243//371
f 243//372 152//372 154//372
f 157//373 244//373 154//373
f 154//374 244//374 243//374
f 244//375 245//375 243//375
f 243//376 245//376 242//376
f 245//377 244//377 246//377
f 246//378 244//378 247//378
f 244//379 157//379 247//379
f 247//380 157//380 158//380
f 161//381 248//381 158//381
f 158//382 248//382 247//382
f 248//383 249//383 247//383
f 247//384 249//384 246//384
f 249//385 248//385 250//385
f 250//386 248//386 251//386
f 248//387 161//387 251//387
f 251//388 161//388 162//388
f 165//389 252//389 162//389
f 162//390 252//390 251//390
f 252//391 253//391 251//391
f 251//392 253//392 250//392
f 252//393 165//393 254//393
f 254//394 165//394 169//394
f 168//395 255//395 169//395
f 169//396 255//396 254//396
f 255//397 256//397 254//397
f 254//398 256//398 257//398
f 253//399 252//399 257//399
f 257//400 252//400 254//400
f 256//401 255//401 258//401
f 258//402 255//402 259//402
f 255//403 168//403 259//403
f 259//404 168//404 173//404
f 172//405 260//405 173//405
f 173//406 260//406 259//406
f 260//407 261//407 259//407
f 259//408 261//408 258//408
f 260//409 172//409 262//409
f 262//410 172//410 174//410
f 174//411 177//411 262//411
f 262//412 177//412 263//412
f 264//413 265//413 263//413
f 263//414 265//414 262//414
f 261//415 260//415 265//415
f 265//416 260//416 262//416
f 177//417 178//417 263//417
f 263//418 178//418 266//418
f 178//419 181//419 266//419
f 266//420 181//420 267//420
f 268//421 269//421 267//421
f 267//422 269//422 266//422
f 269//423 264//423 266//423
f 266//424 264//424 263//424
f 181//425 185//425 267//425
f 267//426 185//426 270//426
f 185//427 184//427 270//427
f 270//428 184//428 271//428
f 272//429 273//429 271//429
f 271//430 273//430 270//430
f 273//431 268//431 270//431
f 270//432 268//432 267//432
f 184//433 189//433 271//433
f 271//434 189//434 274//434
f 189//435 188//435 274//435
f 274//436 188//436 275//436
f 276//437 277//437 275//437
f 275//438 277//438 274//438
f 277//439 272//439 274//439
f 274//440 272//440 271//440
f 188//441 193//441 275//441
f 275//442 193//442 278//442
f 193//443 192//443 278//443
f 278//444 192//444 279//444
f 280//445 281//445 279//445
f 279//446 281//446 278//446
f 281//447 276//447 278//447
f 278//448 276//448 275//448
f 192//449 197//449 279//449
f 279//450 197//450 282//450
f 197//451 196//451 282//451
f 282//452 196//452 283//452
f 284//453 285//453 283//453
f 283//454 285//454 282//454
f 285//455 280//455 282//455
f 282//456 280//456 279//456
f 286//457 287//457 288//457
f 288//458 287//458 289//458
f 287//459 284//459 289//459
f 289//460 284//460 283//460
f 196//461 290//461 283//461
f 283//462 290//462 289//462
f 291//463 292//463 290//463
f 290//464 292//464 289//464
f 292//465 293//465 289//465
f 289//466 293//466 288//466
f 290//467 196//467 294//467
f 294//468 196//468 199//468
f 294//469 199//469 295//469
f 199//470 198//470 295//470
f 295//471 291//471 294//471
f 291//472 290//472 294//472
f 211//473 296//473 297//473
f 297//474 296//474 298//474
f 299//475 300//475 296//475
f 296//476 300//476 298//476
f 298//477 300//477 301//477
f 300//478 302//478 301//478
f 301//479 303//479 298//479
f 298//480 303//480 304//480
f 305//481 297//481 304//481
f 304//482 297//482 298//482
f 212//483 211//483 306//483
f 306//484 211//484 297//484
f 297//485 305//485 306//485
f 306//486 305//486 307//486
f 213//487 212//487 307//487
f 307//488 212//488 306//488
f 299//489 296//489 308//489
f 308//490 296//490 309//490
f 296//491 211//491 309//491
f 309//492 211//492 218//492
f 221//493 310//493 218//493
f 218//494 310//494 309//494
f 310//495 311//495 309//495
f 309//496 311//496 308//496
f 310//497 221//497 312//497
f 312//498 221//498 222//498
f 225//499 313//499 222//499
f 222//500 313//500 312//500
f 313//501 314//501 312//501
f 312//502 314//502 315//502
f 311//503 310//503 315//503
f 315//504 310//504 312//504
f 314//505 313//505 316//505
f 316//506 313//506 317//506
f 313//507 225//507 317//507
f 317//508 225//508 226//508
f 229//509 318//509 226//509
f 226//510 318//510 317//510
f 318//511 319//511 317//511
f 317//512 319//512 316//512
f 320//513 319//513 321//513
f 321//514 319//514 318//514
f 229//515 230//515 318//515
f 318//516 230//516 321//516
f 230//517 144//517 321//517
f 321//518 144//518 233//518
f 232//519 320//519 233//519
f 233//520 320//520 321//520
f 322//521 323//521 324//521
f 324//522 323//522 325//522
f 323//523 232//523 325//523
f 325//524 232//524 234//524
f 237//525 326//525 234//525
f 234//526 326//526 325//526
f 326//527 327//527 325//527
f 325//528 327//528 324//528
f 327//529 326//529 328//529
f 328//530 326//530 329//530
f 326//531 237//531 329//531
f 329//532 237//532 238//532
f 241//533 330//533 238//533
f 238//534 330//534 329//534
f 330//535 331//535 329//535
f 329//536 331//536 328//536
f 331//537 330//537 332//537
f 332//538 330//538 333//538
f 330//539 241//539 333//539
f 333//540 241//540 242//540
f 245//541 334//541 242//541
f 242//542 334//542 333//542
f 334//543 335//543 333//543
f 333//544 335//544 332//544
f 335//545 334//545 336//545
f 336//546 334//546 337//546
f 334//547 245//547 337//547
f 337//548 245//548 246//548
f 249//549 338//549 246//549
f 246//550 338//550 337//550
f 338//551 339//551 337//551
f 337//552 339//552 336//552
f 339//553 338//553 340//553
f 340//554 338//554 341//554
f 338//555 249//555 341//555
f 341//556 249//556 250//556
f 253//557 342//557 250//557
f 250//558 342//558 341//558
f 342//559 343//559 341//559
f 341//560 343//560 340//560
f 342//561 253//561 344//561
f 344//562 253//562 257//562
f 256//563 345//563 257//563
f 257//564 345//564 344//564
f 345//565 346//565 344//565
f 344//566 346//566 347//566
f 343//567 342//567 347//567
f 347//568 342//568 344//568
f 345//569 256//569 348//569
f 348//570 256//570 258//570
f 261//571 349//571 258//571
f 258//572 349//572 348//572
f 349//573 350//573 348//573
f 348//574 350//574 351//574
f 346//575 345//575 351//575
f 351//576 345//576 348//576
f 349//577 261//577 352//577
f 352//578 261//578 265//578
f 265//579 264//579 352//579
f 352//580 264//580 353//580
f 354//581 355//581 353//581
f 353//582 355//582 352//582
f 350//583 349//583 355//583
f 355//584 349//584 352//584
f 264//585 269//585 353//585
f 353//586 269//586 356//586
f 269//587 268//587 356//587
f 356//588 268//588 357//588
f 358//589 359//589 357//589
f 357//590 359//590 356//590
f 359//591 354//591 356//591
f 356//592 354//592 353//592
f 360//593 358//593 361//593
f 361//594 358//594 357//594
f 268//595 273//595 357//595
f 357//596 273//596 361//596
f 273//597 272//597 361//597
f 361//598 272//598 362//598
f 363//599 360//599 362//599
f 362//600 360//600 361//600
f 272//601 277//601 362//601
f 362//602 277//602 364//602
f 277//603 276//603 364//603
f 364//604 276//604 365//604
f 366//605 367//605 365//605
f 365//606 367//606 364//606
f 367//607 363//607 364//607
f 364//608 363//608 362//608
f 276//609 281//609 365//609
f 365//610 281//610 368//610
f 281//611 280//611 368//611
f 368//612 280//612 369//612
f 370//613 371//613 369//613
f 369//614 371//614 368//614
f 371//615 366//615 368//615
f 368//616 366//616 365//616
f 280//617 285//617 369//617
f 369//618 285//618 372//618
f 285//619 284//619 372//619
f 372//620 284//620 373//620
f 374//621 375//621 373//621
f 373//622 375//622 372//622
f 375//623 370//623 372//623
f 372//624 370//624 369//624
f 376//625 374//625 377//625
f 377//626 374//626 373//626
f 284//627 378//627 373//627
f 373//628 378//628 377//628
f 378//629 379//629 377//629
f 377//630 379//630 380//630
f 381//631 376//631 380//631
f 380//632 376//632 377//632
f 378//633 284//633 382//633
f 382//634 284//634 287//634
f 287//635 286//635 382//635
f 382//636 286//636 383//636
f 379//637 378//637 383//637
f 383//638 378//638 382//638
f 299//639 384//639 385//639
f 385//640 384//640 386//640
f 384//641 387//641 386//641
f 386//642 387//642 388//642
f 389//643 390//643 388//643
f 388//644 390//644 386//644
f 390//645 391//645 386//645
f 386//646 391//646 385//646
f 300//647 299//647 392//647
f 392//648 299//648 385//648
f 393//649 392//649 391//649
f 385//650 391//650 392//650
f 393//651 302//651 392//651
f 392//652 302//652 300//652
f 384//653 299//653 394//653
f 394//654 299//654 308//654
f 311//655 395//655 308//655
f 308//656 395//656 394//656
f 395//657 396//657 394//657
f 394//658 396//658 397//658
f 387//659 384//659 397//659
f 397//660 384//660 394//660
f 395//661 311//661 398//661
f 398//662 311//662 315//662
f 314//663 399//663 315//663
f 315//664 399//664 398//664
f 399//665 400//665 398//665
f 398//666 400//666 401//666
f 396//667 395//667 401//667
f 401//668 395//668 398//668
f 400//669 399//669 402//669
f 402//670 399//670 403//670
f 399//671 314//671 403//671
f 403//672 314//672 316//672
f 316//673 319//673 403//673
f 403//674 319//674 404//674
f 404//675 405//675 403//675
f 403//676 405//676 402//676
f 405//677 404//677 406//677
f 406//678 404//678 407//678
f 319//679 320//679 404//679
f 404//680 320//680 407//680
f 232//681 323//681 320//681
f 320//682 323//682 407//682
f 323//683 322//683 407//683
f 407//684 322//684 406//684
f 408//685 409//685 410//685
f 410//686 409//686 411//686
f 409//687 322//687 411//687
f 411//688 322//688 324//688
f 327//689 412//689 324//689
f 324//690 412//690 411//690
f 412//691 413//691 411//691
f 411//692 413//692 410//692
f 413//693 412//693 414//693
f 414//694 412//694 415//694
f 412//695 327//695 415//695
f 415//696 327//696 328//696
f 331//697 416//697 328//697
f 328//698 416//698 415//698
f 416//699 417//699 415//699
f 415//700 417//700 414//700
f 417//701 416//701 418//701
f 418//702 416//702 419//702
f 416//703 331//703 419//703
f 419//704 331//704 332//704
f 335//705 420//705 332//705
f 332//706 420//706 419//706
f 420//707 421//707 419//707
f 419//708 421//708 418//708
f 421//709 420//709 422//709
f 422//710 420//710 423//710
f 420//711 335//711 423//711
f 423//712 335//712 336//712
f 339//713 424//713 336//713
f 336//714 424//714 423//714
f 424//715 425//715 423//715
f 423//716 425//716 422//716
f 425//717 424//717 426//717
f 426//718 424//718 427//718
f 424//719 339//719 427//719
f 427//720 339//720 340//720
f 343//721 428//721 340//721
f 340//722 428//722 427//722
f 428//723 429//723 427//723
f 427//724 429//724 426//724
f 350//725 355//725 430//725
f 430//726 355//726 431//726
f 355//727 354//727 431//727
f 431//728 354//728 432//728
f 433//729 434//729 432//729
f 432//730 434//730 431//730
f 434//731 435//731 431//731
f 431//732 435//732 430//732
f 354//733 359//733 432//733
f 432//734 359//734 436//734
f 359//735 358//735 436//735
f 436//736 358//736 437//736
f 438//737 439//737 437//737
f 437//738 439//738 436//738
f 439//739 433//739 436//739
f 436//740 433//740 432//740
f 440//741 438//741 441//741
f 441//742 438//742 437//742
f 358//743 360//743 437//743
f 437//744 360//744 441//744
f 360//745 363//745 441//745
f 441//746 363//746 442//746
f 443//747 440//747 442//747
f 442//748 440//748 441//748
f 363//749 367//749 442//749
f 442//750 367//750 444//750
f 367//751 366//751 444//751
f 444//752 366//752 445//752
f 446//753 447//753 445//753
f 445//754 447//754 444//754
f 447//755 443//755 444//755
f 444//756 443//756 442//756
f 366//757 371//757 445//757
f 445//758 371//758 448//758
f 371//759 370//759 448//759
f 448//760 370//760 449//760
f 450//761 451//761 449//761
f 449//762 451//762 448//762
f 451//763 446//763 448//763
f 448//764 446//764 445//764
f 370//765 375//765 449//765
f 449//766 375//766 452//766
f 375//767 374//767 452//767
f 452//768 374//768 453//768
f 454//769 455//769 453//769
f 453//770 455//770 452//770
f 455//771 450//771 452//771
f 452//772 450//772 449//772
f 374//773 376//773 453//773
f 453//774 376//774 456//774
f 381//775 457//775 376//775
f 376//776 457//776 456//776
f 457//777 458//777 456//777
f 456//778 458//778 459//778
f 460//779 461//779 459//779
f 459//780 461//780 456//780
f 454//781 453//781 461//781
f 461//782 453//782 456//782
f 462//783 460//783 463//783
f 463//784 460//784 464//784
f 463//785 464//785 465//785
f 464//786 466//786 465//786
f 465//787 467//787 463//787
f 463//788 467//788 462//788
f 460//789 459//789 464//789
f 464//790 459//790 468//790
f 458//791 469//791 459//791
f 459//792 469//792 468//792
f 469//793 466//793 468//793
f 468//794 466//794 464//794
f 387//795 470//795 471//795
f 471//796 470//796 472//796
f 470//797 473//797 472//797
f 472//798 473//798 474//798
f 475//799 476//799 474//799
f 474//800 476//800 472//800
f 476//801 477//801 472//801
f 472//802 477//802 471//802
f 388//803 387//803 478//803
f 478//804 387//804 471//804
f 477//805 479//805 471//805
f 471//806 479//806 478//806
f 479//807 389//807 478//807
f 478//808 389//808 388//808
f 470//809 387//809 480//809
f 480//810 387//810 397//810
f 396//811 481//811 397//811
f 397//812 481//812 480//812
f 481//813 482//813 480//813
f 480//814 482//814 483//814
f 473//815 470//815 483//815
f 483//816 470//816 480//816
f 481//817 396//817 484//817
f 484//818 396//818 401//818
f 400//819 485//819 401//819
f 401//820 485//820 484//820
f 485//821 486//821 484//821
f 484//822 486//822 487//822
f 482//823 481//823 487//823
f 487//824 481//824 484//824
f 486//825 485//825 488//825
f 488//826 485//826 489//826
f 485//827 400//827 489//827
f 489//828 400//828 402//828
f 405//829 490//829 402//829
f 402//830 490//830 489//830
f 490//831 491//831 489//831
f 489//832 491//832 488//832
f 491//833 490//833 492//833
f 492//834 490//834 493//834
f 490//835 405//835 493//835
f 493//836 405//836 406//836
f 322//837 409//837 406//837
f 406//838 409//838 493//838
f 409//839 408//839 493//839
f 493//840 408//840 492//840
f 494//841 495//841 496//841
f 496//842 495//842 497//842
f 495//843 408//843 497//843
f 497//844 408//844 410//844
f 413//845 498//845 410//845
f 410//846 498//846 497//846
f 498//847 499//847 497//847
f 497//848 499//848 496//848
f 499//849 498//849 500//849
f 500//850 498//850 501//850
f 498//851 413//851 501//851
f 501//852 413//852 414//852
f 417//853 502//853 414//853
f 414//854 502//854 501//854
f 502//855 503//855 501//855
f 501//856 503//856 500//856
f 503//857 502//857 504//857
f 504//858 502//858 505//858
f 502//859 417//859 505//859
f 505//860 417//860 418//860
f 421//861 506//861 418//861
f 418//862 506//862 505//862
f 506//863 507//863 505//863
f 505//864 507//864 504//864
f 507//865 506//865 508//865
f 508//866 506//866 509//866
f 506//867 421//867 509//867
f 509//868 421//868 422//868
f 425//869 510//869 422//869
f 422//870 510//870 509//870
f 510//871 511//871 509//871
f 509//872 511//872 508//872
f 511//873 510//873 512//873
f 512//874 510//874 513//874
f 510//875 425//875 513//875
f 513//876 425//876 426//876
f 429//877 514//877 426//877
f 426//878 514//878 513//878
f 514//879 515//879 513//879
f 513//880 515//880 512//880
f 435//881 434//881 516//881
f 516//882 434//882 517//882
f 434//883 433//883 517//883
f 517//884 433//884 518//884
f 519//885 520//885 518//885
f 518//886 520//886 517//886
f 520//887 521//887 517//887
f 517//888 521//888 516//888
f 433//889 439//889 518//889
f 518//890 439//890 522//890
f 439//891 438//891 522//891
f 522//892 438//892 523//892
f 524//893 525//893 523//893
f 523//894 525//894 522//894
f 525//895 519//895 522//895
f 522//896 519//896 518//896
f 526//897 524//897 527//897
f 527//898 524//898 523//898
f 438//899 440//899 523//899
f 523//900 440//900 527//900
f 440//901 443//901 527//901
f 527//902 443//902 528//902
f 529//903 526//903 528//903
f 528//904 526//904 527//904
f 443//905 447//905 528//905
f 528//906 447//906 530//906
f 447//907 446//907 530//907
f 530//908 446//908 531//908
f 532//909 533//909 531//909
f 531//910 533//910 530//910
f 533//911 529//911 530//911
f 530//912 529//912 528//912
f 446//913 451//913 531//913
f 531//914 451//914 534//914
f 451//915 450//915 534//915
f 534//916 450//916 535//916
f 536//917 537//917 535//917
f 535//918 537//918 534//918
f 537//919 532//919 534//919
f 534//920 532//920 531//920
f 538//921 536//921 539//921
f 539//922 536//922 535//922
f 450//923 455//923 535//923
f 535//924 455//924 539//924
f 455//925 454//925 539//925
f 539//926 454//926 540//926
f 541//927 538//927 540//927
f 540//928 538//928 539//928
f 540//929 454//929 542//929
f 542//930 454//930 461//930
f 461//931 460//931 542//931
f 542//932 460//932 543//932
f 543//933 544//933 542//933
f 542//934 544//934 545//934
f 545//935 541//935 542//935
f 542//936 541//936 540//936
f 546//937 544//937 547//937
f 547//938 544//938 548//938
f 549//939 547//939 550//939
f 548//940 550//940 547//940
f 549//941 551//941 547//941
f 547//942 551//942 546//942
f 544//943 543//943 548//943
f 548//944 543//944 552//944
f 460//945 462//945 543//945
f 543//946 462//946 552//946
f 467//947 553//947 462//947
f 462//948 553//948 552//948
f 553//949 550//949 552//949
f 552//950 550//950 548//950
f 473//951 554//951 555//951
f 555//952 554//952 556//952
f 554//953 557//953 556//953
f 556//954 557//954 558//954
f 558//955 559//955 556//955
f 556//956 559//956 560//956
f 561//957 555//957 560//957
f 560//958 555//958 556//958
f 474//959 473//959 562//959
f 562//960 473//960 555//960
f 555//961 561//961 562//961
f 562//962 561//962 563//962
f 563//963 475//963 562//963
f 562//964 475//964 474//964
f 554//965 473//965 564//965
f 564//966 473//966 483//966
f 482//967 565//967 483//967
f 483//968 565//968 564//968
f 565//969 566//969 564//969
f 564//970 566//970 567//970
f 557//971 554//971 567//971
f 567//972 554//972 564//972
f 566//973 565//973 568//973
f 568//974 565//974 569//974
f 565//975 482//975 569//975
f 569//976 482//976 487//976
f 486//977 570//977 487//977
f 487//978 570//978 569//978
f 570//979 571//979 569//979
f 569//980 571//980 568//980
f 570//981 486//981 572//981
f 572//982 486//982 488//982
f 491//983 573//983 488//983
f 488//984 573//984 572//984
f 573//985 574//985 572//985
f 572//986 574//986 575//986
f 571//987 570//987 575//987
f 575//988 570//988 572//988
f 574//989 573//989 576//989
f 576//990 573//990 577//990
f 573//991 491//991 577//991
f 577//992 491//992 492//992
f 408//993 495//993 492//993
f 492//994 495//994 577//994
f 495//995 494//995 577//995
f 577//996 494//996 576//996
f 578//997 579//997 580//997
f 580//998 579//998 581//998
f 579//999 494//999 581//999
f 581//1000 494//1000 496//1000
f 499//1001 582//1001 496//1001
f 496//1002 582//1002 581//1002
f 582//1003 583//1003 581//1003
f 581//1004 583//1004 580//1004
f 583//1005 582//1005 584//1005
f 584//1006 582//1006 585//1006
f 582//1007 499//1007 585//1007
f 585//1008 499//1008 500//1008
f 503//1009 586//1009 500//1009
f 500//1010 586//1010 585//1010
f 586//1011 587//1011 585//1011
f 585//1012 587//1012 584//1012
f 587//1013 586//1013 588//1013
f 588//1014 586//1014 589//1014
f 586//1015 503//1015 589//1015
f 589//1016 503//1016 504//1016
f 507//1017 590//1017 504//1017
f 504//1018 590//1018 589//1018
f 590//1019 591//1019 589//1019
f 589//1020 591//1020 588//1020
f 519//1021 525//1021 592//1021
f 592//1022 525//1022 593//1022
f 525//1023 524//1023 593//1023
f 593//1024 524//1024 594//1024
f 595//1025 596//1025 594//1025
f 594//1026 596//1026 593//1026
f 596//1027 597//1027 593//1027
f 593//1028 597//1028 592//1028
f 524//1029 526//1029 594//1029
f 594//1030 526//1030 598//1030
f 526//1031 529//1031 598//1031
f 598//1032 529//1032 599//1032
f 600//1033 601//1033 599//1033
f 599//1034 601//1034 598//1034
f 601//1035 595//1035 598//1035
f 598//1036 595//1036 594//1036
f 529//1037 533//1037 599//1037
f 599//1038 533//1038 602//1038
f 533//1039 532//1039 602//1039
f 602//1040 532//1040 603//1040
f 604//1041 605//1041 603//1041
f 603//1042 605//1042 602//1042
f 605//1043 600//1043 602//1043
f 602//1044 600//1044 599//1044
f 532//1045 537//1045 603//1045
f 603//1046 537//1046 606//1046
f 537//1047 536//1047 606//1047
f 606//1048 536//1048 607//1048
f 608//1049 609//1049 607//1049
f 607//1050 609//1050 606//1050
f 609//1051 604//1051 606//1051
f 606//1052 604//1052 603//1052
f 538//1053 541//1053 610//1053
f 610//1054 541//1054 611//1054
f 612//1055 613//1055 611//1055
f 611//1056 613//1056 610//1056
f 613//1057 608//1057 610//1057
f 610//1058 608//1058 607//1058
f 536//1059 538//1059 607//1059
f 607//1060 538//1060 610//1060
f 612//1061 611//1061 614//1061
f 614//1062 611//1062 615//1062
f 541//1063 545//1063 611//1063
f 611//1064 545//1064 615//1064
f 544//1065 616//1065 545//1065
f 545//1066 616//1066 615//1066
f 616//1067 617//1067 615//1067
f 615//1068 617//1068 614//1068
f 618//1069 619//1069 620//1069
f 620//1070 619//1070 621//1070
f 621//1071 617//1071 620//1071
f 620//1072 617//1072 622//1072
f 622//1073 623//1073 620//1073
f 620//1074 623//1074 624//1074
f 625//1075 626//1075 624//1075
f 624//1076 626//1076 620//1076
f 627//1077 618//1077 626//1077
f 626//1078 618//1078 620//1078
f 617//1079 616//1079 622//1079
f 622//1080 616//1080 628//1080
f 616//1081 544//1081 628//1081
f 628//1082 544//1082 546//1082
f 551//1083 629//1083 546//1083
f 546//1084 629//1084 628//1084
f 630//1085 631//1085 629//1085
f 629//1086 631//1086 628//1086
f 631//1087 632//1087 628//1087
f 628//1088 632//1088 633//1088
f 634//1089 635//1089 633//1089
f 633//1090 635//1090 628//1090
f 623//1091 622//1091 635//1091
f 635//1092 622//1092 628//1092
f 619//1093 618//1093 636//1093
f 636//1094 618//1094 637//1094
f 638//1095 637//1095 627//1095
f 618//1096 627//1096 637//1096
f 639//1097 640//1097 638//1097
f 638//1098 640//1098 637//1098
f 640//1099 641//1099 637//1099
f 637//1100 641//1100 642//1100
f 642//1101 559//1101 637//1101
f 559//1102 558//1102 637//1102
f 557//1103 643//1103 558//1103
f 558//1104 643//1104 637//1104
f 644//1105 636//1105 643//1105
f 643//1106 636//1106 637//1106
f 643//1107 557//1107 645//1107
f 645//1108 557//1108 567//1108
f 566//1109 646//1109 567//1109
f 567//1110 646//1110 645//1110
f 646//1111 647//1111 645//1111
f 645//1112 647//1112 648//1112
f 644//1113 643//1113 648//1113
f 648//1114 643//1114 645//1114
f 647//1115 646//1115 649//1115
f 649//1116 646//1116 650//1116
f 646//1117 566//1117 650//1117
f 650//1118 566//1118 568//1118
f 571//1119 651//1119 568//1119
f 568//1120 651//1120 650//1120
f 651//1121 652//1121 650//1121
f 650//1122 652//1122 649//1122
f 651//1123 571//1123 653//1123
f 653//1124 571//1124 575//1124
f 574//1125 654//1125 575//1125
f 575//1126 654//1126 653//1126
f 654//1127 655//1127 653//1127
f 653//1128 655//1128 656//1128
f 652//1129 651//1129 656//1129
f 656//1130 651//1130 653//1130
f 655//1131 654//1131 657//1131
f 657//1132 654//1132 658//1132
f 654//1133 574//1133 658//1133
f 658//1134 574//1134 576//1134
f 494//1135 579//1135 576//1135
f 576//1136 579//1136 658//1136
f 579//1137 578//1137 658//1137
f 658//1138 578//1138 657//1138
f 659//1139 660//1139 661//1139
f 661//1140 660//1140 662//1140
f 660//1141 578//1141 662//1141
f 662//1142 578//1142 580//1142
f 583//1143 663//1143 580//1143
f 580//1144 663//1144 662//1144
f 663//1145 664//1145 662//1145
f 662//1146 664//1146 661//1146
f 665//1147 666//1147 667//1147
f 667//1148 666//1148 668//1148
f 664//1149 663//1149 668//1149
f 668//1150 663//1150 667//1150
f 663//1151 583//1151 667//1151
f 667//1152 583//1152 584//1152
f 587//1153 665//1153 584//1153
f 584//1154 665//1154 667//1154
f 666//1155 665//1155 669//1155
f 669//1156 665//1156 670//1156
f 665//1157 587//1157 670//1157
f 670//1158 587//1158 588//1158
f 591//1159 671//1159 588//1159
f 588//1160 671//1160 670//1160
f 671//1161 672//1161 670//1161
f 670//1162 672//1162 669//1162
f 673//1163 674//1163 675//1163
f 675//1164 674//1164 676//1164
f 674//1165 677//1165 676//1165
f 676//1166 677//1166 678//1166
f 679//1167 680//1167 678//1167
f 678//1168 680//1168 676//1168
f 680//1169 681//1169 676//1169
f 676//1170 681//1170 675//1170
f 595//1171 601//1171 682//1171
f 682//1172 601//1172 683//1172
f 601//1173 600//1173 683//1173
f 683//1174 600//1174 684//1174
f 685//1175 686//1175 684//1175
f 684//1176 686//1176 683//1176
f 686//1177 687//1177 683//1177
f 683//1178 687//1178 682//1178
f 600//1179 605//1179 684//1179
f 684//1180 605//1180 688//1180
f 605//1181 604//1181 688//1181
f 688//1182 604//1182 689//1182
f 690//1183 691//1183 689//1183
f 689//1184 691//1184 688//1184
f 691//1185 685//1185 688//1185
f 688//1186 685//1186 684//1186
f 609//1187 608//1187 692//1187
f 692//1188 608//1188 693//1188
f 694//1189 695//1189 693//1189
f 693//1190 695//1190 692//1190
f 695//1191 690//1191 692//1191
f 692//1192 690//1192 689//1192
f 604//1193 609//1193 689//1193
f 689//1194 609//1194 692//1194
f 613//1195 612//1195 696//1195
f 696//1196 612//1196 697//1196
f 698//1197 699//1197 697//1197
f 697//1198 699//1198 696//1198
f 699//1199 694//1199 696//1199
f 696//1200 694//1200 693//1200
f 608//1201 613//1201 693//1201
f 693//1202 613//1202 696//1202
f 617//1203 700//1203 614//1203
f 614//1204 700//1204 701//1204
f 700//1205 702//1205 701//1205
f 701//1206 702//1206 703//1206
f 698//1207 697//1207 703//1207
f 703//1208 697//1208 701//1208
f 697//1209 612//1209 701//1209
f 701//1210 612//1210 614//1210
f 621//1211 619//1211 704//1211
f 704//1212 619//1212 705//1212
f 706//1213 707//1213 705//1213
f 705//1214 707//1214 704//1214
f 702//1215 700//1215 707//1215
f 707//1216 700//1216 704//1216
f 617//1217 621//1217 700//1217
f 700//1218 621//1218 704//1218
f 708//1219 706//1219 709//1219
f 709//1220 706//1220 705//1220
f 705//1221 619//1221 709//1221
f 709//1222 619//1222 636//1222
f 636//1223 644//1223 709//1223
f 709//1224 644//1224 710//1224
f 710//1225 711//1225 709//1225
f 709//1226 711//1226 708//1226
f 710//1227 644//1227 712//1227
f 712//1228 644//1228 648//1228
f 647//1229 713//1229 648//1229
f 648//1230 713//1230 712//1230
f 713//1231 714//1231 712//1231
f 712//1232 714//1232 715//1232
f 711//1233 710//1233 715//1233
f 715//1234 710//1234 712//1234
f 716//1235 717//1235 718//1235
f 718//1236 717//1236 719//1236
f 714//1237 713//1237 719//1237
f 719//1238 713//1238 718//1238
f 713//1239 647//1239 718//1239
f 718//1240 647//1240 649//1240
f 652//1241 716//1241 649//1241
f 649//1242 716//1242 718//1242
f 720//1243 721//1243 722//1243
f 722//1244 721//1244 723//1244
f 717//1245 716//1245 723//1245
f 723//1246 716//1246 722//1246
f 716//1247 652//1247 722//1247
f 722//1248 652//1248 656//1248
f 655//1249 720//1249 656//1249
f 656//1250 720//1250 722//1250
f 721//1251 720//1251 724//1251
f 724//1252 720//1252 725//1252
f 720//1253 655//1253 725//1253
f 725//1254 655//1254 657//1254
f 578//1255 660//1255 657//1255
f 657//1256 660//1256 725//1256
f 660//1257 659//1257 725//1257
f 725//1258 659//1258 724//1258
f 726//1259 727//1259 728//1259
f 728//1260 727//1260 729//1260
f 727//1261 659//1261 729//1261
f 729//1262 659//1262 661//1262
f 664//1263 730//1263 661//1263
f 661//1264 730//1264 729//1264
f 730//1265 731//1265 729//1265
f 729//1266 731//1266 728//1266
f 732//1267 733//1267 734//1267
f 734//1268 733//1268 735//1268
f 731//1269 730//1269 735//1269
f 735//1270 730//1270 734//1270
f 730//1271 664//1271 734//1271
f 734//1272 664//1272 668//1272
f 666//1273 732//1273 668//1273
f 668//1274 732//1274 734//1274
f 733//1275 732//1275 736//1275
f 736//1276 732//1276 737//1276
f 732//1277 666//1277 737//1277
f 737//1278 666//1278 669//1278
f 672//1279 738//1279 669//1279
f 669//1280 738//1280 737//1280
f 738//1281 739//1281 737//1281
f 737//1282 739//1282 736//1282
f 739//1283 738//1283 740//1283
f 740//1284 738//1284 741//1284
f 738//1285 672//1285 741//1285
f 741//1286 672//1286 742//1286
f 673//1287 743//1287 742//1287
f 742//1288 743//1288 741//1288
f 743//1289 744//1289 741//1289
f 741//1290 744//1290 740//1290
f 744//1291 743//1291 745//1291
f 745//1292 743//1292 746//1292
f 743//1293 673//1293 746//1293
f 746//1294 673//1294 675//1294
f 681//1295 747//1295 675//1295
f 675//1296 747//1296 746//1296
f 747//1297 748//1297 746//1297
f 746//1298 748//1298 745//1298
f 748//1299 747//1299 749//1299
f 749//1300 747//1300 750//1300
f 747//1301 681//1301 750//1301
f 750//1302 681//1302 751//1302
f 752//1303 753//1303 751//1303
f 751//1304 753//1304 750//1304
f 753//1305 754//1305 750//1305
f 750//1306 754//1306 749//1306
f 755//1307 754//1307 756//1307
f 756//1308 754//1308 753//1308
f 752//1309 757//1309 753//1309
f 753//1310 757//1310 756//1310
f 757//1311 758//1311 756//1311
f 756//1312 758//1312 759//1312
f 760//1313 755//1313 759//1313
f 759//1314 755//1314 756//1314
f 758//1315 761//1315 759//1315
f 759//1316 761//1316 762//1316
f 761//1317 763//1317 762//1317
f 762//1318 763//1318 764//1318
f 765//1319 766//1319 764//1319
f 764//1320 766//1320 762//1320
f 766//1321 760//1321 762//1321
f 762//1322 760//1322 759//1322
f 763//1323 767//1323 764//1323
f 764//1324 767//1324 768//1324
f 767//1325 687//1325 768//1325
f 768//1326 687//1326 769//1326
f 770//1327 771//1327 769//1327
f 769//1328 771//1328 768//1328
f 771//1329 765//1329 768//1329
f 768//1330 765//1330 764//1330
f 686//1331 685//1331 772//1331
f 772//1332 685//1332 773//1332
f 774//1333 775//1333 773//1333
f 773//1334 775//1334 772//1334
f 775//1335 770//1335 772//1335
f 772//1336 770//1336 769//1336
f 687//1337 686//1337 769//1337
f 769//1338 686//1338 772//1338
f 691//1339 690//1339 776//1339
f 776//1340 690//1340 777//1340
f 778//1341 779//1341 777//1341
f 777//1342 779//1342 776//1342
f 779//1343 774//1343 776//1343
f 776//1344 774//1344 773//1344
f 685//1345 691//1345 773//1345
f 773//1346 691//1346 776//1346
f 695//1347 694//1347 780//1347
f 780//1348 694//1348 781//1348
f 782//1349 783//1349 781//1349
f 781//1350 783//1350 780//1350
f 783//1351 778//1351 780//1351
f 780//1352 778//1352 777//1352
f 690//1353 695//1353 777//1353
f 777//1354 695//1354 780//1354
f 694//1355 699//1355 781//1355
f 781//1356 699//1356 784//1356
f 699//1357 698//1357 784//1357
f 784//1358 698//1358 785//1358
f 786//1359 787//1359 785//1359
f 785//1360 787//1360 784//1360
f 787//1361 782//1361 784//1361
f 784//1362 782//1362 781//1362
f 702//1363 788//1363 703//1363
f 703//1364 788//1364 789//1364
f 788//1365 790//1365 789//1365
f 789//1366 790//1366 791//1366
f 791//1367 786//1367 789//1367
f 789//1368 786//1368 785//1368
f 785//1369 698//1369 789//1369
f 789//1370 698//1370 703//1370
f 707//1371 706//1371 792//1371
f 792//1372 706//1372 793//1372
f 794//1373 795//1373 793//1373
f 793//1374 795//1374 792//1374
f 790//1375 788//1375 795//1375
f 795//1376 788//1376 792//1376
f 788//1377 702//1377 792//1377
f 792//1378 702//1378 707//1378
f 796//1379 794//1379 797//1379
f 797//1380 794//1380 793//1380
f 706//1381 708//1381 793//1381
f 793//1382 708//1382 797//1382
f 711//1383 798//1383 708//1383
f 708//1384 798//1384 797//1384
f 798//1385 799//1385 797//1385
f 797//1386 799//1386 796//1386
f 798//1387 711//1387 800//1387
f 800//1388 711//1388 715//1388
f 714//1389 801//1389 715//1389
f 715//1390 801//1390 800//1390
f 801//1391 802//1391 800//1391
f 800//1392 802//1392 803//1392
f 799//1393 798//1393 803//1393
f 803//1394 798//1394 800//1394
f 804//1395 805//1395 806//1395
f 806//1396 805//1396 807//1396
f 802//1397 801//1397 807//1397
f 807//1398 801//1398 806//1398
f 801//1399 714//1399 806//1399
f 806//1400 714//1400 719//1400
f 717//1401 804//1401 719//1401
f 719//1402 804//1402 806//1402
f 808//1403 809//1403 810//1403
f 810//1404 809//1404 811//1404
f 805//1405 804//1405 811//1405
f 811//1406 804//1406 810//1406
f 804//1407 717//1407 810//1407
f 810//1408 717//1408 723//1408
f 721//1409 808//1409 723//1409
f 723//1410 808//1410 810//1410
f 809//1411 808//1411 812//1411
f 812//1412 808//1412 813//1412
f 808//1413 721//1413 813//1413
f 813//1414 721//1414 724//1414
f 659//1415 727//1415 724//1415
f 724//1416 727//1416 813//1416
f 727//1417 726//1417 813//1417
f 813//1418 726//1418 812//1418
f 814//1419 815//1419 816//1419
f 816//1420 815//1420 817//1420
f 815//1421 726//1421 817//1421
f 817//1422 726//1422 728//1422
f 731//1423 818//1423 728//1423
f 728//1424 818//1424 817//1424
f 818//1425 819//1425 817//1425
f 817//1426 819//1426 816//1426
f 820//1427 821//1427 822//1427
f 822//1428 821//1428 823//1428
f 819//1429 818//1429 823//1429
f 823//1430 818//1430 822//1430
f 818//1431 731//1431 822//1431
f 822//1432 731//1432 735//1432
f 733//1433 820//1433 735//1433
f 735//1434 820//1434 822//1434
f 821//1435 820//1435 824//1435
f 824//1436 820//1436 825//1436
f 820//1437 733//1437 825//1437
f 825//1438 733//1438 736//1438
f 739//1439 826//1439 736//1439
f 736//1440 826//1440 825//1440
f 826//1441 827//1441 825//1441
f 825//1442 827//1442 824//1442
f 827//1443 826//1443 828//1443
f 828//1444 826//1444 829//1444
f 826//1445 739//1445 829//1445
f 829//1446 739//1446 740//1446
f 744//1447 830//1447 740//1447
f 740//1448 830//1448 829//1448
f 830//1449 831//1449 829//1449
f 829//1450 831//1450 828//1450
f 832//1451 833//1451 834//1451
f 834//1452 833//1452 835//1452
f 831//1453 830//1453 835//1453
f 835//1454 830//1454 834//1454
f 830//1455 744//1455 834//1455
f 834//1456 744//1456 745//1456
f 748//1457 832//1457 745//1457
f 745//1458 832//1458 834//1458
f 833//1459 832//1459 836//1459
f 836//1460 832//1460 837//1460
f 832//1461 748//1461 837//1461
f 837//1462 748//1462 749//1462
f 754//1463 838//1463 749//1463
f 749//1464 838//1464 837//1464
f 839//1465 836//1465 838//1465
f 838//1466 836//1466 837//1466
f 840//1467 839//1467 841//1467
f 841//1468 839//1468 838//1468
f 754//1469 755//1469 838//1469
f 838//1470 755//1470 841//1470
f 755//1471 760//1471 841//1471
f 841//1472 760//1472 842//1472
f 843//1473 840//1473 842//1473
f 842//1474 840//1474 841//1474
f 766//1475 765//1475 844//1475
f 844//1476 765//1476 845//1476
f 846//1477 847//1477 845//1477
f 845//1478 847//1478 844//1478
f 847//1479 843//1479 844//1479
f 844//1480 843//1480 842//1480
f 760//1481 766//1481 842//1481
f 842//1482 766//1482 844//1482
f 765//1483 771//1483 845//1483
f 845//1484 771//1484 848//1484
f 771//1485 770//1485 848//1485
f 848//1486 770//1486 849//1486
f 850//1487 851//1487 849//1487
f 849//1488 851//1488 848//1488
f 851//1489 846//1489 848//1489
f 848//1490 846//1490 845//1490
f 779//1491 778//1491 852//1491
f 852//1492 778//1492 853//1492
f 854//1493 855//1493 853//1493
f 853//1494 855//1494 852//1494
f 855//1495 856//1495 852//1495
f 852//1496 856//1496 857//1496
f 774//1497 779//1497 857//1497
f 857//1498 779//1498 852//1498
f 783//1499 782//1499 858//1499
f 858//1500 782//1500 859//1500
f 860//1501 861//1501 859//1501
f 859//1502 861//1502 858//1502
f 861//1503 854//1503 858//1503
f 858//1504 854//1504 853//1504
f 778//1505 783//1505 853//1505
f 853//1506 783//1506 858//1506
f 782//1507 787//1507 859//1507
f 859//1508 787//1508 862//1508
f 787//1509 786//1509 862//1509
f 862//1510 786//1510 863//1510
f 864//1511 865//1511 863//1511
f 863//1512 865//1512 862//1512
f 865//1513 860//1513 862//1513
f 862//1514 860//1514 859//1514
f 791//1515 790//1515 866//1515
f 866//1516 790//1516 867//1516
f 868//1517 869//1517 867//1517
f 867//1518 869//1518 866//1518
f 869//1519 864//1519 866//1519
f 866//1520 864//1520 863//1520
f 786//1521 791//1521 863//1521
f 863//1522 791//1522 866//1522
f 795//1523 794//1523 870//1523
f 870//1524 794//1524 871//1524
f 872//1525 873//1525 871//1525
f 871//1526 873//1526 870//1526
f 873//1527 868//1527 870//1527
f 870//1528 868//1528 867//1528
f 867//1529 790//1529 870//1529
f 870//1530 790//1530 795//1530
f 874//1531 872//1531 875//1531
f 875//1532 872//1532 871//1532
f 794//1533 796//1533 871//1533
f 871//1534 796//1534 875//1534
f 799//1535 876//1535 796//1535
f 796//1536 876//1536 875//1536
f 876//1537 877//1537 875//1537
f 875//1538 877//1538 874//1538
f 876//1539 799//1539 878//1539
f 878//1540 799//1540 803//1540
f 802//1541 879//1541 803//1541
f 803//1542 879//1542 878//1542
f 879//1543 880//1543 878//1543
f 878//1544 880//1544 881//1544
f 877//1545 876//1545 881//1545
f 881//1546 876//1546 878//1546
f 882//1547 883//1547 884//1547
f 884//1548 883//1548 885//1548
f 880//1549 879//1549 885//1549
f 885//1550 879//1550 884//1550
f 879//1551 802//1551 884//1551
f 884//1552 802//1552 807//1552
f 805//1553 882//1553 807//1553
f 807//1554 882//1554 884//1554
f 886//1555 887//1555 888//1555
f 888//1556 887//1556 889//1556
f 883//1557 882//1557 889//1557
f 889//1558 882//1558 888//1558
f 882//1559 805//1559 888//1559
f 888//1560 805//1560 811//1560
f 809//1561 886//1561 811//1561
f 811//1562 886//1562 888//1562
f 815//1563 814//1563 890//1563
f 890//1564 814//1564 891//1564
f 887//1565 886//1565 891//1565
f 891//1566 886//1566 890//1566
f 886//1567 809//1567 890//1567
f 890//1568 809//1568 812//1568
f 726//1569 815//1569 812//1569
f 812//1570 815//1570 890//1570
f 892//1571 893//1571 894//1571
f 894//1572 893//1572 895//1572
f 896//1573 897//1573 895//1573
f 895//1574 897//1574 894//1574
f 897//1575 814//1575 894//1575
f 894//1576 814//1576 816//1576
f 819//1577 892//1577 816//1577
f 816//1578 892//1578 894//1578
f 898//1579 899//1579 900//1579
f 900//1580 899//1580 901//1580
f 893//1581 892//1581 901//1581
f 901//1582 892//1582 900//1582
f 892//1583 819//1583 900//1583
f 900//1584 819//1584 823//1584
f 821//1585 898//1585 823//1585
f 823//1586 898//1586 900//1586
f 902//1587 903//1587 904//1587
f 904//1588 903//1588 905//1588
f 903//1589 827//1589 905//1589
f 905//1590 827//1590 828//1590
f 831//1591 906//1591 828//1591
f 828//1592 906//1592 905//1592
f 906//1593 907//1593 905//1593
f 905//1594 907//1594 904//1594
f 908//1595 909//1595 910//1595
f 910//1596 909//1596 911//1596
f 907//1597 906//1597 911//1597
f 911//1598 906//1598 910//1598
f 906//1599 831//1599 910//1599
f 910//1600 831//1600 835//1600
f 833//1601 908//1601 835//1601
f 835//1602 908//1602 910//1602
f 912//1603 909//1603 913//1603
f 913//1604 909//1604 908//1604
f 908//1605 833//1605 913//1605
f 913//1606 833//1606 836//1606
f 836//1607 839//1607 913//1607
f 913//1608 839//1608 914//1608
f 915//1609 912//1609 914//1609
f 914//1610 912//1610 913//1610
f 840//1611 843//1611 916//1611
f 916//1612 843//1612 917//1612
f 918//1613 919//1613 917//1613
f 917//1614 919//1614 916//1614
f 919//1615 915//1615 916//1615
f 916//1616 915//1616 914//1616
f 839//1617 840//1617 914//1617
f 914//1618 840//1618 916//1618
f 847//1619 846//1619 920//1619
f 920//1620 846//1620 921//1620
f 922//1621 923//1621 921//1621
f 921//1622 923//1622 920//1622
f 923//1623 918//1623 920//1623
f 920//1624 918//1624 917//1624
f 843//1625 847//1625 917//1625
f 917//1626 847//1626 920//1626
f 846//1627 851//1627 921//1627
f 921//1628 851//1628 924//1628
f 851//1629 850//1629 924//1629
f 924//1630 850//1630 925//1630
f 926//1631 927//1631 925//1631
f 925//1632 927//1632 924//1632
f 927//1633 922//1633 924//1633
f 924//1634 922//1634 921//1634
f 928//1635 856//1635 929//1635
f 929//1636 856//1636 930//1636
f 931//1637 932//1637 930//1637
f 930//1638 932//1638 929//1638
f 932//1639 926//1639 929//1639
f 929//1640 926//1640 925//1640
f 850//1641 928//1641 925//1641
f 925//1642 928//1642 929//1642
f 855//1643 854//1643 933//1643
f 933//1644 854//1644 934//1644
f 935//1645 936//1645 934//1645
f 934//1646 936//1646 933//1646
f 936//1647 931//1647 933//1647
f 933//1648 931//1648 930//1648
f 856//1649 855//1649 930//1649
f 930//1650 855//1650 933//1650
f 861//1651 860//1651 937//1651
f 937//1652 860//1652 938//1652
f 939//1653 940//1653 938//1653
f 938//1654 940//1654 937//1654
f 940//1655 935//1655 937//1655
f 937//1656 935//1656 934//1656
f 854//1657 861//1657 934//1657
f 934//1658 861//1658 937//1658
f 860//1659 865//1659 938//1659
f 938//1660 865//1660 941//1660
f 865//1661 864//1661 941//1661
f 941//1662 864//1662 942//1662
f 943//1663 944//1663 942//1663
f 942//1664 944//1664 941//1664
f 944//1665 939//1665 941//1665
f 941//1666 939//1666 938//1666
f 869//1667 868//1667 945//1667
f 945//1668 868//1668 946//1668
f 947//1669 948//1669 946//1669
f 946//1670 948//1670 945//1670
f 948//1671 943//1671 945//1671
f 945//1672 943//1672 942//1672
f 864//1673 869//1673 942//1673
f 942//1674 869//1674 945//1674
f 868//1675 873//1675 946//1675
f 946//1676 873//1676 949//1676
f 873//1677 872//1677 949//1677
f 949//1678 872//1678 950//1678
f 951//1679 952//1679 950//1679
f 950//1680 952//1680 949//1680
f 952//1681 947//1681 949//1681
f 949//1682 947//1682 946//1682
f 872//1683 874//1683 950//1683
f 950//1684 874//1684 953//1684
f 877//1685 954//1685 874//1685
f 874//1686 954//1686 953//1686
f 954//1687 955//1687 953//1687
f 953//1688 955//1688 956//1688
f 956//1689 951//1689 953//1689
f 953//1690 951//1690 950//1690
f 957//1691 958//1691 959//1691
f 959//1692 958//1692 960//1692
f 955//1693 954//1693 960//1693
f 960//1694 954//1694 959//1694
f 954//1695 877//1695 959//1695
f 959//1696 877//1696 881//1696
f 880//1697 957//1697 881//1697
f 881//1698 957//1698 959//1698
f 961//1699 962//1699 963//1699
f 963//1700 962//1700 964//1700
f 958//1701 957//1701 964//1701
f 964//1702 957//1702 963//1702
f 957//1703 880//1703 963//1703
f 963//1704 880//1704 885//1704
f 883//1705 961//1705 885//1705
f 885//1706 961//1706 963//1706
f 965//1707 966//1707 967//1707
f 967//1708 966//1708 968//1708
f 962//1709 961//1709 968//1709
f 968//1710 961//1710 967//1710
f 961//1711 883//1711 967//1711
f 967//1712 883//1712 889//1712
f 887//1713 965//1713 889//1713
f 889//1714 965//1714 967//1714
f 897//1715 896//1715 969//1715
f 969//1716 896//1716 970//1716
f 966//1717 965//1717 970//1717
f 970//1718 965//1718 969//1718
f 965//1719 887//1719 969//1719
f 969//1720 887//1720 891//1720
f 814//1721 897//1721 891//1721
f 891//1722 897//1722 969//1722
f 971//1723 972//1723 973//1723
f 973//1724 972//1724 974//1724
f 972//1725 896//1725 974//1725
f 974//1726 896//1726 895//1726
f 893//1727 975//1727 895//1727
f 895//1728 975//1728 974//1728
f 975//1729 976//1729 974//1729
f 974//1730 976//1730 973//1730
f 977//1731 978//1731 979//1731
f 979//1732 978//1732 980//1732
f 976//1733 975//1733 980//1733
f 980//1734 975//1734 979//1734
f 975//1735 893//1735 979//1735
f 979//1736 893//1736 901//1736
f 899//1737 977//1737 901//1737
f 901//1738 977//1738 979//1738
f 981//1739 982//1739 983//1739
f 983//1740 982//1740 984//1740
f 985//1741 986//1741 984//1741
f 984//1742 986//1742 983//1742
f 986//1743 902//1743 983//1743
f 983//1744 902//1744 904//1744
f 907//1745 981//1745 904//1745
f 904//1746 981//1746 983//1746
f 982//1747 981//1747 987//1747
f 987//1748 981//1748 988//1748
f 981//1749 907//1749 988//1749
f 988//1750 907//1750 911//1750
f 909//1751 989//1751 911//1751
f 911//1752 989//1752 988//1752
f 989//1753 990//1753 988//1753
f 988//1754 990//1754 987//1754
f 991//1755 990//1755 992//1755
f 992//1756 990//1756 989//1756
f 909//1757 912//1757 989//1757
f 989//1758 912//1758 992//1758
f 912//1759 915//1759 992//1759
f 992//1760 915//1760 993//1760
f 994//1761 991//1761 993//1761
f 993//1762 991//1762 992//1762
f 919//1763 918//1763 995//1763
f 995//1764 918//1764 996//1764
f 997//1765 998//1765 996//1765
f 996//1766 998//1766 995//1766
f 998//1767 994//1767 995//1767
f 995//1768 994//1768 993//1768
f 915//1769 919//1769 993//1769
f 993//1770 919//1770 995//1770
f 923//1771 922//1771 999//1771
f 999//1772 922//1772 1000//1772
f 1001//1773 1002//1773 1000//1773
f 1000//1774 1002//1774 999//1774
f 1002//1775 997//1775 999//1775
f 999//1776 997//1776 996//1776
f 918//1777 923//1777 996//1777
f 996//1778 923//1778 999//1778
f 927//1779 926//1779 1003//1779
f 1003//1780 926//1780 1004//1780
f 1005//1781 1006//1781 1004//1781
f 1004//1782 1006//1782 1003//1782
f 1006//1783 1001//1783 1003//1783
f 1003//1784 1001//1784 1000//1784
f 922//1785 927//1785 1000//1785
f 1000//1786 927//1786 1003//1786
f 932//1787 931//1787 1007//1787
f 1007//1788 931//1788 1008//1788
f 1009//1789 1010//1789 1008//1789
f 1008//1790 1010//1790 1007//1790
f 1010//1791 1005//1791 1007//1791
f 1007//1792 1005//1792 1004//1792
f 926//1793 932//1793 1004//1793
f 1004//1794 932//1794 1007//1794
f 936//1795 935//1795 1011//1795
f 1011//1796 935//1796 1012//1796
f 1013//1797 1014//1797 1012//1797
f 1012//1798 1014//1798 1011//1798
f 1014//1799 1009//1799 1011//1799
f 1011//1800 1009//1800 1008//1800
f 931//1801 936//1801 1008//1801
f 1008//1802 936//1802 1011//1802
f 940//1803 939//1803 1015//1803
f 1015//1804 939//1804 1016//1804
f 1017//1805 1018//1805 1016//1805
f 1016//1806 1018//1806 1015//1806
f 1018//1807 1013//1807 1015//1807
f 1015//1808 1013//1808 1012//1808
f 935//1809 940//1809 1012//1809
f 1012//1810 940//1810 1015//1810
f 939//1811 944//1811 1016//1811
f 1016//1812 944//1812 1019//1812
f 944//1813 943//1813 1019//1813
f 1019//1814 943//1814 1020//1814
f 1021//1815 1022//1815 1020//1815
f 1020//1816 1022//1816 1019//1816
f 1022//1817 1017//1817 1019//1817
f 1019//1818 1017//1818 1016//1818
f 948//1819 947//1819 1023//1819
f 1023//1820 947//1820 1024//1820
f 1025//1821 1026//1821 1024//1821
f 1024//1822 1026//1822 1023//1822
f 1026//1823 1021//1823 1023//1823
f 1023//1824 1021//1824 1020//1824
f 943//1825 948//1825 1020//1825
f 1020//1826 948//1826 1023//1826
f 947//1827 952//1827 1024//1827
f 1024//1828 952//1828 1027//1828
f 952//1829 951//1829 1027//1829
f 1027//1830 951//1830 1028//1830
f 1029//1831 1030//1831 1028//1831
f 1028//1832 1030//1832 1027//1832
f 1030//1833 1025//1833 1027//1833
f 1027//1834 1025//1834 1024//1834
f 951//1835 956//1835 1028//1835
f 1028//1836 956//1836 1031//1836
f 955//1837 1032//1837 956//1837
f 956//1838 1032//1838 1031//1838
f 1032//1839 1033//1839 1031//1839
f 1031//1840 1033//1840 1034//1840
f 1034//1841 1029//1841 1031//1841
f 1031//1842 1029//1842 1028//1842
f 1035//1843 1036//1843 1037//1843
f 1037//1844 1036//1844 1038//1844
f 1033//1845 1032//1845 1038//1845
f 1038//1846 1032//1846 1037//1846
f 1032//1847 955//1847 1037//1847
f 1037//1848 955//1848 960//1848
f 958//1849 1035//1849 960//1849
f 960//1850 1035//1850 1037//1850
f 1039//1851 1040//1851 1041//1851
f 1041//1852 1040//1852 1042//1852
f 1036//1853 1035//1853 1042//1853
f 1042//1854 1035//1854 1041//1854
f 1035//1855 958//1855 1041//1855
f 1041//1856 958//1856 964//1856
f 962//1857 1039//1857 964//1857
f 964//1858 1039//1858 1041//1858
f 1040//1859 1039//1859 1043//1859
f 1043//1860 1039//1860 1044//1860
f 1039//1861 962//1861 1044//1861
f 1044//1862 962//1862 968//1862
f 966//1863 1045//1863 968//1863
f 968//1864 1045//1864 1044//1864
f 1045//1865 1046//1865 1044//1865
f 1044//1866 1046//1866 1043//1866
f 972//1867 971//1867 1047//1867
f 1047//1868 971//1868 1048//1868
f 1046//1869 1045//1869 1048//1869
f 1048//1870 1045//1870 1047//1870
f 1045//1871 966//1871 1047//1871
f 1047//1872 966//1872 970//1872
f 896//1873 972//1873 970//1873
f 970//1874 972//1874 1047//1874
f 1049//1875 1050//1875 1051//1875
f 1051//1876 1050//1876 1052//1876
f 1050//1877 971//1877 1052//1877
f 1052//1878 971//1878 973//1878
f 976//1879 1053//1879 973//1879
f 973//1880 1053//1880 1052//1880
f 1053//1881 1054//1881 1052//1881
f 1052//1882 1054//1882 1051//1882
f 1055//1883 1056//1883 1057//1883
f 1057//1884 1056//1884 1058//1884
f 1054//1885 1053//1885 1058//1885
f 1058//1886 1053//1886 1057//1886
f 1053//1887 976//1887 1057//1887
f 1057//1888 976//1888 980//1888
f 978//1889 1055//1889 980//1889
f 980//1890 1055//1890 1057//1890
f 1059//1891 1060//1891 1061//1891
f 1061//1892 1060//1892 1062//1892
f 1060//1893 985//1893 1062//1893
f 1062//1894 985//1894 984//1894
f 982//1895 1063//1895 984//1895
f 984//1896 1063//1896 1062//1896
f 1064//1897 1061//1897 1063//1897
f 1063//1898 1061//1898 1062//1898
f 1065//1899 1064//1899 1066//1899
f 1066//1900 1064//1900 1063//1900
f 1063//1901 982//1901 1066//1901
f 1066//1902 982//1902 987//1902
f 987//1903 990//1903 1066//1903
f 1066//1904 990//1904 1067//1904
f 1068//1905 1065//1905 1067//1905
f 1067//1906 1065//1906 1066//1906
f 1069//1907 1068//1907 1070//1907
f 1070//1908 1068//1908 1067//1908
f 990//1909 991//1909 1067//1909
f 1067//1910 991//1910 1070//1910
f 991//1911 994//1911 1070//1911
f 1070//1912 994//1912 1071//1912
f 1072//1913 1069//1913 1071//1913
f 1071//1914 1069//1914 1070//1914
f 998//1915 997//1915 1073//1915
f 1073//1916 997//1916 1074//1916
f 1075//1917 1076//1917 1074//1917
f 1074//1918 1076//1918 1073//1918
f 1076//1919 1072//1919 1073//1919
f 1073//1920 1072//1920 1071//1920
f 994//1921 998//1921 1071//1921
f 1071//1922 998//1922 1073//1922
f 1002//1923 1001//1923 1077//1923
f 1077//1924 1001//1924 1078//1924
f 1079//1925 1080//1925 1078//1925
f 1078//1926 1080//1926 1077//1926
f 1080//1927 1075//1927 1077//1927
f 1077//1928 1075//1928 1074//1928
f 997//1929 1002//1929 1074//1929
f 1074//1930 1002//1930 1077//1930
f 1006//1931 1005//1931 1081//1931
f 1081//1932 1005//1932 1082//1932
f 1083//1933 1084//1933 1082//1933
f 1082//1934 1084//1934 1081//1934
f 1084//1935 1079//1935 1081//1935
f 1081//1936 1079//1936 1078//1936
f 1001//1937 1006//1937 1078//1937
f 1078//1938 1006//1938 1081//1938
f 1010//1939 1009//1939 1085//1939
f 1085//1940 1009//1940 1086//1940
f 1087//1941 1088//1941 1086//1941
f 1086//1942 1088//1942 1085//1942
f 1088//1943 1083//1943 1085//1943
f 1085//1944 1083//1944 1082//1944
f 1005//1945 1010//1945 1082//1945
f 1082//1946 1010//1946 1085//1946
f 1014//1947 1013//1947 1089//1947
f 1089//1948 1013//1948 1090//1948
f 1091//1949 1092//1949 1090//1949
f 1090//1950 1092//1950 1089//1950
f 1092//1951 1087//1951 1089//1951
f 1089//1952 1087//1952 1086//1952
f 1009//1953 1014//1953 1086//1953
f 1086//1954 1014//1954 1089//1954
f 1018//1955 1017//1955 1093//1955
f 1093//1956 1017//1956 1094//1956
f 1095//1957 1096//1957 1094//1957
f 1094//1958 1096//1958 1093//1958
f 1096//1959 1091//1959 1093//1959
f 1093//1960 1091//1960 1090//1960
f 1013//1961 1018//1961 1090//1961
f 1090//1962 1018//1962 1093//1962
f 1017//1963 1022//1963 1094//1963
f 1094//1964 1022//1964 1097//1964
f 1022//1965 1021//1965 1097//1965
f 1097//1966 1021//1966 1098//1966
f 1099//1967 1100//1967 1098//1967
f 1098//1968 1100//1968 1097//1968
f 1100//1969 1095//1969 1097//1969
f 1097//1970 1095//1970 1094//1970
f 1026//1971 1025//1971 1101//1971
f 1101//1972 1025//1972 1102//1972
f 1103//1973 1104//1973 1102//1973
f 1102//1974 1104//1974 1101//1974
f 1104//1975 1099//1975 1101//1975
f 1101//1976 1099//1976 1098//1976
f 1021//1977 1026//1977 1098//1977
f 1098//1978 1026//1978 1101//1978
f 1025//1979 1030//1979 1102//1979
f 1102//1980 1030//1980 1105//1980
f 1030//1981 1029//1981 1105//1981
f 1105//1982 1029//1982 1106//1982
f 1107//1983 1108//1983 1106//1983
f 1106//1984 1108//1984 1105//1984
f 1108//1985 1103//1985 1105//1985
f 1105//1986 1103//1986 1102//1986
f 1029//1987 1034//1987 1106//1987
f 1106//1988 1034//1988 1109//1988
f 1033//1989 1110//1989 1034//1989
f 1034//1990 1110//1990 1109//1990
f 1110//1991 1111//1991 1109//1991
f 1109//1992 1111//1992 1112//1992
f 1112//1993 1107//1993 1109//1993
f 1109//1994 1107//1994 1106//1994
f 1113//1995 1114//1995 1115//1995
f 1115//1996 1114//1996 1116//1996
f 1111//1997 1110//1997 1116//1997
f 1116//1998 1110//1998 1115//1998
f 1110//1999 1033//1999 1115//1999
f 1115//2000 1033//2000 1038//2000
f 1036//2001 1113//2001 1038//2001
f 1038//2002 1113//2002 1115//2002
f 1117//2003 1118//2003 1119//2003
f 1119//2004 1118//2004 1120//2004
f 1114//2005 1113//2005 1120//2005
f 1120//2006 1113//2006 1119//2006
f 1113//2007 1036//2007 1119//2007
f 1119//2008 1036//2008 1042//2008
f 1040//2009 1117//2009 1042//2009
f 1042//2010 1117//2010 1119//2010
f 1118//2011 1117//2011 1121//2011
f 1121//2012 1117//2012 1122//2012
f 1117//2013 1040//2013 1122//2013
f 1122//2014 1040//2014 1043//2014
f 1046//2015 1123//2015 1043//2015
f 1043//2016 1123//2016 1122//2016
f 1123//2017 1124//2017 1122//2017
f 1122//2018 1124//2018 1121//2018
f 1050//2019 1049//2019 1125//2019
f 1125//2020 1049//2020 1126//2020
f 1124//2021 1123//2021 1126//2021
f 1126//2022 1123//2022 1125//2022
f 1123//2023 1046//2023 1125//2023
f 1125//2024 1046//2024 1048//2024
f 971//2025 1050//2025 1048//2025
f 1048//2026 1050//2026 1125//2026
f 1127//2027 1128//2027 1129//2027
f 1129//2028 1128//2028 1130//2028
f 1054//2029 1058//2029 1130//2029
f 1130//2030 1058//2030 1129//2030
f 1058//2031 1056//2031 1129//2031
f 1129//2032 1056//2032 1131//2032
f 1132//2033 1127//2033 1131//2033
f 1131//2034 1127//2034 1129//2034
f 1133//2035 1132//2035 1134//2035
f 1134//2036 1132//2036 1131//2036
f 1056//2037 1135//2037 1131//2037
f 1131//2038 1135//2038 1134//2038
f 1135//2039 1059//2039 1134//2039
f 1134//2040 1059//2040 1136//2040
f 1137//2041 1133//2041 1136//2041
f 1136//2042 1133//2042 1134//2042
f 1138//2043 1139//2043 1140//2043
f 1140//2044 1139//2044 1141//2044
f 1139//2045 1137//2045 1141//2045
f 1141//2046 1137//2046 1136//2046
f 1059//2047 1061//2047 1136//2047
f 1136//2048 1061//2048 1141//2048
f 1061//2049 1064//2049 1141//2049
f 1141//2050 1064//2050 1140//2050
f 1142//2051 1143//2051 1144//2051
f 1144//2052 1143//2052 1145//2052
f 1143//2053 1138//2053 1145//2053
f 1145//2054 1138//2054 1140//2054
f 1064//2055 1065//2055 1140//2055
f 1140//2056 1065//2056 1145//2056
f 1065//2057 1068//2057 1145//2057
f 1145//2058 1068//2058 1144//2058
f 1146//2059 1147//2059 1148//2059
f 1148//2060 1147//2060 1149//2060
f 1147//2061 1142//2061 1149//2061
f 1149//2062 1142//2062 1144//2062
f 1068//2063 1069//2063 1144//2063
f 1144//2064 1069//2064 1149//2064
f 1069//2065 1072//2065 1149//2065
f 1149//2066 1072//2066 1148//2066
f 1076//2067 1075//2067 1150//2067
f 1150//2068 1075//2068 1151//2068
f 1151//2069 1152//2069 1150//2069
f 1150//2070 1152//2070 1153//2070
f 1153//2071 1146//2071 1150//2071
f 1150//2072 1146//2072 1148//2072
f 1072//2073 1076//2073 1148//2073
f 1148//2074 1076//2074 1150//2074
f 1075//2075 1080//2075 1151//2075
f 1151//2076 1080//2076 1154//2076
f 1080//2077 1079//2077 1154//2077
f 1154//2078 1079//2078 1155//2078
f 1155//2079 1156//2079 1154//2079
f 1154//2080 1156//2080 1157//2080
f 1152//2081 1151//2081 1157//2081
f 1157//2082 1151//2082 1154//2082
f 1155//2083 1079//2083 1158//2083
f 1158//2084 1079//2084 1084//2084
f 1083//2085 1159//2085 1084//2085
f 1084//2086 1159//2086 1158//2086
f 1159//2087 1160//2087 1158//2087
f 1158//2088 1160//2088 1161//2088
f 1156//2089 1155//2089 1161//2089
f 1161//2090 1155//2090 1158//2090
f 1162//2091 1087//2091 1163//2091
f 1163//2092 1087//2092 1092//2092
f 1091//2093 1164//2093 1092//2093
f 1092//2094 1164//2094 1163//2094
f 1164//2095 1165//2095 1163//2095
f 1163//2096 1165//2096 1166//2096
f 1167//2097 1162//2097 1166//2097
f 1166//2098 1162//2098 1163//2098
f 1164//2099 1091//2099 1168//2099
f 1168//2100 1091//2100 1096//2100
f 1095//2101 1169//2101 1096//2101
f 1096//2102 1169//2102 1168//2102
f 1169//2103 1170//2103 1168//2103
f 1168//2104 1170//2104 1171//2104
f 1165//2105 1164//2105 1171//2105
f 1171//2106 1164//2106 1168//2106
f 1169//2107 1095//2107 1172//2107
f 1172//2108 1095//2108 1100//2108
f 1099//2109 1173//2109 1100//2109
f 1100//2110 1173//2110 1172//2110
f 1173//2111 1174//2111 1172//2111
f 1172//2112 1174//2112 1175//2112
f 1170//2113 1169//2113 1175//2113
f 1175//2114 1169//2114 1172//2114
f 1099//2115 1104//2115 1173//2115
f 1173//2116 1104//2116 1176//2116
f 1104//2117 1103//2117 1176//2117
f 1176//2118 1103//2118 1177//2118
f 1177//2119 1178//2119 1176//2119
f 1176//2120 1178//2120 1179//2120
f 1174//2121 1173//2121 1179//2121
f 1179//2122 1173//2122 1176//2122
f 1103//2123 1108//2123 1177//2123
f 1177//2124 1108//2124 1180//2124
f 1108//2125 1107//2125 1180//2125
f 1180//2126 1107//2126 1181//2126
f 1182//2127 1183//2127 1181//2127
f 1181//2128 1183//2128 1180//2128
f 1183//2129 1178//2129 1180//2129
f 1180//2130 1178//2130 1177//2130
f 1181//2131 1107//2131 1184//2131
f 1184//2132 1107//2132 1112//2132
f 1111//2133 1185//2133 1112//2133
f 1112//2134 1185//2134 1184//2134
f 1185//2135 1186//2135 1184//2135
f 1184//2136 1186//2136 1187//2136
f 1182//2137 1181//2137 1187//2137
f 1187//2138 1181//2138 1184//2138
f 1188//2139 1189//2139 1190//2139
f 1190//2140 1189//2140 1191//2140
f 1186//2141 1185//2141 1191//2141
f 1191//2142 1185//2142 1190//2142
f 1185//2143 1111//2143 1190//2143
f 1190//2144 1111//2144 1116//2144
f 1114//2145 1188//2145 1116//2145
f 1116//2146 1188//2146 1190//2146
f 1192//2147 1193//2147 1194//2147
f 1194//2148 1193//2148 1195//2148
f 1189//2149 1188//2149 1195//2149
f 1195//2150 1188//2150 1194//2150
f 1188//2151 1114//2151 1194//2151
f 1194//2152 1114//2152 1120//2152
f 1118//2153 1192//2153 1120//2153
f 1120//2154 1192//2154 1194//2154
f 1196//2155 1193//2155 1197//2155
f 1197//2156 1193//2156 1192//2156
f 1192//2157 1118//2157 1197//2157
f 1197//2158 1118//2158 1121//2158
f 1121//2159 1124//2159 1197//2159
f 1197//2160 1124//2160 1198//2160
f 1199//2161 1196//2161 1198//2161
f 1198//2162 1196//2162 1197//2162
f 1200//2163 1199//2163 1201//2163
f 1201//2164 1199//2164 1198//2164
f 1124//2165 1126//2165 1198//2165
f 1198//2166 1126//2166 1201//2166
f 1126//2167 1049//2167 1201//2167
f 1201//2168 1049//2168 1202//2168
f 1203//2169 1200//2169 1202//2169
f 1202//2170 1200//2170 1201//2170
f 1204//2171 1205//2171 1206//2171
f 1206//2172 1205//2172 1207//2172
f 1203//2173 1208//2173 1207//2173
f 1207//2174 1208//2174 1206//2174
f 1208//2175 1128//2175 1206//2175
f 1206//2176 1128//2176 1209//2176
f 1210//2177 1204//2177 1209//2177
f 1209//2178 1204//2178 1206//2178
f 1211//2179 1210//2179 1212//2179
f 1212//2180 1210//2180 1209//2180
f 1128//2181 1127//2181 1209//2181
f 1209//2182 1127//2182 1212//2182
f 1127//2183 1132//2183 1212//2183
f 1212//2184 1132//2184 1213//2184
f 1214//2185 1211//2185 1213//2185
f 1213//2186 1211//2186 1212//2186
f 1215//2187 1214//2187 1216//2187
f 1216//2188 1214//2188 1213//2188
f 1132//2189 1133//2189 1213//2189
f 1213//2190 1133//2190 1216//2190
f 1133//2191 1137//2191 1216//2191
f 1216//2192 1137//2192 1217//2192
f 1218//2193 1215//2193 1217//2193
f 1217//2194 1215//2194 1216//2194
f 1219//2195 1220//2195 1221//2195
f 1221//2196 1220//2196 1222//2196
f 1220//2197 1218//2197 1222//2197
f 1222//2198 1218//2198 1217//2198
f 1137//2199 1139//2199 1217//2199
f 1217//2200 1139//2200 1222//2200
f 1139//2201 1138//2201 1222//2201
f 1222//2202 1138//2202 1221//2202
f 1223//2203 1219//2203 1224//2203
f 1224//2204 1219//2204 1221//2204
f 1138//2205 1143//2205 1221//2205
f 1221//2206 1143//2206 1224//2206
f 1143//2207 1142//2207 1224//2207
f 1224//2208 1142//2208 1225//2208
f 1226//2209 1223//2209 1225//2209
f 1225//2210 1223//2210 1224//2210
f 1227//2211 1226//2211 1228//2211
f 1228//2212 1226//2212 1225//2212
f 1142//2213 1147//2213 1225//2213
f 1225//2214 1147//2214 1228//2214
f 1147//2215 1146//2215 1228//2215
f 1228//2216 1146//2216 1229//2216
f 1230//2217 1227//2217 1229//2217
f 1229//2218 1227//2218 1228//2218
f 1231//2219 1152//2219 1232//2219
f 1232//2220 1152//2220 1157//2220
f 1156//2221 1233//2221 1157//2221
f 1157//2222 1233//2222 1232//2222
f 1233//2223 1234//2223 1232//2223
f 1232//2224 1234//2224 1235//2224
f 1235//2225 1236//2225 1232//2225
f 1232//2226 1236//2226 1231//2226
f 1233//2227 1156//2227 1237//2227
f 1237//2228 1156//2228 1161//2228
f 1160//2229 1238//2229 1161//2229
f 1161//2230 1238//2230 1237//2230
f 1238//2231 1239//2231 1237//2231
f 1237//2232 1239//2232 1240//2232
f 1234//2233 1233//2233 1240//2233
f 1240//2234 1233//2234 1237//2234
f 1238//2235 1160//2235 1241//2235
f 1241//2236 1160//2236 1242//2236
f 1167//2237 1243//2237 1242//2237
f 1242//2238 1243//2238 1241//2238
f 1243//2239 1244//2239 1241//2239
f 1241//2240 1244//2240 1245//2240
f 1239//2241 1238//2241 1245//2241
f 1245//2242 1238//2242 1241//2242
f 1243//2243 1167//2243 1246//2243
f 1246//2244 1167//2244 1166//2244
f 1165//2245 1247//2245 1166//2245
f 1166//2246 1247//2246 1246//2246
f 1247//2247 1248//2247 1246//2247
f 1246//2248 1248//2248 1249//2248
f 1244//2249 1243//2249 1249//2249
f 1249//2250 1243//2250 1246//2250
f 1247//2251 1165//2251 1250//2251
f 1250//2252 1165//2252 1171//2252
f 1170//2253 1251//2253 1171//2253
f 1171//2254 1251//2254 1250//2254
f 1251//2255 1252//2255 1250//2255
f 1250//2256 1252//2256 1253//2256
f 1248//2257 1247//2257 1253//2257
f 1253//2258 1247//2258 1250//2258
f 1251//2259 1170//2259 1254//2259
f 1254//2260 1170//2260 1175//2260
f 1174//2261 1255//2261 1175//2261
f 1175//2262 1255//2262 1254//2262
f 1255//2263 1256//2263 1254//2263
f 1254//2264 1256//2264 1257//2264
f 1252//2265 1251//2265 1257//2265
f 1257//2266 1251//2266 1254//2266
f 1255//2267 1174//2267 1258//2267
f 1258//2268 1174//2268 1179//2268
f 1178//2269 1259//2269 1179//2269
f 1179//2270 1259//2270 1258//2270
f 1259//2271 1260//2271 1258//2271
f 1258//2272 1260//2272 1261//2272
f 1256//2273 1255//2273 1261//2273
f 1261//2274 1255//2274 1258//2274
f 1259//2275 1178//2275 1262//2275
f 1262//2276 1178//2276 1183//2276
f 1182//2277 1263//2277 1183//2277
f 1183//2278 1263//2278 1262//2278
f 1263//2279 1264//2279 1262//2279
f 1262//2280 1264//2280 1265//2280
f 1260//2281 1259//2281 1265//2281
f 1265//2282 1259//2282 1262//2282
f 1263//2283 1182//2283 1266//2283
f 1266//2284 1182//2284 1187//2284
f 1186//2285 1267//2285 1187//2285
f 1187//2286 1267//2286 1266//2286
f 1267//2287 1268//2287 1266//2287
f 1266//2288 1268//2288 1269//2288
f 1264//2289 1263//2289 1269//2289
f 1269//2290 1263//2290 1266//2290
f 1270//2291 1268//2291 1271//2291
f 1271//2292 1268//2292 1267//2292
f 1186//2293 1191//2293 1267//2293
f 1267//2294 1191//2294 1271//2294
f 1191//2295 1189//2295 1271//2295
f 1271//2296 1189//2296 1272//2296
f 1273//2297 1270//2297 1272//2297
f 1272//2298 1270//2298 1271//2298
f 1274//2299 1273//2299 1275//2299
f 1275//2300 1273//2300 1272//2300
f 1189//2301 1195//2301 1272//2301
f 1272//2302 1195//2302 1275//2302
f 1195//2303 1193//2303 1275//2303
f 1275//2304 1193//2304 1276//2304
f 1277//2305 1274//2305 1276//2305
f 1276//2306 1274//2306 1275//2306
f 1278//2307 1277//2307 1279//2307
f 1279//2308 1277//2308 1276//2308
f 1193//2309 1196//2309 1276//2309
f 1276//2310 1196//2310 1279//2310
f 1196//2311 1199//2311 1279//2311
f 1279//2312 1199//2312 1280//2312
f 1281//2313 1278//2313 1280//2313
f 1280//2314 1278//2314 1279//2314
f 1282//2315 1281//2315 1283//2315
f 1283//2316 1281//2316 1280//2316
f 1199//2317 1200//2317 1280//2317
f 1280//2318 1200//2318 1283//2318
f 1200//2319 1203//2319 1283//2319
f 1283//2320 1203//2320 1207//2320
f 1205//2321 1282//2321 1207//2321
f 1207//2322 1282//2322 1283//2322
f 1284//2323 1285//2323 1286//2323
f 1286//2324 1285//2324 1287//2324
f 1205//2325 1204//2325 1287//2325
f 1287//2326 1204//2326 1286//2326
f 1204//2327 1210//2327 1286//2327
f 1286//2328 1210//2328 1288//2328
f 1289//2329 1284//2329 1288//2329
f 1288//2330 1284//2330 1286//2330
f 1290//2331 1289//2331 1291//2331
f 1291//2332 1289//2332 1288//2332
f 1210//2333 1211//2333 1288//2333
f 1288//2334 1211//2334 1291//2334
f 1211//2335 1214//2335 1291//2335
f 1291//2336 1214//2336 1292//2336
f 1293//2337 1290//2337 1292//2337
f 1292//2338 1290//2338 1291//2338
f 1294//2339 1293//2339 1295//2339
f 1295//2340 1293//2340 1292//2340
f 1214//2341 1215//2341 1292//2341
f 1292//2342 1215//2342 1295//2342
f 1215//2343 1218//2343 1295//2343
f 1295//2344 1218//2344 1296//2344
f 1297//2345 1294//2345 1296//2345
f 1296//2346 1294//2346 1295//2346
f 1298//2347 1297//2347 1299//2347
f 1299//2348 1297//2348 1296//2348
f 1218//2349 1220//2349 1296//2349
f 1296//2350 1220//2350 1299//2350
f 1220//2351 1219//2351 1299//2351
f 1299//2352 1219//2352 1300//2352
f 1301//2353 1298//2353 1300//2353
f 1300//2354 1298//2354 1299//2354
f 1302//2355 1303//2355 1304//2355
f 1304//2356 1303//2356 1305//2356
f 1303//2357 1301//2357 1305//2357
f 1305//2358 1301//2358 1300//2358
f 1219//2359 1223//2359 1300//2359
f 1300//2360 1223//2360 1305//2360
f 1223//2361 1226//2361 1305//2361
f 1305//2362 1226//2362 1304//2362
f 1234//2363 1306//2363 1235//2363
f 1235//2364 1306//2364 1307//2364
f 1308//2365 1309//2365 1306//2365
f 1306//2366 1309//2366 1307//2366
f 1309//2367 1310//2367 1307//2367
f 1307//2368 1310//2368 1311//2368
f 1236//2369 1235//2369 1311//2369
f 1311//2370 1235//2370 1307//2370
f 1306//2371 1234//2371 1312//2371
f 1312//2372 1234//2372 1240//2372
f 1239//2373 1313//2373 1240//2373
f 1240//2374 1313//2374 1312//2374
f 1313//2375 1314//2375 1312//2375
f 1312//2376 1314//2376 1315//2376
f 1308//2377 1306//2377 1315//2377
f 1315//2378 1306//2378 1312//2378
f 1313//2379 1239//2379 1316//2379
f 1316//2380 1239//2380 1245//2380
f 1244//2381 1317//2381 1245//2381
f 1245//2382 1317//2382 1316//2382
f 1317//2383 1318//2383 1316//2383
f 1316//2384 1318//2384 1319//2384
f 1314//2385 1313//2385 1319//2385
f 1319//2386 1313//2386 1316//2386
f 1317//2387 1244//2387 1320//2387
f 1320//2388 1244//2388 1249//2388
f 1248//2389 1321//2389 1249//2389
f 1249//2390 1321//2390 1320//2390
f 1321//2391 1322//2391 1320//2391
f 1320//2392 1322//2392 1323//2392
f 1318//2393 1317//2393 1323//2393
f 1323//2394 1317//2394 1320//2394
f 1321//2395 1248//2395 1324//2395
f 1324//2396 1248//2396 1253//2396
f 1252//2397 1325//2397 1253//2397
f 1253//2398 1325//2398 1324//2398
f 1325//2399 1326//2399 1324//2399
f 1324//2400 1326//2400 1327//2400
f 1322//2401 1321//2401 1327//2401
f 1327//2402 1321//2402 1324//2402
f 1325//2403 1252//2403 1328//2403
f 1328//2404 1252//2404 1257//2404
f 1256//2405 1329//2405 1257//2405
f 1257//2406 1329//2406 1328//2406
f 1329//2407 1330//2407 1328//2407
f 1328//2408 1330//2408 1331//2408
f 1326//2409 1325//2409 1331//2409
f 1331//2410 1325//2410 1328//2410
f 1329//2411 1256//2411 1332//2411
f 1332//2412 1256//2412 1261//2412
f 1260//2413 1333//2413 1261//2413
f 1261//2414 1333//2414 1332//2414
f 1333//2415 1334//2415 1332//2415
f 1332//2416 1334//2416 1335//2416
f 1330//2417 1329//2417 1335//2417
f 1335//2418 1329//2418 1332//2418
f 1333//2419 1260//2419 1336//2419
f 1336//2420 1260//2420 1265//2420
f 1264//2421 1337//2421 1265//2421
f 1265//2422 1337//2422 1336//2422
f 1337//2423 1338//2423 1336//2423
f 1336//2424 1338//2424 1339//2424
f 1334//2425 1333//2425 1339//2425
f 1339//2426 1333//2426 1336//2426
f 1337//2427 1264//2427 1340//2427
f 1340//2428 1264//2428 1269//2428
f 1268//2429 1341//2429 1269//2429
f 1269//2430 1341//2430 1340//2430
f 1341//2431 1342//2431 1340//2431
f 1340//2432 1342//2432 1343//2432
f 1338//2433 1337//2433 1343//2433
f 1343//2434 1337//2434 1340//2434
f 1344//2435 1342//2435 1345//2435
f 1345//2436 1342//2436 1341//2436
f 1268//2437 1270//2437 1341//2437
f 1341//2438 1270//2438 1345//2438
f 1270//2439 1273//2439 1345//2439
f 1345//2440 1273//2440 1346//2440
f 1347//2441 1344//2441 1346//2441
f 1346//2442 1344//2442 1345//2442
f 1348//2443 1347//2443 1349//2443
f 1349//2444 1347//2444 1346//2444
f 1273//2445 1274//2445 1346//2445
f 1346//2446 1274//2446 1349//2446
f 1274//2447 1277//2447 1349//2447
f 1349//2448 1277//2448 1350//2448
f 1351//2449 1348//2449 1350//2449
f 1350//2450 1348//2450 1349//2450
f 1352//2451 1351//2451 1353//2451
f 1353//2452 1351//2452 1350//2452
f 1277//2453 1278//2453 1350//2453
f 1350//2454 1278//2454 1353//2454
f 1278//2455 1281//2455 1353//2455
f 1353//2456 1281//2456 1354//2456
f 1355//2457 1352//2457 1354//2457
f 1354//2458 1352//2458 1353//2458
f 1356//2459 1355//2459 1357//2459
f 1357//2460 1355//2460 1354//2460
f 1281//2461 1282//2461 1354//2461
f 1354//2462 1282//2462 1357//2462
f 1282//2463 1205//2463 1357//2463
f 1357//2464 1205//2464 1287//2464
f 1285//2465 1356//2465 1287//2465
f 1287//2466 1356//2466 1357//2466
f 1358//2467 1359//2467 1360//2467
f 1360//2468 1359//2468 1361//2468
f 1285//2469 1284//2469 1361//2469
f 1361//2470 1284//2470 1360//2470
f 1284//2471 1289//2471 1360//2471
f 1360//2472 1289//2472 1362//2472
f 1363//2473 1358//2473 1362//2473
f 1362//2474 1358//2474 1360//2474
f 1364//2475 1363//2475 1365//2475
f 1365//2476 1363//2476 1362//2476
f 1289//2477 1290//2477 1362//2477
f 1362//2478 1290//2478 1365//2478
f 1290//2479 1293//2479 1365//2479
f 1365//2480 1293//2480 1366//2480
f 1367//2481 1364//2481 1366//2481
f 1366//2482 1364//2482 1365//2482
f 1368//2483 1367//2483 1369//2483
f 1369//2484 1367//2484 1366//2484
f 1293//2485 1294//2485 1366//2485
f 1366//2486 1294//2486 1369//2486
f 1294//2487 1297//2487 1369//2487
f 1369//2488 1297//2488 1370//2488
f 1371//2489 1368//2489 1370//2489
f 1370//2490 1368//2490 1369//2490
f 1372//2491 1371//2491 1373//2491
f 1373//2492 1371//2492 1370//2492
f 1297//2493 1298//2493 1370//2493
f 1370//2494 1298//2494 1373//2494
f 1298//2495 1301//2495 1373//2495
f 1373//2496 1301//2496 1374//2496
f 1375//2497 1372//2497 1374//2497
f 1374//2498 1372//2498 1373//2498
f 1376//2499 1375//2499 1377//2499
f 1377//2500 1375//2500 1374//2500
f 1301//2501 1303//2501 1374//2501
f 1374//2502 1303//2502 1377//2502
f 1303//2503 1302//2503 1377//2503
f 1377//2504 1302//2504 1378//2504
f 1379//2505 1376//2505 1378//2505
f 1378//2506 1376//2506 1377//2506
f 1380//2507 1381//2507 1382//2507
f 1382//2508 1381//2508 1383//2508
f 1381//2509 1379//2509 1383//2509
f 1383//2510 1379//2510 1378//2510
f 1302//2511 1384//2511 1378//2511
f 1378//2512 1384//2512 1383//2512
f 1384//2513 1385//2513 1383//2513
f 1383//2514 1385//2514 1382//2514
f 1385//2515 1386//2515 1382//2515
f 1382//2516 1386//2516 1387//2516
f 1386//2517 1310//2517 1387//2517
f 1387//2518 1310//2518 1388//2518
f 1388//2519 1389//2519 1387//2519
f 1387//2520 1389//2520 1390//2520
f 1380//2521 1382//2521 1390//2521
f 1390//2522 1382//2522 1387//2522
f 1310//2523 1309//2523 1388//2523
f 1388//2524 1309//2524 1391//2524
f 1308//2525 1392//2525 1309//2525
f 1309//2526 1392//2526 1391//2526
f 1392//2527 1393//2527 1391//2527
f 1391//2528 1393//2528 1394//2528
f 1389//2529 1388//2529 1394//2529
f 1394//2530 1388//2530 1391//2530
f 1392//2531 1308//2531 1395//2531
f 1395//2532 1308//2532 1315//2532
f 1314//2533 1396//2533 1315//2533
f 1315//2534 1396//2534 1395//2534
f 1396//2535 1397//2535 1395//2535
f 1395//2536 1397//2536 1398//2536
f 1393//2537 1392//2537 1398//2537
f 1398//2538 1392//2538 1395//2538
f 1396//2539 1314//2539 1399//2539
f 1399//2540 1314//2540 1319//2540
f 1318//2541 1400//2541 1319//2541
f 1319//2542 1400//2542 1399//2542
f 1400//2543 1401//2543 1399//2543
f 1399//2544 1401//2544 1402//2544
f 1397//2545 1396//2545 1402//2545
f 1402//2546 1396//2546 1399//2546
f 1400//2547 1318//2547 1403//2547
f 1403//2548 1318//2548 1323//2548
f 1322//2549 1404//2549 1323//2549
f 1323//2550 1404//2550 1403//2550
f 1404//2551 1405//2551 1403//2551
f 1403//2552 1405//2552 1406//2552
f 1401//2553 1400//2553 1406//2553
f 1406//2554 1400//2554 1403//2554
f 1404//2555 1322//2555 1407//2555
f 1407//2556 1322//2556 1327//2556
f 1326//2557 1408//2557 1327//2557
f 1327//2558 1408//2558 1407//2558
f 1408//2559 1409//2559 1407//2559
f 1407//2560 1409//2560 1410//2560
f 1405//2561 1404//2561 1410//2561
f 1410//2562 1404//2562 1407//2562
f 1408//2563 1326//2563 1411//2563
f 1411//2564 1326//2564 1331//2564
f 1330//2565 1412//2565 1331//2565
f 1331//2566 1412//2566 1411//2566
f 1412//2567 1413//2567 1411//2567
f 1411//2568 1413//2568 1414//2568
f 1409//2569 1408//2569 1414//2569
f 1414//2570 1408//2570 1411//2570
f 1412//2571 1330//2571 1415//2571
f 1415//2572 1330//2572 1335//2572
f 1334//2573 1416//2573 1335//2573
f 1335//2574 1416//2574 1415//2574
f 1416//2575 1417//2575 1415//2575
f 1415//2576 1417//2576 1418//2576
f 1413//2577 1412//2577 1418//2577
f 1418//2578 1412//2578 1415//2578
f 1419//2579 1417//2579 1420//2579
f 1420//2580 1417//2580 1416//2580
f 1334//2581 1421//2581 1416//2581
f 1416//2582 1421//2582 1420//2582
f 1422//2583 1423//2583 1421//2583
f 1421//2584 1423//2584 1420//2584
f 1423//2585 1424//2585 1420//2585
f 1420//2586 1424//2586 1425//2586
f 1426//2587 1419//2587 1425//2587
f 1425//2588 1419//2588 1420//2588
f 1421//2589 1334//2589 1427//2589
f 1427//2590 1334//2590 1339//2590
f 1339//2591 1338//2591 1427//2591
f 1427//2592 1338//2592 1428//2592
f 1428//2593 1429//2593 1427//2593
f 1427//2594 1429//2594 1430//2594
f 1422//2595 1421//2595 1430//2595
f 1430//2596 1421//2596 1427//2596
f 1338//2597 1431//2597 1428//2597
f 1428//2598 1431//2598 1432//2598
f 1431//2599 1433//2599 1432//2599
f 1432//2600 1433//2600 1434//2600
f 1434//2601 1429//2601 1432//2601
f 1432//2602 1429//2602 1428//2602
f 1431//2603 1338//2603 1435//2603
f 1435//2604 1338//2604 1343//2604
f 1343//2605 1342//2605 1435//2605
f 1435//2606 1342//2606 1436//2606
f 1436//2607 1437//2607 1435//2607
f 1435//2608 1437//2608 1438//2608
f 1433//2609 1431//2609 1438//2609
f 1438//2610 1431//2610 1435//2610
f 1439//2611 1440//2611 1441//2611
f 1441//2612 1440//2612 1442//2612
f 1347//2613 1443//2613 1442//2613
f 1442//2614 1443//2614 1441//2614
f 1443//2615 1444//2615 1441//2615
f 1441//2616 1444//2616 1445//2616
f 1446//2617 1447//2617 1445//2617
f 1445//2618 1447//2618 1441//2618
f 1447//2619 1448//2619 1441//2619
f 1441//2620 1448//2620 1439//2620
f 1449//2621 1450//2621 1451//2621
f 1451//2622 1450//2622 1452//2622
f 1450//2623 1437//2623 1452//2623
f 1452//2624 1437//2624 1436//2624
f 1342//2625 1344//2625 1436//2625
f 1436//2626 1344//2626 1452//2626
f 1344//2627 1347//2627 1452//2627
f 1452//2628 1347//2628 1442//2628
f 1440//2629 1453//2629 1442//2629
f 1442//2630 1453//2630 1452//2630
f 1454//2631 1451//2631 1453//2631
f 1453//2632 1451//2632 1452//2632
f 1444//2633 1443//2633 1455//2633
f 1455//2634 1443//2634 1456//2634
f 1443//2635 1347//2635 1456//2635
f 1456//2636 1347//2636 1348//2636
f 1348//2637 1351//2637 1456//2637
f 1456//2638 1351//2638 1457//2638
f 1458//2639 1455//2639 1457//2639
f 1457//2640 1455//2640 1456//2640
f 1459//2641 1458//2641 1460//2641
f 1460//2642 1458//2642 1457//2642
f 1351//2643 1352//2643 1457//2643
f 1457//2644 1352//2644 1460//2644
f 1352//2645 1355//2645 1460//2645
f 1460//2646 1355//2646 1461//2646
f 1462//2647 1459//2647 1461//2647
f 1461//2648 1459//2648 1460//2648
f 1463//2649 1462//2649 1464//2649
f 1464//2650 1462//2650 1461//2650
f 1355//2651 1356//2651 1461//2651
f 1461//2652 1356//2652 1464//2652
f 1356//2653 1285//2653 1464//2653
f 1464//2654 1285//2654 1361//2654
f 1359//2655 1463//2655 1361//2655
f 1361//2656 1463//2656 1464//2656
f 1465//2657 1466//2657 1467//2657
f 1467//2658 1466//2658 1468//2658
f 1363//2659 1364//2659 1468//2659
f 1468//2660 1364//2660 1467//2660
f 1364//2661 1367//2661 1467//2661
f 1467//2662 1367//2662 1469//2662
f 1470//2663 1465//2663 1469//2663
f 1469//2664 1465//2664 1467//2664
f 1471//2665 1472//2665 1473//2665
f 1473//2666 1472//2666 1474//2666
f 1472//2667 1475//2667 1474//2667
f 1474//2668 1475//2668 1476//2668
f 1371//2669 1372//2669 1476//2669
f 1476//2670 1372//2670 1474//2670
f 1372//2671 1375//2671 1474//2671
f 1474//2672 1375//2672 1473//2672
f 1477//2673 1478//2673 1479//2673
f 1479//2674 1478//2674 1480//2674
f 1478//2675 1471//2675 1480//2675
f 1480//2676 1471//2676 1473//2676
f 1375//2677 1376//2677 1473//2677
f 1473//2678 1376//2678 1480//2678
f 1376//2679 1379//2679 1480//2679
f 1480//2680 1379//2680 1479//2680
f 1481//2681 1397//2681 1482//2681
f 1482//2682 1397//2682 1402//2682
f 1401//2683 1483//2683 1402//2683
f 1402//2684 1483//2684 1482//2684
f 1483//2685 1484//2685 1482//2685
f 1482//2686 1484//2686 1485//2686
f 1486//2687 1481//2687 1485//2687
f 1485//2688 1481//2688 1482//2688
f 1483//2689 1401//2689 1487//2689
f 1487//2690 1401//2690 1406//2690
f 1405//2691 1488//2691 1406//2691
f 1406//2692 1488//2692 1487//2692
f 1488//2693 1489//2693 1487//2693
f 1487//2694 1489//2694 1490//2694
f 1484//2695 1483//2695 1490//2695
f 1490//2696 1483//2696 1487//2696
f 1488//2697 1405//2697 1491//2697
f 1491//2698 1405//2698 1410//2698
f 1409//2699 1492//2699 1410//2699
f 1410//2700 1492//2700 1491//2700
f 1492//2701 1493//2701 1491//2701
f 1491//2702 1493//2702 1489//2702
f 1489//2703 1488//2703 1491//2703
f 1492//2704 1409//2704 1494//2704
f 1494//2705 1409//2705 1414//2705
f 1413//2706 1495//2706 1414//2706
f 1414//2707 1495//2707 1494//2707
f 1495//2708 1496//2708 1494//2708
f 1494//2709 1496//2709 1497//2709
f 1493//2710 1492//2710 1497//2710
f 1497//2711 1492//2711 1494//2711
f 1496//2712 1495//2712 1498//2712
f 1498//2713 1495//2713 1499//2713
f 1413//2714 1500//2714 1495//2714
f 1495//2715 1500//2715 1499//2715
f 1500//2716 1501//2716 1499//2716
f 1499//2717 1501//2717 1502//2717
f 1503//2718 1498//2718 1502//2718
f 1502//2719 1498//2719 1499//2719
f 1500//2720 1413//2720 1504//2720
f 1504//2721 1413//2721 1418//2721
f 1417//2722 1505//2722 1418//2722
f 1418//2723 1505//2723 1504//2723
f 1505//2724 1506//2724 1504//2724
f 1504//2725 1506//2725 1507//2725
f 1508//2726 1509//2726 1507//2726
f 1507//2727 1509//2727 1504//2727
f 1509//2728 1501//2728 1504//2728
f 1504//2729 1501//2729 1500//2729
f 1417//2730 1510//2730 1505//2730
f 1505//2731 1510//2731 1511//2731
f 1510//2732 1512//2732 1511//2732
f 1511//2733 1512//2733 1513//2733
f 1506//2734 1505//2734 1513//2734
f 1513//2735 1505//2735 1511//2735
f 1510//2736 1417//2736 1514//2736
f 1514//2737 1417//2737 1419//2737
f 1419//2738 1426//2738 1514//2738
f 1514//2739 1426//2739 1515//2739
f 1512//2740 1510//2740 1515//2740
f 1515//2741 1510//2741 1514//2741
f 1444//2742 1516//2742 1517//2742
f 1517//2743 1516//2743 1518//2743
f 1516//2744 1519//2744 1518//2744
f 1518//2745 1519//2745 1520//2745
f 1520//2746 1521//2746 1518//2746
f 1518//2747 1521//2747 1522//2747
f 1522//2748 1523//2748 1518//2748
f 1518//2749 1523//2749 1517//2749
f 1445//2750 1444//2750 1524//2750
f 1524//2751 1444//2751 1517//2751
f 1523//2752 1525//2752 1517//2752
f 1517//2753 1525//2753 1524//2753
f 1525//2754 1446//2754 1524//2754
f 1524//2755 1446//2755 1445//2755
f 1526//2756 1519//2756 1527//2756
f 1527//2757 1519//2757 1516//2757
f 1444//2758 1455//2758 1516//2758
f 1516//2759 1455//2759 1527//2759
f 1455//2760 1458//2760 1527//2760
f 1527//2761 1458//2761 1528//2761
f 1529//2762 1526//2762 1528//2762
f 1528//2763 1526//2763 1527//2763
f 1530//2764 1529//2764 1531//2764
f 1531//2765 1529//2765 1528//2765
f 1458//2766 1459//2766 1528//2766
f 1528//2767 1459//2767 1531//2767
f 1459//2768 1462//2768 1531//2768
f 1531//2769 1462//2769 1532//2769
f 1533//2770 1530//2770 1532//2770
f 1532//2771 1530//2771 1531//2771
f 1534//2772 1533//2772 1535//2772
f 1535//2773 1533//2773 1532//2773
f 1462//2774 1463//2774 1532//2774
f 1532//2775 1463//2775 1535//2775
f 1463//2776 1359//2776 1535//2776
f 1535//2777 1359//2777 1536//2777
f 1537//2778 1534//2778 1536//2778
f 1536//2779 1534//2779 1535//2779
f 1538//2780 1539//2780 1540//2780
f 1540//2781 1539//2781 1541//2781
f 1539//2782 1542//2782 1541//2782
f 1541//2783 1542//2783 1543//2783
f 1471//2784 1478//2784 1543//2784
f 1543//2785 1478//2785 1541//2785
f 1478//2786 1477//2786 1541//2786
f 1541//2787 1477//2787 1540//2787
f 1486//2788 1544//2788 1545//2788
f 1545//2789 1544//2789 1546//2789
f 1544//2790 1547//2790 1546//2790
f 1546//2791 1547//2791 1548//2791
f 1549//2792 1550//2792 1548//2792
f 1548//2793 1550//2793 1546//2793
f 1550//2794 1551//2794 1546//2794
f 1546//2795 1551//2795 1545//2795
f 1484//2796 1552//2796 1485//2796
f 1485//2797 1552//2797 1553//2797
f 1552//2798 1554//2798 1553//2798
f 1553//2799 1554//2799 1555//2799
f 1547//2800 1544//2800 1555//2800
f 1555//2801 1544//2801 1553//2801
f 1544//2802 1486//2802 1553//2802
f 1553//2803 1486//2803 1485//2803
f 1552//2804 1484//2804 1556//2804
f 1556//2805 1484//2805 1490//2805
f 1490//2806 1489//2806 1556//2806
f 1556//2807 1489//2807 1557//2807
f 1557//2808 1558//2808 1556//2808
f 1556//2809 1558//2809 1559//2809
f 1554//2810 1552//2810 1559//2810
f 1559//2811 1552//2811 1556//2811
f 1493//2812 1560//2812 1489//2812
f 1489//2813 1560//2813 1557//2813
f 1560//2814 1561//2814 1557//2814
f 1557//2815 1561//2815 1558//2815
f 1561//2816 1560//2816 1562//2816
f 1562//2817 1560//2817 1563//2817
f 1493//2818 1564//2818 1560//2818
f 1560//2819 1564//2819 1563//2819
f 1565//2820 1566//2820 1564//2820
f 1564//2821 1566//2821 1563//2821
f 1566//2822 1567//2822 1563//2822
f 1563//2823 1567//2823 1568//2823
f 1568//2824 1569//2824 1563//2824
f 1569//2825 1562//2825 1563//2825
f 1564//2826 1493//2826 1570//2826
f 1570//2827 1493//2827 1497//2827
f 1496//2828 1571//2828 1497//2828
f 1497//2829 1571//2829 1570//2829
f 1571//2830 1572//2830 1570//2830
f 1570//2831 1572//2831 1573//2831
f 1565//2832 1564//2832 1573//2832
f 1573//2833 1564//2833 1570//2833
f 1496//2834 1574//2834 1571//2834
f 1571//2835 1574//2835 1575//2835
f 1574//2836 1576//2836 1575//2836
f 1575//2837 1576//2837 1577//2837
f 1572//2838 1571//2838 1577//2838
f 1577//2839 1571//2839 1575//2839
f 1574//2840 1496//2840 1578//2840
f 1578//2841 1496//2841 1498//2841
f 1503//2842 1579//2842 1498//2842
f 1498//2843 1579//2843 1578//2843
f 1576//2844 1574//2844 1579//2844
f 1579//2845 1574//2845 1578//2845
f 1580//2846 1581//2846 1582//2846
f 1581//2847 1583//2847 1582//2847
f 1583//2848 1519//2848 1582//2848
f 1582//2849 1519//2849 1584//2849
f 1584//2850 1585//2850 1582//2850
f 1582//2851 1585//2851 1586//2851
f 1587//2852 1580//2852 1586//2852
f 1586//2853 1580//2853 1582//2853
f 1520//2854 1519//2854 1588//2854
f 1588//2855 1519//2855 1583//2855
f 1583//2856 1581//2856 1588//2856
f 1588//2857 1581//2857 1589//2857
f 1521//2858 1520//2858 1589//2858
f 1589//2859 1520//2859 1588//2859
f 1529//2860 1590//2860 1591//2860
f 1591//2861 1590//2861 1592//2861
f 1593//2862 1594//2862 1590//2862
f 1590//2863 1594//2863 1592//2863
f 1594//2864 1595//2864 1592//2864
f 1592//2865 1595//2865 1596//2865
f 1596//2866 1597//2866 1592//2866
f 1592//2867 1597//2867 1591//2867
f 1519//2868 1526//2868 1584//2868
f 1584//2869 1526//2869 1598//2869
f 1526//2870 1529//2870 1598//2870
f 1598//2871 1529//2871 1591//2871
f 1597//2872 1599//2872 1591//2872
f 1591//2873 1599//2873 1598//2873
f 1599//2874 1585//2874 1598//2874
f 1598//2875 1585//2875 1584//2875
f 1600//2876 1593//2876 1601//2876
f 1601//2877 1593//2877 1590//2877
f 1529//2878 1530//2878 1590//2878
f 1590//2879 1530//2879 1601//2879
f 1530//2880 1533//2880 1601//2880
f 1601//2881 1533//2881 1602//2881
f 1603//2882 1600//2882 1602//2882
f 1602//2883 1600//2883 1601//2883
f 1604//2884 1605//2884 1606//2884
f 1606//2885 1605//2885 1607//2885
f 1549//2886 1608//2886 1607//2886
f 1607//2887 1608//2887 1606//2887
f 1608//2888 1609//2888 1606//2888
f 1606//2889 1609//2889 1610//2889
f 1611//2890 1604//2890 1610//2890
f 1610//2891 1604//2891 1606//2891
f 1608//2892 1549//2892 1612//2892
f 1612//2893 1549//2893 1548//2893
f 1547//2894 1613//2894 1548//2894
f 1548//2895 1613//2895 1612//2895
f 1613//2896 1614//2896 1612//2896
f 1612//2897 1614//2897 1615//2897
f 1609//2898 1608//2898 1615//2898
f 1615//2899 1608//2899 1612//2899
f 1554//2900 1616//2900 1555//2900
f 1555//2901 1616//2901 1617//2901
f 1616//2902 1618//2902 1617//2902
f 1617//2903 1618//2903 1619//2903
f 1614//2904 1613//2904 1619//2904
f 1619//2905 1613//2905 1617//2905
f 1613//2906 1547//2906 1617//2906
f 1617//2907 1547//2907 1555//2907
f 1616//2908 1554//2908 1620//2908
f 1620//2909 1554//2909 1559//2909
f 1558//2910 1621//2910 1559//2910
f 1559//2911 1621//2911 1620//2911
f 1622//2912 1623//2912 1621//2912
f 1621//2913 1623//2913 1620//2913
f 1618//2914 1616//2914 1623//2914
f 1623//2915 1616//2915 1620//2915
f 1622//2916 1621//2916 1624//2916
f 1624//2917 1621//2917 1625//2917
f 1558//2918 1626//2918 1621//2918
f 1621//2919 1626//2919 1625//2919
f 1626//2920 1627//2920 1625//2920
f 1625//2921 1627//2921 1628//2921
f 1629//2922 1624//2922 1628//2922
f 1628//2923 1624//2923 1625//2923
f 1561//2924 1630//2924 1558//2924
f 1558//2925 1630//2925 1626//2925
f 1630//2926 1631//2926 1626//2926
f 1626//2927 1631//2927 1627//2927
f 1561//2928 1632//2928 1630//2928
f 1630//2929 1632//2929 1633//2929
f 1632//2930 1634//2930 1633//2930
f 1633//2931 1634//2931 1635//2931
f 1631//2932 1630//2932 1635//2932
f 1635//2933 1630//2933 1633//2933
f 1632//2934 1561//2934 1636//2934
f 1636//2935 1561//2935 1562//2935
f 1562//2936 1569//2936 1636//2936
f 1636//2937 1569//2937 1637//2937
f 1634//2938 1632//2938 1637//2938
f 1637//2939 1632//2939 1636//2939
f 1638//2940 1639//2940 1640//2940
f 1640//2941 1639//2941 1641//2941
f 1593//2942 1642//2942 1641//2942
f 1641//2943 1642//2943 1640//2943
f 1642//2944 1643//2944 1640//2944
f 1640//2945 1643//2945 1644//2945
f 1644//2946 1645//2946 1640//2946
f 1640//2947 1645//2947 1638//2947
f 1595//2948 1594//2948 1646//2948
f 1646//2949 1594//2949 1647//2949
f 1594//2950 1593//2950 1647//2950
f 1647//2951 1593//2951 1641//2951
f 1639//2952 1648//2952 1641//2952
f 1641//2953 1648//2953 1647//2953
f 1648//2954 1649//2954 1647//2954
f 1647//2955 1649//2955 1646//2955
f 1603//2956 1650//2956 1651//2956
f 1651//2957 1650//2957 1652//2957
f 1650//2958 1653//2958 1652//2958
f 1652//2959 1653//2959 1654//2959
f 1655//2960 1656//2960 1654//2960
f 1654//2961 1656//2961 1652//2961
f 1656//2962 1657//2962 1652//2962
f 1652//2963 1657//2963 1651//2963
f 1593//2964 1600//2964 1642//2964
f 1642//2965 1600//2965 1658//2965
f 1600//2966 1603//2966 1658//2966
f 1658//2967 1603//2967 1651//2967
f 1657//2968 1659//2968 1651//2968
f 1651//2969 1659//2969 1658//2969
f 1659//2970 1643//2970 1658//2970
f 1658//2971 1643//2971 1642//2971
f 1660//2972 1653//2972 1661//2972
f 1661//2973 1653//2973 1650//2973
f 1603//2974 1662//2974 1650//2974
f 1650//2975 1662//2975 1661//2975
f 1662//2976 1663//2976 1661//2976
f 1661//2977 1663//2977 1664//2977
f 1665//2978 1660//2978 1664//2978
f 1664//2979 1660//2979 1661//2979
f 1666//2980 1667//2980 1668//2980
f 1668//2981 1667//2981 1669//2981
f 1665//2982 1670//2982 1669//2982
f 1669//2983 1670//2983 1668//2983
f 1670//2984 1671//2984 1668//2984
f 1668//2985 1671//2985 1672//2985
f 1673//2986 1666//2986 1672//2986
f 1672//2987 1666//2987 1668//2987
f 1674//2988 1673//2988 1675//2988
f 1675//2989 1673//2989 1672//2989
f 1671//2990 1676//2990 1672//2990
f 1672//2991 1676//2991 1675//2991
f 1676//2992 1677//2992 1675//2992
f 1675//2993 1677//2993 1678//2993
f 1679//2994 1674//2994 1678//2994
f 1678//2995 1674//2995 1675//2995
f 1680//2996 1679//2996 1681//2996
f 1681//2997 1679//2997 1678//2997
f 1677//2998 1682//2998 1678//2998
f 1678//2999 1682//2999 1681//2999
f 1682//3000 1683//3000 1681//3000
f 1681//3001 1683//3001 1684//3001
f 1685//3002 1680//3002 1684//3002
f 1684//3003 1680//3003 1681//3003
f 1686//3004 1614//3004 1687//3004
f 1687//3005 1614//3005 1619//3005
f 1618//3006 1688//3006 1619//3006
f 1619//3007 1688//3007 1687//3007
f 1688//3008 1689//3008 1687//3008
f 1687//3009 1689//3009 1690//3009
f 1691//3010 1686//3010 1690//3010
f 1690//3011 1686//3011 1687//3011
f 1689//3012 1688//3012 1692//3012
f 1692//3013 1688//3013 1693//3013
f 1688//3014 1618//3014 1693//3014
f 1694//3015 1692//3015 1695//3015
f 1695//3016 1692//3016 1693//3016
f 1693//3017 1618//3017 1696//3017
f 1696//3018 1618//3018 1623//3018
f 1623//3019 1622//3019 1696//3019
f 1696//3020 1622//3020 1697//3020
f 1697//3021 1698//3021 1696//3021
f 1696//3022 1698//3022 1699//3022
f 1695//3023 1693//3023 1699//3023
f 1699//3024 1693//3024 1696//3024
f 1700//3025 1701//3025 1622//3025
f 1622//3026 1701//3026 1697//3026
f 1701//3027 1702//3027 1697//3027
f 1697//3028 1702//3028 1698//3028
f 1629//3029 1700//3029 1624//3029
f 1624//3030 1700//3030 1622//3030
f 1655//3031 1654//3031 1703//3031
f 1703//3032 1654//3032 1704//3032
f 1654//3033 1653//3033 1704//3033
f 1704//3034 1653//3034 1705//3034
f 1706//3035 1707//3035 1705//3035
f 1705//3036 1707//3036 1704//3036
f 1708//3037 1709//3037 1707//3037
f 1707//3038 1709//3038 1704//3038
f 1709//3039 1710//3039 1704//3039
f 1704//3040 1710//3040 1703//3040
f 1707//3041 1706//3041 1711//3041
f 1711//3042 1706//3042 1712//3042
f 1712//3043 1713//3043 1711//3043
f 1711//3044 1713//3044 1714//3044
f 1708//3045 1707//3045 1714//3045
f 1714//3046 1707//3046 1711//3046
f 1667//3047 1715//3047 1669//3047
f 1669//3048 1715//3048 1716//3048
f 1715//3049 1706//3049 1716//3049
f 1716//3050 1706//3050 1705//3050
f 1653//3051 1660//3051 1705//3051
f 1705//3052 1660//3052 1716//3052
f 1660//3053 1665//3053 1716//3053
f 1716//3054 1665//3054 1669//3054
f 1717//3055 1667//3055 1666//3055
f 1666//3056 1673//3056 1717//3056
f 1718//3057 1719//3057 1720//3057
f 1720//3058 1719//3058 1721//3058
f 1685//3059 1722//3059 1721//3059
f 1721//3060 1722//3060 1720//3060
f 1722//3061 1723//3061 1720//3061
f 1720//3062 1723//3062 1724//3062
f 1724//3063 1718//3063 1720//3063
f 1718//3064 1724//3064 1725//3064
f 1725//3065 1724//3065 1726//3065
f 1723//3066 1727//3066 1724//3066
f 1724//3067 1727//3067 1726//3067
f 1728//3068 1729//3068 1727//3068
f 1727//3069 1729//3069 1726//3069
f 1729//3070 1730//3070 1726//3070
f 1726//3071 1730//3071 1725//3071
f 1731//3072 1732//3072 1733//3072
f 1733//3073 1732//3073 1734//3073
f 1730//3074 1729//3074 1732//3074
f 1732//3075 1729//3075 1734//3075
f 1729//3076 1728//3076 1734//3076
f 1734//3077 1728//3077 1735//3077
f 1735//3078 1736//3078 1734//3078
f 1734//3079 1736//3079 1733//3079
f 1737//3080 1738//3080 1739//3080
f 1739//3081 1738//3081 1740//3081
f 1741//3082 1742//3082 1740//3082
f 1740//3083 1742//3083 1739//3083
f 1742//3084 1731//3084 1739//3084
f 1739//3085 1731//3085 1733//3085
f 1733//3086 1736//3086 1739//3086
f 1739//3087 1736//3087 1737//3087
f 1738//3088 1743//3088 1740//3088
f 1740//3089 1743//3089 1744//3089
f 1745//3090 1746//3090 1743//3090
f 1743//3091 1746//3091 1744//3091
f 1747//3092 1748//3092 1746//3092
f 1746//3093 1748//3093 1744//3093
f 1741//3094 1740//3094 1748//3094
f 1748//3095 1740//3095 1744//3095
f 1746//3096 1745//3096 1749//3096
f 1749//3097 1745//3097 1750//3097
f 1750//3098 1691//3098 1749//3098
f 1747//3099 1746//3099 1751//3099
f 1751//3100 1746//3100 1749//3100
f 1706//3101 1752//3101 1712//3101
f 1712//3102 1752//3102 1753//3102
f 1754//3103 1755//3103 1752//3103
f 1752//3104 1755//3104 1753//3104
f 1755//3105 1756//3105 1753//3105
f 1753//3106 1756//3106 1757//3106
f 1713//3107 1712//3107 1757//3107
f 1757//3108 1712//3108 1753//3108
f 1758//3109 1759//3109 1760//3109
f 1760//3110 1759//3110 1761//3110
f 1756//3111 1755//3111 1759//3111
f 1759//3112 1755//3112 1761//3112
f 1755//3113 1754//3113 1761//3113
f 1761//3114 1754//3114 1762//3114
f 1763//3115 1764//3115 1762//3115
f 1762//3116 1764//3116 1761//3116
f 1764//3117 1765//3117 1761//3117
f 1761//3118 1765//3118 1760//3118
f 1766//3119 1767//3119 1768//3119
f 1768//3120 1767//3120 1769//3120
f 1770//3121 1766//3121 1717//3121
f 1717//3122 1766//3122 1768//3122
f 1767//3123 1766//3123 1771//3123
f 1771//3124 1766//3124 1772//3124
f 1770//3125 1719//3125 1766//3125
f 1766//3126 1719//3126 1772//3126
f 1773//3127 1771//3127 1774//3127
f 1774//3128 1771//3128 1772//3128
f 1719//3129 1718//3129 1772//3129
f 1772//3130 1718//3130 1774//3130
f 1774//3131 1718//3131 1725//3131
f 1725//3132 1730//3132 1774//3132
f 1774//3133 1730//3133 1775//3133
f 1775//3134 1773//3134 1774//3134
f 1775//3135 1730//3135 1732//3135
f 1732//3136 1731//3136 1775//3136
f 1775//3137 1731//3137 1776//3137
f 1741//3138 1777//3138 1742//3138
f 1742//3139 1777//3139 1778//3139
f 1777//3140 1779//3140 1778//3140
f 1778//3141 1779//3141 1780//3141
f 1776//3142 1731//3142 1778//3142
f 1778//3143 1731//3143 1742//3143
f 1741//3144 1781//3144 1777//3144
f 1777//3145 1781//3145 1782//3145
f 1781//3146 1783//3146 1782//3146
f 1782//3147 1783//3147 1784//3147
f 1784//3148 1779//3148 1782//3148
f 1782//3149 1779//3149 1777//3149
f 1781//3150 1741//3150 1785//3150
f 1785//3151 1741//3151 1748//3151
f 1748//3152 1747//3152 1785//3152
f 1785//3153 1747//3153 1786//3153
f 1786//3154 1787//3154 1785//3154
f 1785//3155 1787//3155 1788//3155
f 1783//3156 1781//3156 1788//3156
f 1788//3157 1781//3157 1785//3157
f 1747//3158 1789//3158 1786//3158
f 1786//3159 1789//3159 1790//3159
f 1789//3160 1791//3160 1790//3160
f 1790//3161 1791//3161 1792//3161
f 1792//3162 1787//3162 1790//3162
f 1790//3163 1787//3163 1786//3163
f 1789//3164 1747//3164 1793//3164
f 1793//3165 1747//3165 1751//3165
f 1791//3166 1789//3166 1794//3166
f 1794//3167 1789//3167 1793//3167
f 1751//3168 1795//3168 1793//3168
f 1793//3169 1795//3169 1796//3169
f 1795//3170 1797//3170 1796//3170
f 1797//3171 1798//3171 1796//3171
f 1798//3172 1794//3172 1796//3172
f 1794//3173 1793//3173 1796//3173
f 1795//3174 1751//3174 1799//3174
f 1799//3175 1751//3175 1800//3175
f 1800//3176 1801//3176 1799//3176
f 1799//3177 1801//3177 1797//3177
f 1797//3178 1795//3178 1799//3178
f 1773//3179 1802//3179 1803//3179
f 1803//3180 1802//3180 1804//3180
f 2//3181 1805//3181 4//3181
f 4//3182 1805//3182 1803//3182
f 1805//3183 1771//3183 1803//3183
f 1803//3184 1771//3184 1773//3184
f 1804//3185 1806//3185 1803//3185
f 1803//3186 1806//3186 1807//3186
f 5//3187 4//3187 1807//3187
f 1807//3188 4//3188 1803//3188
f 1808//3189 1809//3189 1810//3189
f 1810//3190 1809//3190 1775//3190
f 1775//3191 1809//3191 1773//3191
f 1773//3192 1809//3192 1802//3192
f 1776//3193 1811//3193 1812//3193
f 1811//3194 1813//3194 1812//3194
f 1813//3195 1814//3195 1812//3195
f 1775//3196 1776//3196 1810//3196
f 1810//3197 1776//3197 1812//3197
f 1815//3198 1810//3198 1814//3198
f 1812//3199 1814//3199 1810//3199
f 1815//3200 1816//3200 1810//3200
f 1810//3201 1816//3201 1808//3201
f 1776//3202 1817//3202 1811//3202
f 1818//3203 1811//3203 1817//3203
f 1817//3204 1776//3204 1819//3204
f 1819//3205 1776//3205 1778//3205
f 1778//3206 1780//3206 1819//3206
f 1819//3207 1780//3207 1798//3207
f 1798//3208 1818//3208 1819//3208
f 1819//3209 1818//3209 1817//3209
f 17//3210 16//3210 1820//3210
f 1820//3211 16//3211 1821//3211
f 1822//3212 1823//3212 1821//3212
f 1821//3213 1823//3213 1820//3213
f 1823//3214 18//3214 1820//3214
f 1820//3215 18//3215 17//3215
f 23//3216 18//3216 1824//3216
f 1824//3217 18//3217 1823//3217
f 1822//3218 1825//3218 1823//3218
f 1823//3219 1825//3219 1824//3219
f 1825//3220 24//3220 1824//3220
f 1824//3221 24//3221 23//3221
f 29//3222 24//3222 1826//3222
f 1826//3223 24//3223 1825//3223
f 1822//3224 1827//3224 1825//3224
f 1825//3225 1827//3225 1826//3225
f 1827//3226 30//3226 1826//3226
f 1826//3227 30//3227 29//3227
f 35//3228 30//3228 1828//3228
f 1828//3229 30//3229 1827//3229
f 1822//3230 1829//3230 1827//3230
f 1827//3231 1829//3231 1828//3231
f 1829//3232 36//3232 1828//3232
f 1828//3233 36//3233 35//3233
f 41//3234 36//3234 1830//3234
f 1830//3235 36//3235 1829//3235
f 1822//3236 1831//3236 1829//3236
f 1829//3237 1831//3237 1830//3237
f 1831//3238 42//3238 1830//3238
f 1830//3239 42//3239 41//3239
f 47//3240 42//3240 1832//3240
f 1832//3241 42//3241 1831//3241
f 1822//3242 1833//3242 1831//3242
f 1831//3243 1833//3243 1832//3243
f 1833//3244 48//3244 1832//3244
f 1832//3245 48//3245 47//3245
f 53//3246 48//3246 1834//3246
f 1834//3247 48//3247 1833//3247
f 1822//3248 1835//3248 1833//3248
f 1833//3249 1835//3249 1834//3249
f 1835//3250 54//3250 1834//3250
f 1834//3251 54//3251 53//3251
f 59//3252 54//3252 1836//3252
f 1836//3253 54//3253 1835//3253
f 1822//3254 1837//3254 1835//3254
f 1835//3255 1837//3255 1836//3255
f 1837//3256 60//3256 1836//3256
f 1836//3257 60//3257 59//3257
f 65//3258 60//3258 1838//3258
f 1838//3259 60//3259 1837//3259
f 1822//3260 1839//3260 1837//3260
f 1837//3261 1839//3261 1838//3261
f 1839//3262 66//3262 1838//3262
f 1838//3263 66//3263 65//3263
f 69//3264 66//3264 1840//3264
f 1840//3265 66//3265 1839//3265
f 1822//3266 1841//3266 1839//3266
f 1839//3267 1841//3267 1840//3267
f 1841//3268 71//3268 1840//3268
f 1840//3269 71//3269 69//3269
f 75//3270 71//3270 1842//3270
f 1842//3271 71//3271 1841//3271
f 1822//3272 1843//3272 1841//3272
f 1841//3273 1843//3273 1842//3273
f 1843//3274 77//3274 1842//3274
f 1842//3275 77//3275 75//3275
f 81//3276 77//3276 1844//3276
f 1844//3277 77//3277 1843//3277
f 1822//3278 1845//3278 1843//3278
f 1843//3279 1845//3279 1844//3279
f 1845//3280 83//3280 1844//3280
f 1844//3281 83//3281 81//3281
f 87//3282 83//3282 1846//3282
f 1846//3283 83//3283 1845//3283
f 1822//3284 1847//3284 1845//3284
f 1845//3285 1847//3285 1846//3285
f 1847//3286 89//3286 1846//3286
f 1846//3287 89//3287 87//3287
f 100//3288 89//3288 1848//3288
f 1848//3289 89//3289 1847//3289
f 1822//3290 1849//3290 1847//3290
f 1847//3291 1849//3291 1848//3291
f 1849//3292 101//3292 1848//3292
f 1848//3293 101//3293 100//3293
f 110//3294 101//3294 1850//3294
f 1850//3295 101//3295 1849//3295
f 1822//3296 1851//3296 1849//3296
f 1849//3297 1851//3297 1850//3297
f 1851//3298 111//3298 1850//3298
f 1850//3299 111//3299 110//3299
f 115//3300 111//3300 1852//3300
f 1852//3301 111//3301 1851//3301
f 1822//3302 1853//3302 1851//3302
f 1851//3303 1853//3303 1852//3303
f 1853//3304 117//3304 1852//3304
f 1852//3305 117//3305 115//3305
f 124//3306 117//3306 1854//3306
f 1854//3307 117//3307 1853//3307
f 1822//3308 1855//3308 1853//3308
f 1853//3309 1855//3309 1854//3309
f 1855//3310 125//3310 1854//3310
f 1854//3311 125//3311 124//3311
f 131//3312 125//3312 1856//3312
f 1856//3313 125//3313 1855//3313
f 1822//3314 1857//3314 1855//3314
f 1855//3315 1857//3315 1856//3315
f 1857//3316 132//3316 1856//3316
f 1856//3317 132//3317 131//3317
f 137//3318 132//3318 1858//3318
f 1858//3319 132//3319 1857//3319
f 1822//3320 1859//3320 1857//3320
f 1857//3321 1859//3321 1858//3321
f 1859//3322 138//3322 1858//3322
f 1858//3323 138//3323 137//3323
f 143//3324 138//3324 1860//3324
f 1860//3325 138//3325 1859//3325
f 1822//3326 1821//3326 1859//3326
f 1859//3327 1821//3327 1860//3327
f 1821//3328 16//3328 1860//3328
f 1860//3329 16//3329 143//3329
f 429//3330 428//3330 1861//3330
f 1861//3331 428//3331 1862//3331
f 428//3332 343//3332 1862//3332
f 1862//3333 343//3333 347//3333
f 346//3334 1863//3334 347//3334
f 347//3335 1863//3335 1862//3335
f 1863//3336 1864//3336 1862//3336
f 1862//3337 1864//3337 1861//3337
f 1864//3338 1863//3338 1865//3338
f 1865//3339 1863//3339 1866//3339
f 1863//3340 346//3340 1866//3340
f 1866//3341 346//3341 351//3341
f 350//3342 430//3342 351//3342
f 351//3343 430//3343 1866//3343
f 430//3344 435//3344 1866//3344
f 1866//3345 435//3345 1865//3345
f 515//3346 514//3346 1867//3346
f 1867//3347 514//3347 1868//3347
f 514//3348 429//3348 1868//3348
f 1868//3349 429//3349 1861//3349
f 1864//3350 1869//3350 1861//3350
f 1861//3351 1869//3351 1868//3351
f 1869//3352 1870//3352 1868//3352
f 1868//3353 1870//3353 1867//3353
f 1870//3354 1869//3354 1871//3354
f 1871//3355 1869//3355 1872//3355
f 1869//3356 1864//3356 1872//3356
f 1872//3357 1864//3357 1865//3357
f 435//3358 516//3358 1865//3358
f 1865//3359 516//3359 1872//3359
f 521//3360 1871//3360 516//3360
f 516//3361 1871//3361 1872//3361
f 591//3362 590//3362 1873//3362
f 1873//3363 590//3363 1874//3363
f 590//3364 507//3364 1874//3364
f 1874//3365 507//3365 508//3365
f 511//3366 1875//3366 508//3366
f 508//3367 1875//3367 1874//3367
f 1875//3368 677//3368 1874//3368
f 1874//3369 677//3369 1873//3369
f 677//3370 1875//3370 678//3370
f 678//3371 1875//3371 1876//3371
f 1875//3372 511//3372 1876//3372
f 1876//3373 511//3373 512//3373
f 515//3374 1877//3374 512//3374
f 512//3375 1877//3375 1876//3375
f 1877//3376 679//3376 1876//3376
f 1876//3377 679//3377 678//3377
f 679//3378 1877//3378 1878//3378
f 1878//3379 1877//3379 1879//3379
f 1877//3380 515//3380 1879//3380
f 1879//3381 515//3381 1867//3381
f 1870//3382 1880//3382 1867//3382
f 1867//3383 1880//3383 1879//3383
f 1880//3384 1881//3384 1879//3384
f 1879//3385 1881//3385 1878//3385
f 1881//3386 1880//3386 1882//3386
f 1882//3387 1880//3387 1883//3387
f 1880//3388 1870//3388 1883//3388
f 1883//3389 1870//3389 1871//3389
f 1871//3390 521//3390 1883//3390
f 1883//3391 521//3391 1884//3391
f 1885//3392 1882//3392 1884//3392
f 1884//3393 1882//3393 1883//3393
f 1886//3394 1885//3394 1887//3394
f 1887//3395 1885//3395 1884//3395
f 521//3396 520//3396 1884//3396
f 1884//3397 520//3397 1887//3397
f 520//3398 519//3398 1887//3398
f 1887//3399 519//3399 592//3399
f 597//3400 1886//3400 592//3400
f 592//3401 1886//3401 1887//3401
f 672//3402 671//3402 742//3402
f 742//3403 671//3403 1888//3403
f 671//3404 591//3404 1888//3404
f 1888//3405 591//3405 1873//3405
f 677//3406 674//3406 1873//3406
f 1873//3407 674//3407 1888//3407
f 674//3408 673//3408 1888//3408
f 1888//3409 673//3409 742//3409
f 681//3410 680//3410 751//3410
f 751//3411 680//3411 1889//3411
f 680//3412 679//3412 1889//3412
f 1889//3413 679//3413 1878//3413
f 1881//3414 1890//3414 1878//3414
f 1878//3415 1890//3415 1889//3415
f 1890//3416 752//3416 1889//3416
f 1889//3417 752//3417 751//3417
f 757//3418 752//3418 1891//3418
f 1891//3419 752//3419 1890//3419
f 1881//3420 1882//3420 1890//3420
f 1890//3421 1882//3421 1891//3421
f 1882//3422 1885//3422 1891//3422
f 1891//3423 1885//3423 1892//3423
f 758//3424 757//3424 1892//3424
f 1892//3425 757//3425 1891//3425
f 761//3426 758//3426 1893//3426
f 1893//3427 758//3427 1892//3427
f 1885//3428 1886//3428 1892//3428
f 1892//3429 1886//3429 1893//3429
f 1886//3430 597//3430 1893//3430
f 1893//3431 597//3431 1894//3431
f 763//3432 761//3432 1894//3432
f 1894//3433 761//3433 1893//3433
f 767//3434 763//3434 1895//3434
f 1895//3435 763//3435 1894//3435
f 597//3436 596//3436 1894//3436
f 1894//3437 596//3437 1895//3437
f 596//3438 595//3438 1895//3438
f 1895//3439 595//3439 682//3439
f 687//3440 767//3440 682//3440
f 682//3441 767//3441 1895//3441
f 928//3442 850//3442 1896//3442
f 1896//3443 850//3443 849//3443
f 770//3444 775//3444 849//3444
f 849//3445 775//3445 1896//3445
f 775//3446 774//3446 1896//3446
f 1896//3447 774//3447 857//3447
f 856//3448 928//3448 857//3448
f 857//3449 928//3449 1896//3449
f 899//3450 898//3450 1897//3450
f 1897//3451 898//3451 1898//3451
f 898//3452 821//3452 1898//3452
f 1898//3453 821//3453 824//3453
f 827//3454 903//3454 824//3454
f 824//3455 903//3455 1898//3455
f 903//3456 902//3456 1898//3456
f 1898//3457 902//3457 1897//3457
f 978//3458 977//3458 1899//3458
f 1899//3459 977//3459 1900//3459
f 977//3460 899//3460 1900//3460
f 1900//3461 899//3461 1897//3461
f 902//3462 986//3462 1897//3462
f 1897//3463 986//3463 1900//3463
f 986//3464 985//3464 1900//3464
f 1900//3465 985//3465 1899//3465
f 1056//3466 1055//3466 1135//3466
f 1135//3467 1055//3467 1901//3467
f 1055//3468 978//3468 1901//3468
f 1901//3469 978//3469 1899//3469
f 985//3470 1060//3470 1899//3470
f 1899//3471 1060//3471 1901//3471
f 1060//3472 1059//3472 1901//3472
f 1901//3473 1059//3473 1135//3473
f 1208//3474 1203//3474 1902//3474
f 1902//3475 1203//3475 1202//3475
f 1049//3476 1051//3476 1202//3476
f 1202//3477 1051//3477 1902//3477
f 1051//3478 1054//3478 1902//3478
f 1902//3479 1054//3479 1130//3479
f 1128//3480 1208//3480 1130//3480
f 1130//3481 1208//3481 1902//3481
f 1160//3482 1159//3482 1242//3482
f 1242//3483 1159//3483 1903//3483
f 1159//3484 1083//3484 1903//3484
f 1903//3485 1083//3485 1088//3485
f 1087//3486 1162//3486 1088//3486
f 1088//3487 1162//3487 1903//3487
f 1162//3488 1167//3488 1903//3488
f 1903//3489 1167//3489 1242//3489
f 1904//3490 1230//3490 1905//3490
f 1905//3491 1230//3491 1229//3491
f 1146//3492 1153//3492 1229//3492
f 1229//3493 1153//3493 1905//3493
f 1152//3494 1231//3494 1153//3494
f 1153//3495 1231//3495 1905//3495
f 1236//3496 1904//3496 1231//3496
f 1231//3497 1904//3497 1905//3497
f 1384//3498 1302//3498 1906//3498
f 1906//3499 1302//3499 1304//3499
f 1226//3500 1227//3500 1304//3500
f 1304//3501 1227//3501 1906//3501
f 1227//3502 1230//3502 1906//3502
f 1906//3503 1230//3503 1907//3503
f 1385//3504 1384//3504 1907//3504
f 1907//3505 1384//3505 1906//3505
f 1386//3506 1385//3506 1908//3506
f 1908//3507 1385//3507 1907//3507
f 1230//3508 1904//3508 1907//3508
f 1907//3509 1904//3509 1908//3509
f 1904//3510 1236//3510 1908//3510
f 1908//3511 1236//3511 1311//3511
f 1310//3512 1386//3512 1311//3512
f 1311//3513 1386//3513 1908//3513
f 1909//3514 1537//3514 1910//3514
f 1910//3515 1537//3515 1536//3515
f 1359//3516 1358//3516 1536//3516
f 1536//3517 1358//3517 1910//3517
f 1358//3518 1363//3518 1910//3518
f 1910//3519 1363//3519 1468//3519
f 1466//3520 1909//3520 1468//3520
f 1468//3521 1909//3521 1910//3521
f 1911//3522 1470//3522 1912//3522
f 1912//3523 1470//3523 1469//3523
f 1367//3524 1368//3524 1469//3524
f 1469//3525 1368//3525 1912//3525
f 1368//3526 1371//3526 1912//3526
f 1912//3527 1371//3527 1476//3527
f 1475//3528 1911//3528 1476//3528
f 1476//3529 1911//3529 1912//3529
f 1913//3530 1477//3530 1914//3530
f 1914//3531 1477//3531 1479//3531
f 1379//3532 1381//3532 1479//3532
f 1479//3533 1381//3533 1914//3533
f 1381//3534 1380//3534 1914//3534
f 1914//3535 1380//3535 1915//3535
f 1916//3536 1913//3536 1915//3536
f 1915//3537 1913//3537 1914//3537
f 1916//3538 1915//3538 1917//3538
f 1917//3539 1915//3539 1918//3539
f 1915//3540 1380//3540 1918//3540
f 1918//3541 1380//3541 1390//3541
f 1389//3542 1919//3542 1390//3542
f 1390//3543 1919//3543 1918//3543
f 1919//3544 1920//3544 1918//3544
f 1918//3545 1920//3545 1917//3545
f 1920//3546 1919//3546 1921//3546
f 1921//3547 1919//3547 1922//3547
f 1919//3548 1389//3548 1922//3548
f 1922//3549 1389//3549 1394//3549
f 1393//3550 1923//3550 1394//3550
f 1394//3551 1923//3551 1922//3551
f 1923//3552 1551//3552 1922//3552
f 1922//3553 1551//3553 1921//3553
f 1551//3554 1923//3554 1545//3554
f 1545//3555 1923//3555 1924//3555
f 1923//3556 1393//3556 1924//3556
f 1924//3557 1393//3557 1398//3557
f 1397//3558 1481//3558 1398//3558
f 1398//3559 1481//3559 1924//3559
f 1481//3560 1486//3560 1924//3560
f 1924//3561 1486//3561 1545//3561
f 1925//3562 1663//3562 1926//3562
f 1926//3563 1663//3563 1927//3563
f 1537//3564 1909//3564 1927//3564
f 1927//3565 1909//3565 1926//3565
f 1909//3566 1466//3566 1926//3566
f 1926//3567 1466//3567 1928//3567
f 1929//3568 1925//3568 1928//3568
f 1928//3569 1925//3569 1926//3569
f 1930//3570 1929//3570 1931//3570
f 1931//3571 1929//3571 1928//3571
f 1466//3572 1465//3572 1928//3572
f 1928//3573 1465//3573 1931//3573
f 1465//3574 1470//3574 1931//3574
f 1931//3575 1470//3575 1932//3575
f 1933//3576 1930//3576 1932//3576
f 1932//3577 1930//3577 1931//3577
f 1934//3578 1933//3578 1935//3578
f 1935//3579 1933//3579 1932//3579
f 1470//3580 1911//3580 1932//3580
f 1932//3581 1911//3581 1935//3581
f 1911//3582 1475//3582 1935//3582
f 1935//3583 1475//3583 1936//3583
f 1937//3584 1934//3584 1936//3584
f 1936//3585 1934//3585 1935//3585
f 1938//3586 1937//3586 1939//3586
f 1939//3587 1937//3587 1936//3587
f 1475//3588 1472//3588 1936//3588
f 1936//3589 1472//3589 1939//3589
f 1472//3590 1471//3590 1939//3590
f 1939//3591 1471//3591 1543//3591
f 1542//3592 1938//3592 1543//3592
f 1543//3593 1938//3593 1939//3593
f 1940//3594 1538//3594 1941//3594
f 1941//3595 1538//3595 1540//3595
f 1477//3596 1913//3596 1540//3596
f 1540//3597 1913//3597 1941//3597
f 1913//3598 1916//3598 1941//3598
f 1941//3599 1916//3599 1942//3599
f 1943//3600 1940//3600 1942//3600
f 1942//3601 1940//3601 1941//3601
f 1943//3602 1942//3602 1944//3602
f 1944//3603 1942//3603 1945//3603
f 1942//3604 1916//3604 1945//3604
f 1945//3605 1916//3605 1917//3605
f 1920//3606 1946//3606 1917//3606
f 1917//3607 1946//3607 1945//3607
f 1946//3608 1605//3608 1945//3608
f 1945//3609 1605//3609 1944//3609
f 1605//3610 1946//3610 1607//3610
f 1607//3611 1946//3611 1947//3611
f 1946//3612 1920//3612 1947//3612
f 1947//3613 1920//3613 1921//3613
f 1551//3614 1550//3614 1921//3614
f 1921//3615 1550//3615 1947//3615
f 1550//3616 1549//3616 1947//3616
f 1947//3617 1549//3617 1607//3617
f 1662//3618 1603//3618 1948//3618
f 1948//3619 1603//3619 1602//3619
f 1533//3620 1534//3620 1602//3620
f 1602//3621 1534//3621 1948//3621
f 1534//3622 1537//3622 1948//3622
f 1948//3623 1537//3623 1927//3623
f 1663//3624 1662//3624 1927//3624
f 1927//3625 1662//3625 1948//3625
f 1670//3626 1665//3626 1949//3626
f 1949//3627 1665//3627 1664//3627
f 1663//3628 1925//3628 1664//3628
f 1664//3629 1925//3629 1949//3629
f 1925//3630 1929//3630 1949//3630
f 1949//3631 1929//3631 1950//3631
f 1671//3632 1670//3632 1950//3632
f 1950//3633 1670//3633 1949//3633
f 1676//3634 1671//3634 1951//3634
f 1951//3635 1671//3635 1950//3635
f 1929//3636 1930//3636 1950//3636
f 1950//3637 1930//3637 1951//3637
f 1930//3638 1933//3638 1951//3638
f 1951//3639 1933//3639 1952//3639
f 1677//3640 1676//3640 1952//3640
f 1952//3641 1676//3641 1951//3641
f 1682//3642 1677//3642 1953//3642
f 1953//3643 1677//3643 1952//3643
f 1933//3644 1934//3644 1952//3644
f 1952//3645 1934//3645 1953//3645
f 1934//3646 1937//3646 1953//3646
f 1953//3647 1937//3647 1954//3647
f 1683//3648 1682//3648 1954//3648
f 1954//3649 1682//3649 1953//3649
f 1955//3650 1683//3650 1956//3650
f 1956//3651 1683//3651 1954//3651
f 1937//3652 1938//3652 1954//3652
f 1954//3653 1938//3653 1956//3653
f 1938//3654 1542//3654 1956//3654
f 1956//3655 1542//3655 1957//3655
f 1958//3656 1955//3656 1957//3656
f 1957//3657 1955//3657 1956//3657
f 1959//3658 1958//3658 1960//3658
f 1960//3659 1958//3659 1957//3659
f 1542//3660 1539//3660 1957//3660
f 1957//3661 1539//3661 1960//3661
f 1539//3662 1538//3662 1960//3662
f 1960//3663 1538//3663 1961//3663
f 1962//3664 1959//3664 1961//3664
f 1961//3665 1959//3665 1960//3665
f 1963//3666 1962//3666 1964//3666
f 1964//3667 1962//3667 1961//3667
f 1538//3668 1940//3668 1961//3668
f 1961//3669 1940//3669 1964//3669
f 1940//3670 1943//3670 1964//3670
f 1964//3671 1943//3671 1965//3671
f 1966//3672 1963//3672 1965//3672
f 1965//3673 1963//3673 1964//3673
f 1966//3674 1965//3674 1967//3674
f 1967//3675 1965//3675 1968//3675
f 1965//3676 1943//3676 1968//3676
f 1968//3677 1943//3677 1944//3677
f 1605//3678 1604//3678 1944//3678
f 1944//3679 1604//3679 1968//3679
f 1604//3680 1611//3680 1968//3680
f 1968//3681 1611//3681 1967//3681
f 1722//3682 1685//3682 1969//3682
f 1969//3683 1685//3683 1684//3683
f 1683//3684 1955//3684 1684//3684
f 1684//3685 1955//3685 1969//3685
f 1955//3686 1958//3686 1969//3686
f 1969//3687 1958//3687 1970//3687
f 1723//3688 1722//3688 1970//3688
f 1970//3689 1722//3689 1969//3689
f 1727//3690 1723//3690 1971//3690
f 1971//3691 1723//3691 1970//3691
f 1958//3692 1959//3692 1970//3692
f 1970//3693 1959//3693 1971//3693
f 1959//3694 1962//3694 1971//3694
f 1971//3695 1962//3695 1972//3695
f 1728//3696 1727//3696 1972//3696
f 1972//3697 1727//3697 1971//3697
f 1735//3698 1728//3698 1973//3698
f 1973//3699 1728//3699 1972//3699
f 1962//3700 1963//3700 1972//3700
f 1972//3701 1963//3701 1973//3701
f 1963//3702 1966//3702 1973//3702
f 1973//3703 1966//3703 1974//3703
f 1736//3704 1735//3704 1974//3704
f 1974//3705 1735//3705 1973//3705
f 1736//3706 1974//3706 1737//3706
f 1737//3707 1974//3707 1975//3707
f 1974//3708 1966//3708 1975//3708
f 1975//3709 1966//3709 1967//3709
f 1611//3710 1976//3710 1967//3710
f 1967//3711 1976//3711 1975//3711
f 1976//3712 1738//3712 1975//3712
f 1975//3713 1738//3713 1737//3713
f 1738//3714 1976//3714 1743//3714
f 1743//3715 1976//3715 1977//3715
f 1976//3716 1611//3716 1977//3716
f 1977//3717 1611//3717 1610//3717
f 1609//3718 1978//3718 1610//3718
f 1610//3719 1978//3719 1977//3719
f 1978//3720 1745//3720 1977//3720
f 1977//3721 1745//3721 1743//3721
f 1745//3722 1978//3722 1750//3722
f 1750//3723 1978//3723 1979//3723
f 1978//3724 1609//3724 1979//3724
f 1979//3725 1609//3725 1615//3725
f 1614//3726 1686//3726 1615//3726
f 1615//3727 1686//3727 1979//3727
f 1686//3728 1691//3728 1979//3728
f 1979//3729 1691//3729 1750//3729
f 1717//3730 1673//3730 1674//3730
f 1679//3731 1770//3731 1674//3731
f 1674//3732 1770//3732 1717//3732
f 1719//3733 1770//3733 1980//3733
f 1770//3734 1679//3734 1980//3734
f 1980//3735 1679//3735 1680//3735
f 1680//3736 1685//3736 1980//3736
f 1980//3737 1685//3737 1721//3737
f 1721//3738 1719//3738 1980//3738
f 1801//3739 1800//3739 1981//3739
f 1981//3740 1800//3740 1982//3740
f 1751//3741 1749//3741 1800//3741
f 1800//3742 1749//3742 1982//3742
f 1749//3743 1691//3743 1982//3743
f 1982//3744 1691//3744 1690//3744
f 1689//3745 1983//3745 1690//3745
f 1690//3746 1983//3746 1982//3746
f 1984//3747 1985//3747 1983//3747
f 1983//3748 1985//3748 1982//3748
f 1985//3749 1986//3749 1982//3749
f 1982//3750 1986//3750 1981//3750
f 1983//3751 1689//3751 1987//3751
f 1987//3752 1689//3752 1692//3752
f 1692//3753 1694//3753 1987//3753
f 1987//3754 1694//3754 1988//3754
f 1984//3755 1983//3755 1988//3755
f 1988//3756 1983//3756 1987//3756
f 1717//3757 1754//3757 1989//3757
f 1989//3758 1754//3758 1752//3758
f 1706//3759 1715//3759 1752//3759
f 1752//3760 1715//3760 1989//3760
f 1715//3761 1667//3761 1989//3761
f 1989//3762 1667//3762 1717//3762
f 1763//3763 1762//3763 1990//3763
f 1990//3764 1762//3764 1991//3764
f 1754//3765 1992//3765 1762//3765
f 1762//3766 1992//3766 1991//3766
f 1992//3767 1993//3767 1991//3767
f 1991//3768 1993//3768 1994//3768
f 1995//3769 1996//3769 1994//3769
f 1994//3770 1996//3770 1991//3770
f 1996//3771 1997//3771 1991//3771
f 1991//3772 1997//3772 1990//3772
f 1769//3773 1993//3773 1768//3773
f 1768//3774 1993//3774 1992//3774
f 1992//3775 1754//3775 1768//3775
f 1768//3776 1754//3776 1717//3776
f 1998//3777 1999//3777 2000//3777
f 2000//3778 1999//3778 2001//3778
f 1999//3779 1769//3779 2001//3779
f 1769//3780 2002//3780 2001//3780
f 2002//3781 2003//3781 2001//3781
f 2001//3782 2003//3782 2000//3782
f 2003//3783 2002//3783 2004//3783
f 2004//3784 2002//3784 2005//3784
f 2002//3785 1769//3785 2005//3785
f 1767//3786 2006//3786 1769//3786
f 1769//3787 2006//3787 2005//3787
f 2006//3788 2007//3788 2005//3788
f 2005//3789 2007//3789 2004//3789
f 2007//3790 2006//3790 2008//3790
f 2008//3791 2006//3791 1805//3791
f 2006//3792 1767//3792 1805//3792
f 1805//3793 1767//3793 1771//3793
f 1805//3794 2//3794 2008//3794
f 1993//3795 2009//3795 1994//3795
f 1994//3796 2009//3796 2010//3796
f 2009//3797 2011//3797 2010//3797
f 2010//3798 2011//3798 2012//3798
f 2013//3799 2014//3799 2012//3799
f 2012//3800 2014//3800 2010//3800
f 2014//3801 2015//3801 2010//3801
f 2010//3802 2015//3802 2016//3802
f 1995//3803 1994//3803 2016//3803
f 2016//3804 1994//3804 2010//3804
f 2011//3805 2009//3805 2017//3805
f 2017//3806 2009//3806 2018//3806
f 2009//3807 1993//3807 2018//3807
f 2018//3808 1993//3808 1769//3808
f 1769//3809 1999//3809 2018//3809
f 1999//3810 1998//3810 2018//3810
f 2018//3811 1998//3811 2017//3811
f 1998//3812 2000//3812 2019//3812
f 2019//3813 2000//3813 2020//3813
f 2003//3814 2021//3814 2000//3814
f 2000//3815 2021//3815 2020//3815
f 2021//3816 2022//3816 2020//3816
f 2020//3817 2022//3817 2023//3817
f 2023//3818 2024//3818 2020//3818
f 2020//3819 2024//3819 2019//3819
f 2022//3820 2021//3820 2025//3820
f 2025//3821 2021//3821 2026//3821
f 2021//3822 2003//3822 2026//3822
f 2026//3823 2003//3823 2004//3823
f 2007//3824 2027//3824 2004//3824
f 2004//3825 2027//3825 2026//3825
f 2027//3826 2028//3826 2026//3826
f 2026//3827 2028//3827 2029//3827
f 2029//3828 2030//3828 2026//3828
f 2026//3829 2030//3829 2025//3829
f 2027//3830 2007//3830 2031//3830
f 2031//3831 2007//3831 2008//3831
f 2//3832 2032//3832 2008//3832
f 2008//3833 2032//3833 2031//3833
f 2033//3834 2034//3834 2032//3834
f 2032//3835 2034//3835 2031//3835
f 2034//3836 2035//3836 2031//3836
f 2031//3837 2035//3837 2036//3837
f 2028//3838 2027//3838 2036//3838
f 2036//3839 2027//3839 2031//3839
f 2032//3840 2//3840 2037//3840
f 2037//3841 2//3841 1//3841
f 1//3842 11//3842 2037//3842
f 2037//3843 11//3843 2038//3843
f 2038//3844 2033//3844 2037//3844
f 2037//3845 2033//3845 2032//3845
f 2012//3846 2011//3846 2039//3846
f 2039//3847 2011//3847 2040//3847
f 2041//3848 2042//3848 2040//3848
f 2040//3849 2042//3849 2039//3849
f 2042//3850 2043//3850 2039//3850
f 2039//3851 2043//3851 2044//3851
f 2044//3852 2013//3852 2039//3852
f 2039//3853 2013//3853 2012//3853
f 2011//3854 2017//3854 2040//3854
f 2040//3855 2017//3855 2045//3855
f 2017//3856 1998//3856 2045//3856
f 2045//3857 1998//3857 2019//3857
f 2024//3858 2046//3858 2019//3858
f 2019//3859 2046//3859 2045//3859
f 2046//3860 2047//3860 2045//3860
f 2045//3861 2047//3861 2048//3861
f 2041//3862 2040//3862 2048//3862
f 2048//3863 2040//3863 2045//3863
f 302//3864 393//3864 301//3864
f 301//3865 393//3865 2049//3865
f 391//3866 390//3866 393//3866
f 393//3867 390//3867 2049//3867
f 390//3868 389//3868 2049//3868
f 389//3869 479//3869 2049//3869
f 479//3870 477//3870 2049//3870
f 2049//3871 477//3871 476//3871
f 476//3872 475//3872 2049//3872
f 2049//3873 475//3873 563//3873
f 560//3874 2049//3874 561//3874
f 563//3875 561//3875 2049//3875
f 559//3876 642//3876 560//3876
f 560//3877 642//3877 2049//3877
f 641//3878 2050//3878 642//3878
f 642//3879 2050//3879 2049//3879
f 2050//3880 2051//3880 2049//3880
f 2049//3881 2051//3881 2052//3881
f 303//3882 301//3882 2052//3882
f 2052//3883 301//3883 2049//3883
f 2053//3884 2054//3884 2055//3884
f 2055//3885 2054//3885 2056//3885
f 2057//3886 2058//3886 2056//3886
f 2056//3887 2058//3887 2055//3887
f 2058//3888 2059//3888 2055//3888
f 2055//3889 2059//3889 2060//3889
f 2061//3890 2053//3890 2060//3890
f 2060//3891 2053//3891 2055//3891
f 2062//3892 2057//3892 2063//3892
f 2063//3893 2057//3893 2056//3893
f 2056//3894 2054//3894 2063//3894
f 2063//3895 2054//3895 2064//3895
f 2064//3896 2065//3896 2063//3896
f 2063//3897 2065//3897 2066//3897
f 2066//3898 2067//3898 2063//3898
f 2063//3899 2067//3899 2062//3899
f 2068//3900 2069//3900 2070//3900
f 2070//3901 2069//3901 2071//3901
f 2071//3902 2072//3902 2070//3902
f 2070//3903 2072//3903 2073//3903
f 2074//3904 2075//3904 2073//3904
f 2073//3905 2075//3905 2070//3905
f 2075//3906 2076//3906 2070//3906
f 2070//3907 2076//3907 2068//3907
f 2074//3908 2073//3908 2077//3908
f 2077//3909 2073//3909 2078//3909
f 2073//3910 2072//3910 2078//3910
f 2078//3911 2072//3911 2079//3911
f 2080//3912 2081//3912 2079//3912
f 2079//3913 2081//3913 2078//3913
f 2081//3914 2082//3914 2078//3914
f 2078//3915 2082//3915 2077//3915
f 2083//3916 2084//3916 2085//3916
f 2085//3917 2084//3917 2086//3917
f 2087//3918 2088//3918 2086//3918
f 2086//3919 2088//3919 2085//3919
f 2088//3920 2089//3920 2085//3920
f 2085//3921 2089//3921 2090//3921
f 2090//3922 2059//3922 2085//3922
f 2085//3923 2059//3923 2091//3923
f 2092//3924 2083//3924 2091//3924
f 2091//3925 2083//3925 2085//3925
f 2093//3926 2094//3926 2095//3926
f 2095//3927 2094//3927 2096//3927
f 2097//3928 2098//3928 2096//3928
f 2096//3929 2098//3929 2095//3929
f 2099//3930 2100//3930 2098//3930
f 2098//3931 2100//3931 2095//3931
f 2101//3932 2102//3932 2100//3932
f 2100//3933 2102//3933 2095//3933
f 2080//3934 2093//3934 2102//3934
f 2102//3935 2093//3935 2095//3935
f 2103//3936 2104//3936 2105//3936
f 2105//3937 2104//3937 2106//3937
f 2107//3938 2108//3938 2106//3938
f 2106//3939 2108//3939 2105//3939
f 2108//3940 2109//3940 2105//3940
f 2105//3941 2109//3941 2110//3941
f 2111//3942 2103//3942 2110//3942
f 2110//3943 2103//3943 2105//3943
f 2112//3944 2104//3944 2113//3944
f 2113//3945 2104//3945 2103//3945
f 2111//3946 2114//3946 2103//3946
f 2103//3947 2114//3947 2113//3947
f 2115//3948 2116//3948 2114//3948
f 2114//3949 2116//3949 2113//3949
f 2116//3950 2117//3950 2113//3950
f 2113//3951 2117//3951 2112//3951
f 2115//3952 2114//3952 2118//3952
f 2118//3953 2114//3953 2119//3953
f 2111//3954 2120//3954 2114//3954
f 2114//3955 2120//3955 2119//3955
f 2120//3956 2121//3956 2119//3956
f 2119//3957 2121//3957 2122//3957
f 2122//3958 2123//3958 2119//3958
f 2119//3959 2123//3959 2118//3959
f 2124//3960 2125//3960 2126//3960
f 2126//3961 2125//3961 2127//3961
f 2125//3962 2128//3962 2127//3962
f 2127//3963 2128//3963 2129//3963
f 2130//3964 2131//3964 2129//3964
f 2129//3965 2131//3965 2127//3965
f 2131//3966 2132//3966 2127//3966
f 2127//3967 2132//3967 2126//3967
f 2133//3968 2128//3968 2134//3968
f 2134//3969 2128//3969 2125//3969
f 2125//3970 2124//3970 2134//3970
f 2134//3971 2124//3971 2135//3971
f 2135//3972 2109//3972 2134//3972
f 2134//3973 2109//3973 2108//3973
f 2107//3974 2133//3974 2108//3974
f 2108//3975 2133//3975 2134//3975
f 2124//3976 2136//3976 2135//3976
f 2135//3977 2136//3977 2137//3977
f 2136//3978 2138//3978 2137//3978
f 2137//3979 2138//3979 2139//3979
f 2140//3980 2141//3980 2139//3980
f 2139//3981 2141//3981 2137//3981
f 2141//3982 2109//3982 2137//3982
f 2137//3983 2109//3983 2135//3983
f 2142//3984 2143//3984 2144//3984
f 2144//3985 2143//3985 2145//3985
f 2145//3986 2146//3986 2144//3986
f 2144//3987 2146//3987 2147//3987
f 2147//3988 2148//3988 2144//3988
f 2144//3989 2148//3989 2149//3989
f 2150//3990 2142//3990 2149//3990
f 2149//3991 2142//3991 2144//3991
f 2151//3992 2152//3992 2153//3992
f 2153//3993 2152//3993 2154//3993
f 2154//3994 2148//3994 2153//3994
f 2153//3995 2148//3995 2147//3995
f 2146//3996 2155//3996 2147//3996
f 2147//3997 2155//3997 2153//3997
f 2155//3998 2156//3998 2153//3998
f 2153//3999 2156//3999 2151//3999
f 2155//4000 2146//4000 2157//4000
f 2157//4001 2146//4001 2158//4001
f 2159//4002 2160//4002 2158//4002
f 2158//4003 2160//4003 2157//4003
f 2160//4004 2161//4004 2157//4004
f 2157//4005 2161//4005 2162//4005
f 2156//4006 2155//4006 2162//4006
f 2162//4007 2155//4007 2157//4007
f 2163//4008 2164//4008 2165//4008
f 2165//4009 2164//4009 2166//4009
f 2167//4010 2168//4010 2166//4010
f 2166//4011 2168//4011 2165//4011
f 2168//4012 2169//4012 2165//4012
f 2165//4013 2169//4013 2170//4013
f 2170//4014 2171//4014 2165//4014
f 2165//4015 2171//4015 2163//4015
f 2172//4016 2169//4016 2173//4016
f 2173//4017 2169//4017 2168//4017
f 2167//4018 2174//4018 2168//4018
f 2168//4019 2174//4019 2173//4019
f 2174//4020 2143//4020 2173//4020
f 2173//4021 2143//4021 2142//4021
f 2150//4022 2172//4022 2142//4022
f 2142//4023 2172//4023 2173//4023
f 2174//4024 2167//4024 2175//4024
f 2175//4025 2167//4025 2176//4025
f 2177//4026 2178//4026 2176//4026
f 2176//4027 2178//4027 2175//4027
f 2178//4028 2179//4028 2175//4028
f 2175//4029 2179//4029 2180//4029
f 2143//4030 2174//4030 2180//4030
f 2180//4031 2174//4031 2175//4031
f 2181//4032 2182//4032 2183//4032
f 2183//4033 2182//4033 2184//4033
f 2182//4034 2121//4034 2184//4034
f 2184//4035 2121//4035 2185//4035
f 2140//4036 2186//4036 2185//4036
f 2185//4037 2186//4037 2184//4037
f 2186//4038 2187//4038 2184//4038
f 2184//4039 2187//4039 2183//4039
f 2188//4040 2123//4040 2189//4040
f 2189//4041 2123//4041 2122//4041
f 2121//4042 2182//4042 2122//4042
f 2122//4043 2182//4043 2189//4043
f 2182//4044 2181//4044 2189//4044
f 2189//4045 2181//4045 2190//4045
f 2191//4046 2188//4046 2190//4046
f 2190//4047 2188//4047 2189//4047
f 2192//4048 2191//4048 2193//4048
f 2193//4049 2191//4049 2190//4049
f 2181//4050 2194//4050 2190//4050
f 2190//4051 2194//4051 2193//4051
f 2194//4052 2195//4052 2193//4052
f 2193//4053 2195//4053 2196//4053
f 2196//4054 2197//4054 2193//4054
f 2193//4055 2197//4055 2192//4055
f 2198//4056 2199//4056 2200//4056
f 2200//4057 2199//4057 2201//4057
f 2202//4058 2203//4058 2201//4058
f 2201//4059 2203//4059 2200//4059
f 2203//4060 2138//4060 2200//4060
f 2200//4061 2138//4061 2204//4061
f 2204//4062 2205//4062 2200//4062
f 2200//4063 2205//4063 2198//4063
f 2138//4064 2203//4064 2139//4064
f 2139//4065 2203//4065 2206//4065
f 2203//4066 2202//4066 2206//4066
f 2206//4067 2202//4067 2207//4067
f 2187//4068 2186//4068 2207//4068
f 2207//4069 2186//4069 2206//4069
f 2186//4070 2140//4070 2206//4070
f 2206//4071 2140//4071 2139//4071
f 2208//4072 2209//4072 2210//4072
f 2210//4073 2209//4073 2211//4073
f 2209//4074 2187//4074 2211//4074
f 2211//4075 2187//4075 2207//4075
f 2202//4076 2212//4076 2207//4076
f 2207//4077 2212//4077 2211//4077
f 2212//4078 2213//4078 2211//4078
f 2211//4079 2213//4079 2210//4079
f 2214//4080 2215//4080 2216//4080
f 2216//4081 2215//4081 2217//4081
f 2215//4082 2218//4082 2217//4082
f 2217//4083 2218//4083 2219//4083
f 2159//4084 2220//4084 2219//4084
f 2219//4085 2220//4085 2217//4085
f 2220//4086 2179//4086 2217//4086
f 2217//4087 2179//4087 2216//4087
f 2160//4088 2159//4088 2221//4088
f 2221//4089 2159//4089 2219//4089
f 2218//4090 2222//4090 2219//4090
f 2219//4091 2222//4091 2221//4091
f 2222//4092 2223//4092 2221//4092
f 2221//4093 2223//4093 2224//4093
f 2224//4094 2161//4094 2221//4094
f 2221//4095 2161//4095 2160//4095
f 2223//4096 2222//4096 2225//4096
f 2225//4097 2222//4097 2226//4097
f 2222//4098 2218//4098 2226//4098
f 2226//4099 2218//4099 2227//4099
f 2227//4100 2228//4100 2226//4100
f 2226//4101 2228//4101 2229//4101
f 2229//4102 2230//4102 2226//4102
f 2226//4103 2230//4103 2225//4103
f 2231//4104 2232//4104 2233//4104
f 2233//4105 2232//4105 2234//4105
f 2235//4106 2236//4106 2234//4106
f 2234//4107 2236//4107 2233//4107
f 2236//4108 2177//4108 2233//4108
f 2233//4109 2177//4109 2237//4109
f 2237//4110 2238//4110 2233//4110
f 2233//4111 2238//4111 2231//4111
f 2236//4112 2235//4112 2239//4112
f 2239//4113 2235//4113 2240//4113
f 2240//4114 2214//4114 2239//4114
f 2239//4115 2214//4115 2216//4115
f 2179//4116 2178//4116 2216//4116
f 2216//4117 2178//4117 2239//4117
f 2177//4118 2236//4118 2178//4118
f 2178//4119 2236//4119 2239//4119
f 2241//4120 2242//4120 2243//4120
f 2243//4121 2242//4121 2244//4121
f 2214//4122 2240//4122 2244//4122
f 2244//4123 2240//4123 2243//4123
f 2240//4124 2235//4124 2243//4124
f 2243//4125 2235//4125 2245//4125
f 2246//4126 2241//4126 2245//4126
f 2245//4127 2241//4127 2243//4127
f 2247//4128 2248//4128 2249//4128
f 2249//4129 2248//4129 2250//4129
f 2248//4130 2251//4130 2250//4130
f 2250//4131 2251//4131 2252//4131
f 2252//4132 2195//4132 2250//4132
f 2250//4133 2195//4133 2253//4133
f 2208//4134 2249//4134 2253//4134
f 2253//4135 2249//4135 2250//4135
f 2251//4136 2254//4136 2252//4136
f 2252//4137 2254//4137 2255//4137
f 2254//4138 2256//4138 2255//4138
f 2255//4139 2256//4139 2257//4139
f 2257//4140 2197//4140 2255//4140
f 2255//4141 2197//4141 2196//4141
f 2195//4142 2252//4142 2196//4142
f 2196//4143 2252//4143 2255//4143
f 2258//4144 2259//4144 2260//4144
f 2260//4145 2259//4145 2261//4145
f 2261//4146 2256//4146 2260//4146
f 2260//4147 2256//4147 2254//4147
f 2254//4148 2251//4148 2260//4148
f 2260//4149 2251//4149 2262//4149
f 2263//4150 2258//4150 2262//4150
f 2262//4151 2258//4151 2260//4151
f 2264//4152 2213//4152 2265//4152
f 2265//4153 2213//4153 2266//4153
f 2266//4154 2267//4154 2265//4154
f 2265//4155 2267//4155 2268//4155
f 2268//4156 2269//4156 2265//4156
f 2265//4157 2269//4157 2270//4157
f 2271//4158 2264//4158 2270//4158
f 2270//4159 2264//4159 2265//4159
f 2213//4160 2264//4160 2210//4160
f 2210//4161 2264//4161 2272//4161
f 2264//4162 2271//4162 2272//4162
f 2272//4163 2271//4163 2273//4163
f 2273//4164 2247//4164 2272//4164
f 2272//4165 2247//4165 2249//4165
f 2249//4166 2208//4166 2272//4166
f 2272//4167 2208//4167 2210//4167
f 2228//4168 2274//4168 2275//4168
f 2275//4169 2274//4169 2276//4169
f 2274//4170 2242//4170 2276//4170
f 2276//4171 2242//4171 2277//4171
f 2278//4172 2279//4172 2277//4172
f 2277//4173 2279//4173 2276//4173
f 2279//4174 2280//4174 2276//4174
f 2276//4175 2280//4175 2275//4175
f 2281//4176 2282//4176 2283//4176
f 2283//4177 2282//4177 2284//4177
f 2284//4178 2230//4178 2283//4178
f 2283//4179 2230//4179 2229//4179
f 2229//4180 2228//4180 2283//4180
f 2283//4181 2228//4181 2275//4181
f 2280//4182 2281//4182 2275//4182
f 2275//4183 2281//4183 2283//4183
f 2281//4184 2280//4184 2285//4184
f 2285//4185 2280//4185 2286//4185
f 2287//4186 2288//4186 2286//4186
f 2286//4187 2288//4187 2285//4187
f 2288//4188 2289//4188 2285//4188
f 2285//4189 2289//4189 2290//4189
f 2290//4190 2282//4190 2285//4190
f 2285//4191 2282//4191 2281//4191
f 2291//4192 2246//4192 2292//4192
f 2292//4193 2246//4193 2293//4193
f 2293//4194 2294//4194 2292//4194
f 2292//4195 2294//4195 2295//4195
f 2295//4196 2296//4196 2292//4196
f 2292//4197 2296//4197 2297//4197
f 2298//4198 2291//4198 2297//4198
f 2297//4199 2291//4199 2292//4199
f 2246//4200 2291//4200 2241//4200
f 2241//4201 2291//4201 2299//4201
f 2291//4202 2298//4202 2299//4202
f 2299//4203 2298//4203 2300//4203
f 2278//4204 2277//4204 2300//4204
f 2300//4205 2277//4205 2299//4205
f 2277//4206 2242//4206 2299//4206
f 2299//4207 2242//4207 2241//4207
f 2301//4208 2302//4208 2303//4208
f 2303//4209 2302//4209 2304//4209
f 2302//4210 2278//4210 2304//4210
f 2304//4211 2278//4211 2300//4211
f 2298//4212 2305//4212 2300//4212
f 2300//4213 2305//4213 2304//4213
f 2305//4214 2306//4214 2304//4214
f 2304//4215 2306//4215 2303//4215
f 2263//4216 2307//4216 2308//4216
f 2308//4217 2307//4217 2309//4217
f 2307//4218 2310//4218 2309//4218
f 2309//4219 2310//4219 2311//4219
f 2312//4220 2313//4220 2311//4220
f 2311//4221 2313//4221 2309//4221
f 2313//4222 2314//4222 2309//4222
f 2309//4223 2314//4223 2308//4223
f 2258//4224 2263//4224 2315//4224
f 2315//4225 2263//4225 2308//4225
f 2314//4226 2316//4226 2308//4226
f 2308//4227 2316//4227 2315//4227
f 2316//4228 2317//4228 2315//4228
f 2315//4229 2317//4229 2318//4229
f 2259//4230 2258//4230 2318//4230
f 2318//4231 2258//4231 2315//4231
f 2316//4232 2314//4232 2319//4232
f 2319//4233 2314//4233 2320//4233
f 2321//4234 2322//4234 2320//4234
f 2320//4235 2322//4235 2319//4235
f 2322//4236 2323//4236 2319//4236
f 2319//4237 2323//4237 2324//4237
f 2324//4238 2317//4238 2319//4238
f 2319//4239 2317//4239 2316//4239
f 2325//4240 2326//4240 2327//4240
f 2327//4241 2326//4241 2328//4241
f 2326//4242 2329//4242 2328//4242
f 2328//4243 2329//4243 2330//4243
f 2330//4244 2331//4244 2328//4244
f 2328//4245 2331//4245 2332//4245
f 2333//4246 2327//4246 2332//4246
f 2332//4247 2327//4247 2328//4247
f 2334//4248 2325//4248 2335//4248
f 2335//4249 2325//4249 2327//4249
f 2333//4250 2336//4250 2327//4250
f 2327//4251 2336//4251 2335//4251
f 2336//4252 2312//4252 2335//4252
f 2335//4253 2312//4253 2311//4253
f 2310//4254 2334//4254 2311//4254
f 2311//4255 2334//4255 2335//4255
f 2312//4256 2336//4256 2337//4256
f 2337//4257 2336//4257 2338//4257
f 2336//4258 2333//4258 2338//4258
f 2338//4259 2333//4259 2339//4259
f 2340//4260 2341//4260 2339//4260
f 2339//4261 2341//4261 2338//4261
f 2341//4262 2342//4262 2338//4262
f 2338//4263 2342//4263 2337//4263
f 2343//4264 2344//4264 2345//4264
f 2345//4265 2344//4265 2346//4265
f 2346//4266 2289//4266 2345//4266
f 2345//4267 2289//4267 2288//4267
f 2288//4268 2287//4268 2345//4268
f 2345//4269 2287//4269 2347//4269
f 2348//4270 2343//4270 2347//4270
f 2347//4271 2343//4271 2345//4271
f 2349//4272 2344//4272 2350//4272
f 2350//4273 2344//4273 2343//4273
f 2348//4274 2351//4274 2343//4274
f 2343//4275 2351//4275 2350//4275
f 2352//4276 2353//4276 2351//4276
f 2351//4277 2353//4277 2350//4277
f 2353//4278 2354//4278 2350//4278
f 2350//4279 2354//4279 2349//4279
f 2355//4280 2306//4280 2356//4280
f 2356//4281 2306//4281 2357//4281
f 2358//4282 2359//4282 2357//4282
f 2357//4283 2359//4283 2356//4283
f 2359//4284 2360//4284 2356//4284
f 2356//4285 2360//4285 2361//4285
f 2362//4286 2355//4286 2361//4286
f 2361//4287 2355//4287 2356//4287
f 2363//4288 2364//4288 2365//4288
f 2365//4289 2364//4289 2366//4289
f 2364//4290 2301//4290 2366//4290
f 2366//4291 2301//4291 2303//4291
f 2306//4292 2355//4292 2303//4292
f 2303//4293 2355//4293 2366//4293
f 2355//4294 2362//4294 2366//4294
f 2366//4295 2362//4295 2365//4295
f 2362//4296 2367//4296 2365//4296
f 2365//4297 2367//4297 2368//4297
f 2367//4298 2097//4298 2368//4298
f 2368//4299 2097//4299 2096//4299
f 2094//4300 2369//4300 2096//4300
f 2096//4301 2369//4301 2368//4301
f 2369//4302 2363//4302 2368//4302
f 2368//4303 2363//4303 2365//4303
f 2370//4304 2342//4304 2371//4304
f 2371//4305 2342//4305 2372//4305
f 2061//4306 2373//4306 2372//4306
f 2372//4307 2373//4307 2371//4307
f 2089//4308 2088//4308 2373//4308
f 2373//4309 2088//4309 2371//4309
f 2088//4310 2087//4310 2371//4310
f 2371//4311 2087//4311 2374//4311
f 2321//4312 2370//4312 2374//4312
f 2374//4313 2370//4313 2371//4313
f 2322//4314 2321//4314 2375//4314
f 2375//4315 2321//4315 2374//4315
f 2087//4316 2376//4316 2374//4316
f 2374//4317 2376//4317 2375//4317
f 2376//4318 2377//4318 2375//4318
f 2375//4319 2377//4319 2378//4319
f 2323//4320 2322//4320 2378//4320
f 2378//4321 2322//4321 2375//4321
f 2084//4322 2379//4322 2086//4322
f 2086//4323 2379//4323 2380//4323
f 2379//4324 2381//4324 2380//4324
f 2380//4325 2381//4325 2382//4325
f 2382//4326 2377//4326 2380//4326
f 2380//4327 2377//4327 2376//4327
f 2376//4328 2087//4328 2380//4328
f 2380//4329 2087//4329 2086//4329
f 2383//4330 2340//4330 2384//4330
f 2384//4331 2340//4331 2385//4331
f 2385//4332 2386//4332 2384//4332
f 2384//4333 2386//4333 2387//4333
f 2387//4334 2065//4334 2384//4334
f 2384//4335 2065//4335 2064//4335
f 2054//4336 2383//4336 2064//4336
f 2064//4337 2383//4337 2384//4337
f 2054//4338 2053//4338 2383//4338
f 2383//4339 2053//4339 2388//4339
f 2053//4340 2061//4340 2388//4340
f 2388//4341 2061//4341 2372//4341
f 2342//4342 2341//4342 2372//4342
f 2372//4343 2341//4343 2388//4343
f 2341//4344 2340//4344 2388//4344
f 2388//4345 2340//4345 2383//4345
f 2389//4346 2390//4346 2391//4346
f 2391//4347 2390//4347 2392//4347
f 2092//4348 2091//4348 2392//4348
f 2392//4349 2091//4349 2391//4349
f 2059//4350 2058//4350 2091//4350
f 2091//4351 2058//4351 2391//4351
f 2057//4352 2389//4352 2058//4352
f 2058//4353 2389//4353 2391//4353
f 2094//4354 2093//4354 2393//4354
f 2393//4355 2093//4355 2394//4355
f 2093//4356 2080//4356 2394//4356
f 2394//4357 2080//4357 2079//4357
f 2072//4358 2395//4358 2079//4358
f 2079//4359 2395//4359 2394//4359
f 2395//4360 2352//4360 2394//4360
f 2394//4361 2352//4361 2393//4361
f 2072//4362 2071//4362 2395//4362
f 2395//4363 2071//4363 2396//4363
f 2071//4364 2069//4364 2396//4364
f 2396//4365 2069//4365 2397//4365
f 2397//4366 2354//4366 2396//4366
f 2396//4367 2354//4367 2353//4367
f 2353//4368 2352//4368 2396//4368
f 2396//4369 2352//4369 2395//4369
f 2398//4370 2399//4370 2400//4370
f 2400//4371 2399//4371 2401//4371
f 2402//4372 2403//4372 2401//4372
f 2401//4373 2403//4373 2400//4373
f 2403//4374 2076//4374 2400//4374
f 2400//4375 2076//4375 2075//4375
f 2074//4376 2398//4376 2075//4376
f 2075//4377 2398//4377 2400//4377
f 2404//4378 2405//4378 2406//4378
f 2406//4379 2405//4379 2407//4379
f 2099//4380 2098//4380 2405//4380
f 2405//4381 2098//4381 2407//4381
f 2098//4382 2097//4382 2407//4382
f 2407//4383 2097//4383 2408//4383
f 2408//4384 2409//4384 2407//4384
f 2407//4385 2409//4385 2406//4385
f 2410//4386 2082//4386 2411//4386
f 2411//4387 2082//4387 2412//4387
f 2412//4388 2101//4388 2411//4388
f 2411//4389 2101//4389 2100//4389
f 2099//4390 2413//4390 2100//4390
f 2100//4391 2413//4391 2411//4391
f 2413//4392 2414//4392 2411//4392
f 2411//4393 2414//4393 2415//4393
f 2416//4394 2410//4394 2415//4394
f 2415//4395 2410//4395 2411//4395
f 2417//4396 2399//4396 2418//4396
f 2418//4397 2399//4397 2419//4397
f 2419//4398 2416//4398 2418//4398
f 2418//4399 2416//4399 2420//4399
f 2421//4400 2422//4400 2420//4400
f 2420//4401 2422//4401 2418//4401
f 2423//4402 2417//4402 2422//4402
f 2422//4403 2417//4403 2418//4403
f 2424//4404 2425//4404 2426//4404
f 2426//4405 2425//4405 2427//4405
f 2428//4406 2429//4406 2430//4406
f 2430//4407 2429//4407 2431//4407
f 2432//4408 2428//4408 2433//4408
f 2433//4409 2428//4409 2430//4409
f 2434//4410 2435//4410 2436//4410
f 2436//4411 2435//4411 2437//4411
f 2438//4412 2439//4412 2440//4412
f 2440//4413 2439//4413 2441//4413
f 2442//4414 2443//4414 2444//4414
f 2444//4415 2443//4415 2445//4415
f 2446//4416 2447//4416 2448//4416
f 2448//4417 2447//4417 2444//4417
f 2449//4418 2450//4418 2451//4418
f 2451//4419 2450//4419 2452//4419
f 2450//4420 2453//4420 2452//4420
f 2452//4421 2453//4421 2454//4421
f 2450//4422 2455//4422 2453//4422
f 2453//4423 2455//4423 2456//4423
f 2457//4424 2456//4424 2455//4424
f 2458//4425 2459//4425 2460//4425
f 2460//4426 2459//4426 2461//4426
f 2459//4427 2462//4427 2461//4427
f 2461//4428 2462//4428 2463//4428
f 2464//4429 2465//4429 2466//4429
f 2466//4430 2465//4430 2467//4430
f 2465//4431 2462//4431 2467//4431
f 2467//4432 2462//4432 2468//4432
f 2468//4433 2469//4433 2467//4433
f 2467//4434 2469//4434 2470//4434
f 2470//4435 2471//4435 2467//4435
f 2467//4436 2471//4436 2466//4436
f 2472//4437 2473//4437 2474//4437
f 2475//4438 2476//4438 2477//4438
f 2477//4439 2476//4439 2478//4439
f 2479//4440 2472//4440 2436//4440
f 2480//4441 2436//4441 2474//4441
f 2472//4442 2474//4442 2436//4442
f 2481//4443 2434//4443 2480//4443
f 2480//4444 2434//4444 2436//4444
f 2482//4445 2483//4445 2480//4445
f 2480//4446 2483//4446 2484//4446
f 2485//4447 2481//4447 2484//4447
f 2484//4448 2481//4448 2480//4448
f 2480//4449 2474//4449 2482//4449
f 2486//4450 2487//4450 2488//4450
f 2488//4451 2487//4451 2489//4451
f 2446//4452 2489//4452 2490//4452
f 2489//4453 2487//4453 2490//4453
f 2487//4454 2491//4454 2490//4454
f 2491//4455 2492//4455 2490//4455
f 2490//4456 2492//4456 2493//4456
f 2491//4457 2494//4457 2492//4457
f 2495//4458 2496//4458 2494//4458
f 2496//4459 2492//4459 2494//4459
f 2491//4460 2497//4460 2494//4460
f 2494//4461 2497//4461 2498//4461
f 2499//4462 2495//4462 2498//4462
f 2498//4463 2495//4463 2494//4463
f 2500//4464 2501//4464 2502//4464
f 2502//4465 2501//4465 2503//4465
f 2504//4466 2505//4466 2506//4466
f 2506//4467 2505//4467 2507//4467
f 2506//4468 2507//4468 2457//4468
f 2457//4469 2507//4469 2508//4469
f 2509//4470 2456//4470 2508//4470
f 2508//4471 2456//4471 2457//4471
f 2510//4472 2511//4472 2512//4472
f 2512//4473 2511//4473 2513//4473
f 2513//4474 2509//4474 2512//4474
f 2512//4475 2509//4475 2508//4475
f 2507//4476 2514//4476 2508//4476
f 2508//4477 2514//4477 2512//4477
f 2514//4478 2515//4478 2512//4478
f 2512//4479 2515//4479 2510//4479
f 2460//4480 2461//4480 2516//4480
f 2461//4481 2517//4481 2516//4481
f 2516//4482 2517//4482 2518//4482
f 2489//4483 2446//4483 2519//4483
f 2519//4484 2446//4484 2448//4484
f 2438//4485 2440//4485 2519//4485
f 2519//4486 2440//4486 2520//4486
f 2488//4487 2489//4487 2520//4487
f 2520//4488 2489//4488 2519//4488
f 2521//4489 2522//4489 2455//4489
f 2455//4490 2522//4490 2457//4490
f 2523//4491 2524//4491 2525//4491
f 2525//4492 2524//4492 2526//4492
f 2459//4493 2458//4493 2527//4493
f 2527//4494 2458//4494 2528//4494
f 2529//4495 2530//4495 2528//4495
f 2528//4496 2530//4496 2527//4496
f 2530//4497 2469//4497 2527//4497
f 2527//4498 2469//4498 2468//4498
f 2462//4499 2459//4499 2468//4499
f 2468//4500 2459//4500 2527//4500
f 2531//4501 2532//4501 2533//4501
f 2533//4502 2532//4502 2534//4502
f 2532//4503 2535//4503 2534//4503
f 2534//4504 2535//4504 2536//4504
f 2537//4505 2538//4505 2536//4505
f 2536//4506 2538//4506 2534//4506
f 2538//4507 2539//4507 2534//4507
f 2534//4508 2539//4508 2533//4508
f 2535//4509 2540//4509 2536//4509
f 2536//4510 2540//4510 2541//4510
f 2540//4511 2542//4511 2541//4511
f 2541//4512 2542//4512 2543//4512
f 2544//4513 2545//4513 2543//4513
f 2543//4514 2545//4514 2541//4514
f 2545//4515 2537//4515 2541//4515
f 2541//4516 2537//4516 2536//4516
f 2546//4517 2544//4517 2547//4517
f 2547//4518 2544//4518 2543//4518
f 2542//4519 2548//4519 2543//4519
f 2543//4520 2548//4520 2547//4520
f 2549//4521 2550//4521 2548//4521
f 2548//4522 2550//4522 2547//4522
f 2550//4523 2551//4523 2547//4523
f 2547//4524 2551//4524 2546//4524
f 2552//4525 2553//4525 2554//4525
f 2554//4526 2553//4526 2555//4526
f 2553//4527 2556//4527 2555//4527
f 2555//4528 2556//4528 2557//4528
f 2551//4529 2550//4529 2557//4529
f 2557//4530 2550//4530 2555//4530
f 2550//4531 2549//4531 2555//4531
f 2555//4532 2549//4532 2554//4532
f 2556//4533 2553//4533 2558//4533
f 2558//4534 2553//4534 2559//4534
f 2553//4535 2552//4535 2559//4535
f 2559//4536 2552//4536 2560//4536
f 2561//4537 2562//4537 2560//4537
f 2560//4538 2562//4538 2559//4538
f 2562//4539 2563//4539 2559//4539
f 2559//4540 2563//4540 2558//4540
f 2483//4541 2482//4541 2564//4541
f 2564//4542 2482//4542 2565//4542
f 2482//4543 2474//4543 2565//4543
f 2565//4544 2474//4544 2473//4544
f 2496//4545 2495//4545 2566//4545
f 2495//4546 2565//4546 2566//4546
f 2473//4547 2566//4547 2565//4547
f 2495//4548 2499//4548 2565//4548
f 2565//4549 2499//4549 2564//4549
f 2486//4550 2567//4550 2487//4550
f 2487//4551 2567//4551 2568//4551
f 2568//4552 2497//4552 2487//4552
f 2487//4553 2497//4553 2491//4553
f 2569//4554 2515//4554 2570//4554
f 2570//4555 2515//4555 2514//4555
f 2514//4556 2507//4556 2570//4556
f 2570//4557 2507//4557 2505//4557
f 2464//4558 2466//4558 2571//4558
f 2466//4559 2570//4559 2571//4559
f 2505//4560 2571//4560 2570//4560
f 2466//4561 2471//4561 2570//4561
f 2570//4562 2471//4562 2569//4562
f 2572//4563 2573//4563 2574//4563
f 2574//4564 2573//4564 2575//4564
f 2573//4565 2576//4565 2575//4565
f 2575//4566 2576//4566 2577//4566
f 2539//4567 2538//4567 2577//4567
f 2577//4568 2538//4568 2575//4568
f 2538//4569 2537//4569 2575//4569
f 2575//4570 2537//4570 2574//4570
f 2537//4571 2545//4571 2574//4571
f 2574//4572 2545//4572 2578//4572
f 2545//4573 2544//4573 2578//4573
f 2578//4574 2544//4574 2579//4574
f 2580//4575 2581//4575 2579//4575
f 2579//4576 2581//4576 2578//4576
f 2581//4577 2572//4577 2578//4577
f 2578//4578 2572//4578 2574//4578
f 2582//4579 2580//4579 2583//4579
f 2583//4580 2580//4580 2579//4580
f 2544//4581 2546//4581 2579//4581
f 2579//4582 2546//4582 2583//4582
f 2551//4583 2584//4583 2546//4583
f 2546//4584 2584//4584 2583//4584
f 2584//4585 2585//4585 2583//4585
f 2583//4586 2585//4586 2582//4586
f 2585//4587 2584//4587 2586//4587
f 2586//4588 2584//4588 2587//4588
f 2584//4589 2551//4589 2587//4589
f 2587//4590 2551//4590 2557//4590
f 2556//4591 2588//4591 2557//4591
f 2557//4592 2588//4592 2587//4592
f 2588//4593 2589//4593 2587//4593
f 2587//4594 2589//4594 2586//4594
f 2563//4595 2590//4595 2558//4595
f 2558//4596 2590//4596 2591//4596
f 2590//4597 2592//4597 2591//4597
f 2591//4598 2592//4598 2593//4598
f 2589//4599 2588//4599 2593//4599
f 2593//4600 2588//4600 2591//4600
f 2588//4601 2556//4601 2591//4601
f 2591//4602 2556//4602 2558//4602
f 2572//4603 2581//4603 2594//4603
f 2594//4604 2581//4604 2595//4604
f 2581//4605 2580//4605 2595//4605
f 2595//4606 2580//4606 2596//4606
f 2596//4607 2597//4607 2595//4607
f 2595//4608 2597//4608 2598//4608
f 2599//4609 2594//4609 2598//4609
f 2598//4610 2594//4610 2595//4610
f 2600//4611 2601//4611 2602//4611
f 2602//4612 2601//4612 2603//4612
f 2601//4613 2604//4613 2603//4613
f 2603//4614 2604//4614 2605//4614
f 2605//4615 2585//4615 2603//4615
f 2603//4616 2585//4616 2586//4616
f 2589//4617 2602//4617 2586//4617
f 2586//4618 2602//4618 2603//4618
f 2606//4619 2607//4619 2608//4619
f 2608//4620 2607//4620 2609//4620
f 2607//4621 2599//4621 2609//4621
f 2609//4622 2599//4622 2598//4622
f 2597//4623 2610//4623 2598//4623
f 2598//4624 2610//4624 2609//4624
f 2610//4625 2611//4625 2609//4625
f 2609//4626 2611//4626 2608//4626
f 2604//4627 2601//4627 2612//4627
f 2612//4628 2601//4628 2613//4628
f 2601//4629 2600//4629 2613//4629
f 2613//4630 2600//4630 2614//4630
f 2615//4631 2616//4631 2614//4631
f 2614//4632 2616//4632 2613//4632
f 2616//4633 2617//4633 2613//4633
f 2613//4634 2617//4634 2612//4634
f 2618//4635 2619//4635 2620//4635
f 2620//4636 2619//4636 2621//4636
f 2622//4637 2623//4637 2621//4637
f 2621//4638 2623//4638 2620//4638
f 2623//4639 2624//4639 2620//4639
f 2620//4640 2624//4640 2625//4640
f 2626//4641 2618//4641 2625//4641
f 2625//4642 2618//4642 2620//4642
f 2627//4643 2628//4643 2629//4643
f 2629//4644 2628//4644 2630//4644
f 2619//4645 2618//4645 2630//4645
f 2630//4646 2618//4646 2629//4646
f 2618//4647 2626//4647 2629//4647
f 2629//4648 2626//4648 2631//4648
f 2632//4649 2627//4649 2631//4649
f 2631//4650 2627//4650 2629//4650
f 2633//4651 2634//4651 2635//4651
f 2635//4652 2634//4652 2636//4652
f 2628//4653 2627//4653 2636//4653
f 2636//4654 2627//4654 2635//4654
f 2627//4655 2632//4655 2635//4655
f 2635//4656 2632//4656 2637//4656
f 2638//4657 2633//4657 2637//4657
f 2637//4658 2633//4658 2635//4658
f 2639//4659 2640//4659 2641//4659
f 2641//4660 2640//4660 2642//4660
f 2634//4661 2633//4661 2642//4661
f 2642//4662 2633//4662 2641//4662
f 2633//4663 2638//4663 2641//4663
f 2641//4664 2638//4664 2643//4664
f 2606//4665 2639//4665 2643//4665
f 2643//4666 2639//4666 2641//4666
f 2644//4667 2645//4667 2646//4667
f 2646//4668 2645//4668 2647//4668
f 2648//4669 2649//4669 2645//4669
f 2645//4670 2649//4670 2647//4670
f 2649//4671 2611//4671 2647//4671
f 2647//4672 2611//4672 2650//4672
f 2617//4673 2646//4673 2650//4673
f 2650//4674 2646//4674 2647//4674
f 2651//4675 2644//4675 2652//4675
f 2652//4676 2644//4676 2646//4676
f 2617//4677 2616//4677 2646//4677
f 2646//4678 2616//4678 2652//4678
f 2616//4679 2615//4679 2652//4679
f 2652//4680 2615//4680 2653//4680
f 2654//4681 2651//4681 2653//4681
f 2653//4682 2651//4682 2652//4682
f 2655//4683 2656//4683 2657//4683
f 2657//4684 2656//4684 2658//4684
f 2659//4685 2660//4685 2658//4685
f 2658//4686 2660//4686 2657//4686
f 2660//4687 2654//4687 2657//4687
f 2657//4688 2654//4688 2653//4688
f 2615//4689 2655//4689 2653//4689
f 2653//4690 2655//4690 2657//4690
f 2661//4691 2662//4691 2663//4691
f 2663//4692 2662//4692 2664//4692
f 2665//4693 2666//4693 2664//4693
f 2664//4694 2666//4694 2663//4694
f 2666//4695 2659//4695 2663//4695
f 2663//4696 2659//4696 2658//4696
f 2656//4697 2661//4697 2658//4697
f 2658//4698 2661//4698 2663//4698
f 2667//4699 2668//4699 2669//4699
f 2669//4700 2668//4700 2670//4700
f 2671//4701 2672//4701 2670//4701
f 2670//4702 2672//4702 2669//4702
f 2672//4703 2665//4703 2669//4703
f 2669//4704 2665//4704 2664//4704
f 2662//4705 2667//4705 2664//4705
f 2664//4706 2667//4706 2669//4706
f 2673//4707 2674//4707 2675//4707
f 2675//4708 2674//4708 2676//4708
f 2677//4709 2678//4709 2676//4709
f 2676//4710 2678//4710 2675//4710
f 2678//4711 2671//4711 2675//4711
f 2675//4712 2671//4712 2670//4712
f 2668//4713 2673//4713 2670//4713
f 2670//4714 2673//4714 2675//4714
f 2679//4715 2680//4715 2681//4715
f 2681//4716 2680//4716 2682//4716
f 2683//4717 2684//4717 2682//4717
f 2682//4718 2684//4718 2681//4718
f 2684//4719 2677//4719 2681//4719
f 2681//4720 2677//4720 2676//4720
f 2674//4721 2679//4721 2676//4721
f 2676//4722 2679//4722 2681//4722
f 2685//4723 2686//4723 2687//4723
f 2687//4724 2686//4724 2688//4724
f 2689//4725 2690//4725 2688//4725
f 2688//4726 2690//4726 2687//4726
f 2690//4727 2683//4727 2687//4727
f 2687//4728 2683//4728 2682//4728
f 2680//4729 2685//4729 2682//4729
f 2682//4730 2685//4730 2687//4730
f 2691//4731 2692//4731 2693//4731
f 2693//4732 2692//4732 2694//4732
f 2695//4733 2696//4733 2694//4733
f 2694//4734 2696//4734 2693//4734
f 2696//4735 2689//4735 2693//4735
f 2693//4736 2689//4736 2688//4736
f 2686//4737 2691//4737 2688//4737
f 2688//4738 2691//4738 2693//4738
f 2697//4739 2698//4739 2699//4739
f 2699//4740 2698//4740 2700//4740
f 2701//4741 2702//4741 2700//4741
f 2700//4742 2702//4742 2699//4742
f 2702//4743 2695//4743 2699//4743
f 2699//4744 2695//4744 2694//4744
f 2692//4745 2697//4745 2694//4745
f 2694//4746 2697//4746 2699//4746
f 2703//4747 2704//4747 2705//4747
f 2705//4748 2704//4748 2706//4748
f 2707//4749 2708//4749 2706//4749
f 2706//4750 2708//4750 2705//4750
f 2708//4751 2701//4751 2705//4751
f 2705//4752 2701//4752 2700//4752
f 2698//4753 2703//4753 2700//4753
f 2700//4754 2703//4754 2705//4754
f 2709//4755 2710//4755 2711//4755
f 2711//4756 2710//4756 2712//4756
f 2707//4757 2706//4757 2712//4757
f 2712//4758 2706//4758 2711//4758
f 2706//4759 2704//4759 2711//4759
f 2711//4760 2704//4760 2713//4760
f 2714//4761 2709//4761 2713//4761
f 2713//4762 2709//4762 2711//4762
f 2715//4763 2716//4763 2717//4763
f 2717//4764 2716//4764 2718//4764
f 2710//4765 2709//4765 2718//4765
f 2718//4766 2709//4766 2717//4766
f 2709//4767 2714//4767 2717//4767
f 2717//4768 2714//4768 2719//4768
f 2720//4769 2715//4769 2719//4769
f 2719//4770 2715//4770 2717//4770
f 2721//4771 2722//4771 2723//4771
f 2723//4772 2722//4772 2724//4772
f 2716//4773 2715//4773 2724//4773
f 2724//4774 2715//4774 2723//4774
f 2715//4775 2720//4775 2723//4775
f 2723//4776 2720//4776 2725//4776
f 2726//4777 2721//4777 2725//4777
f 2725//4778 2721//4778 2723//4778
f 2623//4779 2622//4779 2727//4779
f 2727//4780 2622//4780 2728//4780
f 2722//4781 2721//4781 2728//4781
f 2728//4782 2721//4782 2727//4782
f 2721//4783 2726//4783 2727//4783
f 2727//4784 2726//4784 2729//4784
f 2624//4785 2623//4785 2729//4785
f 2729//4786 2623//4786 2727//4786
f 2730//4787 2622//4787 2731//4787
f 2731//4788 2622//4788 2621//4788
f 2619//4789 2732//4789 2621//4789
f 2621//4790 2732//4790 2731//4790
f 2732//4791 2733//4791 2731//4791
f 2731//4792 2733//4792 2734//4792
f 2735//4793 2730//4793 2734//4793
f 2734//4794 2730//4794 2731//4794
f 2732//4795 2619//4795 2736//4795
f 2736//4796 2619//4796 2630//4796
f 2628//4797 2737//4797 2630//4797
f 2630//4798 2737//4798 2736//4798
f 2737//4799 2738//4799 2736//4799
f 2736//4800 2738//4800 2739//4800
f 2733//4801 2732//4801 2739//4801
f 2739//4802 2732//4802 2736//4802
f 2737//4803 2628//4803 2740//4803
f 2740//4804 2628//4804 2636//4804
f 2636//4805 2634//4805 2740//4805
f 2740//4806 2634//4806 2741//4806
f 2741//4807 2117//4807 2740//4807
f 2740//4808 2117//4808 2742//4808
f 2738//4809 2737//4809 2742//4809
f 2742//4810 2737//4810 2740//4810
f 2104//4811 2112//4811 2106//4811
f 2106//4812 2112//4812 2743//4812
f 2112//4813 2117//4813 2743//4813
f 2743//4814 2117//4814 2741//4814
f 2634//4815 2642//4815 2741//4815
f 2741//4816 2642//4816 2743//4816
f 2640//4817 2744//4817 2642//4817
f 2642//4818 2744//4818 2743//4818
f 2744//4819 2107//4819 2743//4819
f 2743//4820 2107//4820 2106//4820
f 2133//4821 2107//4821 2745//4821
f 2745//4822 2107//4822 2744//4822
f 2640//4823 2746//4823 2744//4823
f 2744//4824 2746//4824 2745//4824
f 2648//4825 2747//4825 2746//4825
f 2746//4826 2747//4826 2745//4826
f 2747//4827 2130//4827 2745//4827
f 2745//4828 2130//4828 2129//4828
f 2128//4829 2133//4829 2129//4829
f 2129//4830 2133//4830 2745//4830
f 2130//4831 2747//4831 2748//4831
f 2748//4832 2747//4832 2749//4832
f 2747//4833 2648//4833 2749//4833
f 2749//4834 2648//4834 2645//4834
f 2645//4835 2644//4835 2749//4835
f 2749//4836 2644//4836 2750//4836
f 2750//4837 2152//4837 2749//4837
f 2749//4838 2152//4838 2748//4838
f 2148//4839 2154//4839 2149//4839
f 2149//4840 2154//4840 2751//4840
f 2154//4841 2152//4841 2751//4841
f 2751//4842 2152//4842 2750//4842
f 2644//4843 2651//4843 2750//4843
f 2750//4844 2651//4844 2751//4844
f 2654//4845 2752//4845 2651//4845
f 2651//4846 2752//4846 2751//4846
f 2752//4847 2150//4847 2751//4847
f 2751//4848 2150//4848 2149//4848
f 2172//4849 2150//4849 2753//4849
f 2753//4850 2150//4850 2752//4850
f 2654//4851 2660//4851 2752//4851
f 2752//4852 2660//4852 2753//4852
f 2659//4853 2754//4853 2660//4853
f 2660//4854 2754//4854 2753//4854
f 2754//4855 2171//4855 2753//4855
f 2753//4856 2171//4856 2170//4856
f 2169//4857 2172//4857 2170//4857
f 2170//4858 2172//4858 2753//4858
f 2755//4859 2171//4859 2756//4859
f 2756//4860 2171//4860 2754//4860
f 2659//4861 2666//4861 2754//4861
f 2754//4862 2666//4862 2756//4862
f 2666//4863 2665//4863 2756//4863
f 2756//4864 2665//4864 2757//4864
f 2758//4865 2755//4865 2757//4865
f 2757//4866 2755//4866 2756//4866
f 2759//4867 2760//4867 2761//4867
f 2761//4868 2760//4868 2762//4868
f 2760//4869 2758//4869 2762//4869
f 2762//4870 2758//4870 2757//4870
f 2665//4871 2672//4871 2757//4871
f 2757//4872 2672//4872 2762//4872
f 2672//4873 2671//4873 2762//4873
f 2762//4874 2671//4874 2761//4874
f 2763//4875 2759//4875 2764//4875
f 2764//4876 2759//4876 2761//4876
f 2671//4877 2678//4877 2761//4877
f 2761//4878 2678//4878 2764//4878
f 2678//4879 2677//4879 2764//4879
f 2764//4880 2677//4880 2765//4880
f 2766//4881 2763//4881 2765//4881
f 2765//4882 2763//4882 2764//4882
f 2767//4883 2766//4883 2768//4883
f 2768//4884 2766//4884 2765//4884
f 2677//4885 2684//4885 2765//4885
f 2765//4886 2684//4886 2768//4886
f 2684//4887 2683//4887 2768//4887
f 2768//4888 2683//4888 2769//4888
f 2770//4889 2767//4889 2769//4889
f 2769//4890 2767//4890 2768//4890
f 2771//4891 2770//4891 2772//4891
f 2772//4892 2770//4892 2769//4892
f 2683//4893 2690//4893 2769//4893
f 2769//4894 2690//4894 2772//4894
f 2690//4895 2689//4895 2772//4895
f 2772//4896 2689//4896 2773//4896
f 2774//4897 2771//4897 2773//4897
f 2773//4898 2771//4898 2772//4898
f 2775//4899 2774//4899 2776//4899
f 2776//4900 2774//4900 2773//4900
f 2689//4901 2696//4901 2773//4901
f 2773//4902 2696//4902 2776//4902
f 2696//4903 2695//4903 2776//4903
f 2776//4904 2695//4904 2777//4904
f 2778//4905 2775//4905 2777//4905
f 2777//4906 2775//4906 2776//4906
f 2779//4907 2778//4907 2780//4907
f 2780//4908 2778//4908 2777//4908
f 2695//4909 2702//4909 2777//4909
f 2777//4910 2702//4910 2780//4910
f 2702//4911 2701//4911 2780//4911
f 2780//4912 2701//4912 2781//4912
f 2782//4913 2779//4913 2781//4913
f 2781//4914 2779//4914 2780//4914
f 2783//4915 2782//4915 2784//4915
f 2784//4916 2782//4916 2781//4916
f 2701//4917 2708//4917 2781//4917
f 2781//4918 2708//4918 2784//4918
f 2708//4919 2707//4919 2784//4919
f 2784//4920 2707//4920 2785//4920
f 2786//4921 2783//4921 2785//4921
f 2785//4922 2783//4922 2784//4922
f 2785//4923 2707//4923 2787//4923
f 2787//4924 2707//4924 2712//4924
f 2710//4925 2788//4925 2712//4925
f 2712//4926 2788//4926 2787//4926
f 2788//4927 2789//4927 2787//4927
f 2787//4928 2789//4928 2790//4928
f 2786//4929 2785//4929 2790//4929
f 2790//4930 2785//4930 2787//4930
f 2788//4931 2710//4931 2791//4931
f 2791//4932 2710//4932 2718//4932
f 2716//4933 2792//4933 2718//4933
f 2718//4934 2792//4934 2791//4934
f 2792//4935 2793//4935 2791//4935
f 2791//4936 2793//4936 2794//4936
f 2789//4937 2788//4937 2794//4937
f 2794//4938 2788//4938 2791//4938
f 2792//4939 2716//4939 2795//4939
f 2795//4940 2716//4940 2724//4940
f 2722//4941 2796//4941 2724//4941
f 2724//4942 2796//4942 2795//4942
f 2796//4943 2797//4943 2795//4943
f 2795//4944 2797//4944 2798//4944
f 2793//4945 2792//4945 2798//4945
f 2798//4946 2792//4946 2795//4946
f 2796//4947 2722//4947 2799//4947
f 2799//4948 2722//4948 2728//4948
f 2622//4949 2730//4949 2728//4949
f 2728//4950 2730//4950 2799//4950
f 2730//4951 2735//4951 2799//4951
f 2799//4952 2735//4952 2800//4952
f 2797//4953 2796//4953 2800//4953
f 2800//4954 2796//4954 2799//4954
f 2801//4955 2802//4955 2803//4955
f 2803//4956 2802//4956 2804//4956
f 2802//4957 2733//4957 2804//4957
f 2804//4958 2733//4958 2739//4958
f 2738//4959 2805//4959 2739//4959
f 2739//4960 2805//4960 2804//4960
f 2805//4961 2806//4961 2804//4961
f 2804//4962 2806//4962 2803//4962
f 2117//4963 2116//4963 2742//4963
f 2742//4964 2116//4964 2807//4964
f 2116//4965 2115//4965 2807//4965
f 2807//4966 2115//4966 2118//4966
f 2123//4967 2808//4967 2118//4967
f 2118//4968 2808//4968 2807//4968
f 2806//4969 2805//4969 2808//4969
f 2808//4970 2805//4970 2807//4970
f 2805//4971 2738//4971 2807//4971
f 2807//4972 2738//4972 2742//4972
f 2141//4973 2140//4973 2809//4973
f 2809//4974 2140//4974 2185//4974
f 2121//4975 2120//4975 2185//4975
f 2185//4976 2120//4976 2809//4976
f 2120//4977 2111//4977 2809//4977
f 2809//4978 2111//4978 2110//4978
f 2109//4979 2141//4979 2110//4979
f 2110//4980 2141//4980 2809//4980
f 2138//4981 2136//4981 2204//4981
f 2204//4982 2136//4982 2810//4982
f 2136//4983 2124//4983 2810//4983
f 2810//4984 2124//4984 2126//4984
f 2132//4985 2811//4985 2126//4985
f 2126//4986 2811//4986 2810//4986
f 2811//4987 2205//4987 2810//4987
f 2810//4988 2205//4988 2204//4988
f 2130//4989 2748//4989 2131//4989
f 2131//4990 2748//4990 2812//4990
f 2152//4991 2151//4991 2748//4991
f 2748//4992 2151//4992 2812//4992
f 2151//4993 2156//4993 2812//4993
f 2812//4994 2156//4994 2162//4994
f 2161//4995 2813//4995 2162//4995
f 2162//4996 2813//4996 2812//4996
f 2205//4997 2811//4997 2813//4997
f 2813//4998 2811//4998 2812//4998
f 2811//4999 2132//4999 2812//4999
f 2812//5000 2132//5000 2131//5000
f 2179//5001 2220//5001 2180//5001
f 2180//5002 2220//5002 2814//5002
f 2220//5003 2159//5003 2814//5003
f 2814//5004 2159//5004 2158//5004
f 2146//5005 2145//5005 2158//5005
f 2158//5006 2145//5006 2814//5006
f 2143//5007 2180//5007 2145//5007
f 2145//5008 2180//5008 2814//5008
f 2177//5009 2176//5009 2237//5009
f 2237//5010 2176//5010 2815//5010
f 2176//5011 2167//5011 2815//5011
f 2815//5012 2167//5012 2166//5012
f 2164//5013 2816//5013 2166//5013
f 2166//5014 2816//5014 2815//5014
f 2816//5015 2238//5015 2815//5015
f 2815//5016 2238//5016 2237//5016
f 2171//5017 2755//5017 2163//5017
f 2163//5018 2755//5018 2817//5018
f 2755//5019 2758//5019 2817//5019
f 2817//5020 2758//5020 2818//5020
f 2819//5021 2820//5021 2818//5021
f 2818//5022 2820//5022 2817//5022
f 2238//5023 2816//5023 2820//5023
f 2820//5024 2816//5024 2817//5024
f 2816//5025 2164//5025 2817//5025
f 2817//5026 2164//5026 2163//5026
f 2758//5027 2760//5027 2818//5027
f 2818//5028 2760//5028 2821//5028
f 2760//5029 2759//5029 2821//5029
f 2821//5030 2759//5030 2822//5030
f 2823//5031 2824//5031 2822//5031
f 2822//5032 2824//5032 2821//5032
f 2824//5033 2819//5033 2821//5033
f 2821//5034 2819//5034 2818//5034
f 2759//5035 2763//5035 2822//5035
f 2822//5036 2763//5036 2825//5036
f 2763//5037 2766//5037 2825//5037
f 2825//5038 2766//5038 2826//5038
f 2827//5039 2828//5039 2826//5039
f 2826//5040 2828//5040 2825//5040
f 2828//5041 2823//5041 2825//5041
f 2825//5042 2823//5042 2822//5042
f 2123//5043 2188//5043 2808//5043
f 2808//5044 2188//5044 2829//5044
f 2188//5045 2191//5045 2829//5045
f 2829//5046 2191//5046 2192//5046
f 2197//5047 2830//5047 2192//5047
f 2192//5048 2830//5048 2829//5048
f 2831//5049 2832//5049 2830//5049
f 2830//5050 2832//5050 2829//5050
f 2832//5051 2806//5051 2829//5051
f 2829//5052 2806//5052 2808//5052
f 2194//5053 2181//5053 2833//5053
f 2833//5054 2181//5054 2183//5054
f 2187//5055 2209//5055 2183//5055
f 2183//5056 2209//5056 2833//5056
f 2209//5057 2208//5057 2833//5057
f 2833//5058 2208//5058 2253//5058
f 2195//5059 2194//5059 2253//5059
f 2253//5060 2194//5060 2833//5060
f 2266//5061 2213//5061 2834//5061
f 2834//5062 2213//5062 2212//5062
f 2212//5063 2202//5063 2834//5063
f 2834//5064 2202//5064 2201//5064
f 2199//5065 2835//5065 2201//5065
f 2201//5066 2835//5066 2834//5066
f 2835//5067 2267//5067 2834//5067
f 2834//5068 2267//5068 2266//5068
f 2205//5069 2813//5069 2198//5069
f 2198//5070 2813//5070 2836//5070
f 2161//5071 2224//5071 2813//5071
f 2813//5072 2224//5072 2836//5072
f 2224//5073 2223//5073 2836//5073
f 2836//5074 2223//5074 2225//5074
f 2230//5075 2837//5075 2225//5075
f 2225//5076 2837//5076 2836//5076
f 2267//5077 2835//5077 2837//5077
f 2837//5078 2835//5078 2836//5078
f 2835//5079 2199//5079 2836//5079
f 2836//5080 2199//5080 2198//5080
f 2218//5081 2215//5081 2227//5081
f 2227//5082 2215//5082 2838//5082
f 2215//5083 2214//5083 2838//5083
f 2838//5084 2214//5084 2244//5084
f 2242//5085 2274//5085 2244//5085
f 2244//5086 2274//5086 2838//5086
f 2274//5087 2228//5087 2838//5087
f 2838//5088 2228//5088 2227//5088
f 2293//5089 2246//5089 2839//5089
f 2839//5090 2246//5090 2245//5090
f 2235//5091 2234//5091 2245//5091
f 2245//5092 2234//5092 2839//5092
f 2234//5093 2232//5093 2839//5093
f 2839//5094 2232//5094 2840//5094
f 2840//5095 2294//5095 2839//5095
f 2839//5096 2294//5096 2293//5096
f 2238//5097 2820//5097 2231//5097
f 2231//5098 2820//5098 2841//5098
f 2820//5099 2819//5099 2841//5099
f 2841//5100 2819//5100 2842//5100
f 2843//5101 2844//5101 2842//5101
f 2842//5102 2844//5102 2841//5102
f 2294//5103 2840//5103 2844//5103
f 2844//5104 2840//5104 2841//5104
f 2840//5105 2232//5105 2841//5105
f 2841//5106 2232//5106 2231//5106
f 2845//5107 2843//5107 2846//5107
f 2846//5108 2843//5108 2842//5108
f 2819//5109 2824//5109 2842//5109
f 2842//5110 2824//5110 2846//5110
f 2824//5111 2823//5111 2846//5111
f 2846//5112 2823//5112 2847//5112
f 2848//5113 2845//5113 2847//5113
f 2847//5114 2845//5114 2846//5114
f 2849//5115 2848//5115 2850//5115
f 2850//5116 2848//5116 2847//5116
f 2823//5117 2828//5117 2847//5117
f 2847//5118 2828//5118 2850//5118
f 2828//5119 2827//5119 2850//5119
f 2850//5120 2827//5120 2851//5120
f 2852//5121 2849//5121 2851//5121
f 2851//5122 2849//5122 2850//5122
f 2853//5123 2854//5123 2855//5123
f 2855//5124 2854//5124 2856//5124
f 2857//5125 2858//5125 2856//5125
f 2856//5126 2858//5126 2855//5126
f 2858//5127 2859//5127 2855//5127
f 2855//5128 2859//5128 2860//5128
f 2861//5129 2853//5129 2860//5129
f 2860//5130 2853//5130 2855//5130
f 2859//5131 2862//5131 2860//5131
f 2860//5132 2862//5132 2863//5132
f 2864//5133 2865//5133 2862//5133
f 2862//5134 2865//5134 2863//5134
f 2865//5135 2866//5135 2863//5135
f 2863//5136 2866//5136 2867//5136
f 2867//5137 2861//5137 2863//5137
f 2863//5138 2861//5138 2860//5138
f 2866//5139 2865//5139 2868//5139
f 2868//5140 2865//5140 2869//5140
f 2865//5141 2864//5141 2869//5141
f 2869//5142 2864//5142 2870//5142
f 2871//5143 2872//5143 2870//5143
f 2870//5144 2872//5144 2869//5144
f 2872//5145 2873//5145 2869//5145
f 2869//5146 2873//5146 2868//5146
f 2873//5147 2872//5147 2874//5147
f 2874//5148 2872//5148 2875//5148
f 2872//5149 2871//5149 2875//5149
f 2875//5150 2871//5150 2876//5150
f 2877//5151 2878//5151 2876//5151
f 2876//5152 2878//5152 2875//5152
f 2878//5153 2879//5153 2875//5153
f 2875//5154 2879//5154 2874//5154
f 2880//5155 2881//5155 2882//5155
f 2882//5156 2881//5156 2883//5156
f 2884//5157 2885//5157 2883//5157
f 2883//5158 2885//5158 2882//5158
f 2885//5159 2886//5159 2882//5159
f 2882//5160 2886//5160 2887//5160
f 2888//5161 2880//5161 2887//5161
f 2887//5162 2880//5162 2882//5162
f 2197//5163 2257//5163 2830//5163
f 2830//5164 2257//5164 2889//5164
f 2256//5165 2261//5165 2257//5165
f 2257//5166 2261//5166 2889//5166
f 2259//5167 2890//5167 2261//5167
f 2261//5168 2890//5168 2889//5168
f 2890//5169 2891//5169 2889//5169
f 2889//5170 2891//5170 2892//5170
f 2831//5171 2830//5171 2892//5171
f 2892//5172 2830//5172 2889//5172
f 2310//5173 2307//5173 2893//5173
f 2893//5174 2307//5174 2894//5174
f 2307//5175 2263//5175 2894//5175
f 2894//5176 2263//5176 2262//5176
f 2251//5177 2248//5177 2262//5177
f 2262//5178 2248//5178 2894//5178
f 2248//5179 2247//5179 2894//5179
f 2894//5180 2247//5180 2893//5180
f 2895//5181 2329//5181 2896//5181
f 2896//5182 2329//5182 2326//5182
f 2326//5183 2325//5183 2896//5183
f 2896//5184 2325//5184 2897//5184
f 2897//5185 2271//5185 2896//5185
f 2896//5186 2271//5186 2270//5186
f 2270//5187 2269//5187 2896//5187
f 2896//5188 2269//5188 2895//5188
f 2329//5189 2895//5189 2898//5189
f 2898//5190 2895//5190 2899//5190
f 2269//5191 2268//5191 2895//5191
f 2895//5192 2268//5192 2899//5192
f 2267//5193 2837//5193 2268//5193
f 2268//5194 2837//5194 2899//5194
f 2230//5195 2284//5195 2837//5195
f 2837//5196 2284//5196 2899//5196
f 2282//5197 2290//5197 2284//5197
f 2284//5198 2290//5198 2899//5198
f 2289//5199 2898//5199 2290//5199
f 2290//5200 2898//5200 2899//5200
f 2900//5201 2358//5201 2901//5201
f 2901//5202 2358//5202 2357//5202
f 2306//5203 2305//5203 2357//5203
f 2357//5204 2305//5204 2901//5204
f 2305//5205 2298//5205 2901//5205
f 2901//5206 2298//5206 2297//5206
f 2297//5207 2296//5207 2901//5207
f 2901//5208 2296//5208 2900//5208
f 2294//5209 2844//5209 2295//5209
f 2295//5210 2844//5210 2902//5210
f 2843//5211 2903//5211 2844//5211
f 2844//5212 2903//5212 2902//5212
f 2904//5213 2905//5213 2903//5213
f 2903//5214 2905//5214 2902//5214
f 2358//5215 2900//5215 2905//5215
f 2905//5216 2900//5216 2902//5216
f 2296//5217 2295//5217 2900//5217
f 2900//5218 2295//5218 2902//5218
f 2845//5219 2848//5219 2906//5219
f 2906//5220 2848//5220 2907//5220
f 2907//5221 2908//5221 2906//5221
f 2906//5222 2908//5222 2909//5222
f 2904//5223 2903//5223 2909//5223
f 2909//5224 2903//5224 2906//5224
f 2843//5225 2845//5225 2903//5225
f 2903//5226 2845//5226 2906//5226
f 2852//5227 2910//5227 2911//5227
f 2911//5228 2910//5228 2912//5228
f 2910//5229 2913//5229 2912//5229
f 2912//5230 2913//5230 2914//5230
f 2914//5231 2915//5231 2912//5231
f 2912//5232 2915//5232 2916//5232
f 2917//5233 2911//5233 2916//5233
f 2916//5234 2911//5234 2912//5234
f 2913//5235 2918//5235 2914//5235
f 2914//5236 2918//5236 2919//5236
f 2918//5237 2920//5237 2919//5237
f 2919//5238 2920//5238 2921//5238
f 2921//5239 2922//5239 2919//5239
f 2919//5240 2922//5240 2923//5240
f 2915//5241 2914//5241 2923//5241
f 2923//5242 2914//5242 2919//5242
f 2920//5243 2924//5243 2921//5243
f 2921//5244 2924//5244 2925//5244
f 2924//5245 2854//5245 2925//5245
f 2925//5246 2854//5246 2926//5246
f 2926//5247 2927//5247 2925//5247
f 2925//5248 2927//5248 2928//5248
f 2922//5249 2921//5249 2928//5249
f 2928//5250 2921//5250 2925//5250
f 2929//5251 2861//5251 2930//5251
f 2930//5252 2861//5252 2867//5252
f 2866//5253 2931//5253 2867//5253
f 2867//5254 2931//5254 2930//5254
f 2931//5255 2932//5255 2930//5255
f 2930//5256 2932//5256 2933//5256
f 2934//5257 2929//5257 2933//5257
f 2933//5258 2929//5258 2930//5258
f 2931//5259 2866//5259 2935//5259
f 2935//5260 2866//5260 2868//5260
f 2873//5261 2936//5261 2868//5261
f 2868//5262 2936//5262 2935//5262
f 2937//5263 2938//5263 2936//5263
f 2936//5264 2938//5264 2935//5264
f 2932//5265 2931//5265 2938//5265
f 2938//5266 2931//5266 2935//5266
f 2939//5267 2937//5267 2940//5267
f 2940//5268 2937//5268 2936//5268
f 2936//5269 2873//5269 2940//5269
f 2940//5270 2873//5270 2874//5270
f 2879//5271 2941//5271 2874//5271
f 2874//5272 2941//5272 2940//5272
f 2942//5273 2939//5273 2941//5273
f 2941//5274 2939//5274 2940//5274
f 2943//5275 2942//5275 2944//5275
f 2944//5276 2942//5276 2941//5276
f 2941//5277 2879//5277 2944//5277
f 2944//5278 2879//5278 2945//5278
f 2888//5279 2946//5279 2945//5279
f 2945//5280 2946//5280 2944//5280
f 2947//5281 2943//5281 2946//5281
f 2946//5282 2943//5282 2944//5282
f 2948//5283 2947//5283 2949//5283
f 2949//5284 2947//5284 2946//5284
f 2946//5285 2888//5285 2949//5285
f 2949//5286 2888//5286 2887//5286
f 2886//5287 2950//5287 2887//5287
f 2887//5288 2950//5288 2949//5288
f 2951//5289 2948//5289 2950//5289
f 2950//5290 2948//5290 2949//5290
f 2951//5291 2952//5291 2953//5291
f 2953//5292 2952//5292 2954//5292
f 2952//5293 2955//5293 2954//5293
f 2954//5294 2955//5294 2956//5294
f 2957//5295 2958//5295 2956//5295
f 2956//5296 2958//5296 2954//5296
f 2958//5297 2959//5297 2954//5297
f 2954//5298 2959//5298 2953//5298
f 2955//5299 2960//5299 2956//5299
f 2956//5300 2960//5300 2961//5300
f 2960//5301 2891//5301 2961//5301
f 2961//5302 2891//5302 2962//5302
f 2963//5303 2964//5303 2962//5303
f 2962//5304 2964//5304 2961//5304
f 2964//5305 2957//5305 2961//5305
f 2961//5306 2957//5306 2956//5306
f 2259//5307 2318//5307 2890//5307
f 2890//5308 2318//5308 2965//5308
f 2317//5309 2324//5309 2318//5309
f 2318//5310 2324//5310 2965//5310
f 2323//5311 2966//5311 2324//5311
f 2324//5312 2966//5312 2965//5312
f 2966//5313 2963//5313 2965//5313
f 2965//5314 2963//5314 2962//5314
f 2891//5315 2890//5315 2962//5315
f 2962//5316 2890//5316 2965//5316
f 2342//5317 2370//5317 2337//5317
f 2337//5318 2370//5318 2967//5318
f 2370//5319 2321//5319 2967//5319
f 2967//5320 2321//5320 2320//5320
f 2314//5321 2313//5321 2320//5321
f 2320//5322 2313//5322 2967//5322
f 2313//5323 2312//5323 2967//5323
f 2967//5324 2312//5324 2337//5324
f 2968//5325 2386//5325 2969//5325
f 2969//5326 2386//5326 2385//5326
f 2340//5327 2339//5327 2385//5327
f 2385//5328 2339//5328 2969//5328
f 2333//5329 2332//5329 2339//5329
f 2339//5330 2332//5330 2969//5330
f 2332//5331 2331//5331 2969//5331
f 2969//5332 2331//5332 2968//5332
f 2354//5333 2970//5333 2349//5333
f 2349//5334 2970//5334 2971//5334
f 2386//5335 2968//5335 2970//5335
f 2970//5336 2968//5336 2971//5336
f 2331//5337 2330//5337 2968//5337
f 2968//5338 2330//5338 2971//5338
f 2329//5339 2898//5339 2330//5339
f 2330//5340 2898//5340 2971//5340
f 2289//5341 2346//5341 2898//5341
f 2898//5342 2346//5342 2971//5342
f 2344//5343 2349//5343 2346//5343
f 2346//5344 2349//5344 2971//5344
f 2352//5345 2351//5345 2393//5345
f 2393//5346 2351//5346 2972//5346
f 2351//5347 2348//5347 2972//5347
f 2972//5348 2348//5348 2973//5348
f 2363//5349 2369//5349 2973//5349
f 2973//5350 2369//5350 2972//5350
f 2369//5351 2094//5351 2972//5351
f 2972//5352 2094//5352 2393//5352
f 2974//5353 2409//5353 2975//5353
f 2975//5354 2409//5354 2408//5354
f 2097//5355 2367//5355 2408//5355
f 2408//5356 2367//5356 2975//5356
f 2367//5357 2362//5357 2975//5357
f 2975//5358 2362//5358 2361//5358
f 2361//5359 2360//5359 2975//5359
f 2975//5360 2360//5360 2974//5360
f 2358//5361 2905//5361 2359//5361
f 2359//5362 2905//5362 2976//5362
f 2904//5363 2977//5363 2905//5363
f 2905//5364 2977//5364 2976//5364
f 2978//5365 2979//5365 2977//5365
f 2977//5366 2979//5366 2976//5366
f 2409//5367 2974//5367 2979//5367
f 2979//5368 2974//5368 2976//5368
f 2360//5369 2359//5369 2974//5369
f 2974//5370 2359//5370 2976//5370
f 2978//5371 2977//5371 2980//5371
f 2980//5372 2977//5372 2981//5372
f 2977//5373 2904//5373 2981//5373
f 2981//5374 2904//5374 2909//5374
f 2908//5375 2982//5375 2909//5375
f 2909//5376 2982//5376 2981//5376
f 2982//5377 2983//5377 2981//5377
f 2981//5378 2983//5378 2980//5378
f 2984//5379 2915//5379 2985//5379
f 2985//5380 2915//5380 2923//5380
f 2922//5381 2986//5381 2923//5381
f 2923//5382 2986//5382 2985//5382
f 2986//5383 2987//5383 2985//5383
f 2985//5384 2987//5384 2988//5384
f 2988//5385 2989//5385 2985//5385
f 2985//5386 2989//5386 2984//5386
f 2986//5387 2922//5387 2990//5387
f 2990//5388 2922//5388 2928//5388
f 2927//5389 2991//5389 2928//5389
f 2928//5390 2991//5390 2990//5390
f 2991//5391 2992//5391 2990//5391
f 2990//5392 2992//5392 2993//5392
f 2987//5393 2986//5393 2993//5393
f 2993//5394 2986//5394 2990//5394
f 2994//5395 2995//5395 2996//5395
f 2996//5396 2995//5396 2997//5396
f 2992//5397 2991//5397 2997//5397
f 2997//5398 2991//5398 2996//5398
f 2991//5399 2927//5399 2996//5399
f 2996//5400 2927//5400 2998//5400
f 2934//5401 2994//5401 2998//5401
f 2998//5402 2994//5402 2996//5402
f 2933//5403 2932//5403 2999//5403
f 2999//5404 2932//5404 3000//5404
f 3000//5405 3001//5405 2999//5405
f 2999//5406 3001//5406 3002//5406
f 2995//5407 2994//5407 3002//5407
f 3002//5408 2994//5408 2999//5408
f 2994//5409 2934//5409 2999//5409
f 2999//5410 2934//5410 2933//5410
f 2938//5411 2937//5411 3003//5411
f 3003//5412 2937//5412 3004//5412
f 3005//5413 3006//5413 3004//5413
f 3004//5414 3006//5414 3003//5414
f 3006//5415 3001//5415 3003//5415
f 3003//5416 3001//5416 3000//5416
f 2932//5417 2938//5417 3000//5417
f 3000//5418 2938//5418 3003//5418
f 2943//5419 2947//5419 3007//5419
f 3007//5420 2947//5420 3008//5420
f 3009//5421 3010//5421 3008//5421
f 3008//5422 3010//5422 3007//5422
f 3010//5423 3011//5423 3007//5423
f 3007//5424 3011//5424 3012//5424
f 2942//5425 2943//5425 3012//5425
f 3012//5426 2943//5426 3007//5426
f 3013//5427 3009//5427 3014//5427
f 3014//5428 3009//5428 3008//5428
f 2947//5429 2948//5429 3008//5429
f 3008//5430 2948//5430 3014//5430
f 2948//5431 2951//5431 3014//5431
f 3014//5432 2951//5432 2953//5432
f 2959//5433 3013//5433 2953//5433
f 2953//5434 3013//5434 3014//5434
f 3015//5435 3016//5435 3017//5435
f 3017//5436 3016//5436 3018//5436
f 2963//5437 2966//5437 3016//5437
f 3016//5438 2966//5438 3018//5438
f 2323//5439 2378//5439 2966//5439
f 2966//5440 2378//5440 3018//5440
f 2377//5441 2382//5441 2378//5441
f 2378//5442 2382//5442 3018//5442
f 2381//5443 3017//5443 2382//5443
f 2382//5444 3017//5444 3018//5444
f 2062//5445 2067//5445 3019//5445
f 3019//5446 2067//5446 3020//5446
f 3020//5447 3021//5447 3019//5447
f 3019//5448 3021//5448 3022//5448
f 3022//5449 2390//5449 3019//5449
f 3019//5450 2390//5450 2389//5450
f 2057//5451 2062//5451 2389//5451
f 2389//5452 2062//5452 3019//5452
f 2402//5453 3023//5453 2403//5453
f 2403//5454 3023//5454 3024//5454
f 3021//5455 3020//5455 3023//5455
f 3023//5456 3020//5456 3024//5456
f 2067//5457 2066//5457 3020//5457
f 3020//5458 2066//5458 3024//5458
f 2065//5459 2387//5459 2066//5459
f 2066//5460 2387//5460 3024//5460
f 2386//5461 2970//5461 2387//5461
f 2387//5462 2970//5462 3024//5462
f 2354//5463 2397//5463 2970//5463
f 2970//5464 2397//5464 3024//5464
f 2069//5465 2068//5465 2397//5465
f 2397//5466 2068//5466 3024//5466
f 2076//5467 2403//5467 2068//5467
f 2068//5468 2403//5468 3024//5468
f 2082//5469 2410//5469 2077//5469
f 2077//5470 2410//5470 3025//5470
f 2416//5471 2419//5471 2410//5471
f 2410//5472 2419//5472 3025//5472
f 2419//5473 2399//5473 3025//5473
f 3025//5474 2399//5474 2398//5474
f 2074//5475 2077//5475 2398//5475
f 2398//5476 2077//5476 3025//5476
f 2405//5477 2404//5477 3026//5477
f 3026//5478 2404//5478 3027//5478
f 3027//5479 3028//5479 3026//5479
f 3026//5480 3028//5480 3029//5480
f 2414//5481 2413//5481 3029//5481
f 3029//5482 2413//5482 3026//5482
f 2413//5483 2099//5483 3026//5483
f 3026//5484 2099//5484 2405//5484
f 2978//5485 3030//5485 2979//5485
f 2979//5486 3030//5486 3031//5486
f 632//5487 631//5487 3030//5487
f 3030//5488 631//5488 3031//5488
f 631//5489 630//5489 3031//5489
f 3031//5490 630//5490 3032//5490
f 3032//5491 2404//5491 3031//5491
f 3031//5492 2404//5492 2406//5492
f 2409//5493 2979//5493 2406//5493
f 2406//5494 2979//5494 3031//5494
f 465//5495 466//5495 3033//5495
f 466//5496 469//5496 3033//5496
f 469//5497 458//5497 3033//5497
f 458//5498 457//5498 3033//5498
f 457//5499 381//5499 3033//5499
f 3033//5500 381//5500 380//5500
f 383//5501 3033//5501 379//5501
f 380//5502 379//5502 3033//5502
f 288//5503 3033//5503 286//5503
f 383//5504 286//5504 3033//5504
f 293//5505 3034//5505 288//5505
f 288//5506 3034//5506 3033//5506
f 3028//5507 3027//5507 3034//5507
f 3034//5508 3027//5508 3033//5508
f 2404//5509 3032//5509 3027//5509
f 3027//5510 3032//5510 3033//5510
f 3032//5511 630//5511 3033//5511
f 3033//5512 630//5512 629//5512
f 551//5513 549//5513 629//5513
f 629//5514 549//5514 3033//5514
f 550//5515 553//5515 549//5515
f 549//5516 553//5516 3033//5516
f 553//5517 467//5517 3033//5517
f 467//5518 465//5518 3033//5518
f 632//5519 3030//5519 633//5519
f 633//5520 3030//5520 3035//5520
f 3030//5521 2978//5521 3035//5521
f 3035//5522 2978//5522 2980//5522
f 2983//5523 3036//5523 2980//5523
f 2980//5524 3036//5524 3035//5524
f 3036//5525 634//5525 3035//5525
f 3035//5526 634//5526 633//5526
f 623//5527 635//5527 624//5527
f 624//5528 635//5528 3037//5528
f 635//5529 634//5529 3037//5529
f 3037//5530 634//5530 3036//5530
f 2983//5531 3038//5531 3036//5531
f 3036//5532 3038//5532 3037//5532
f 3038//5533 3039//5533 3037//5533
f 3037//5534 3039//5534 3040//5534
f 3040//5535 625//5535 3037//5535
f 3037//5536 625//5536 624//5536
f 2987//5537 3041//5537 2988//5537
f 2988//5538 3041//5538 3042//5538
f 1424//5539 1423//5539 3041//5539
f 3041//5540 1423//5540 3042//5540
f 1422//5541 1430//5541 1423//5541
f 1423//5542 1430//5542 3042//5542
f 1429//5543 1434//5543 1430//5543
f 1430//5544 1434//5544 3042//5544
f 3042//5545 1434//5545 1438//5545
f 1434//5546 1433//5546 1438//5546
f 1437//5547 1450//5547 1438//5547
f 1438//5548 1450//5548 3042//5548
f 1450//5549 1449//5549 3042//5549
f 3042//5550 1449//5550 3043//5550
f 3044//5551 3045//5551 3043//5551
f 3043//5552 3045//5552 3042//5552
f 2989//5553 2988//5553 3045//5553
f 3045//5554 2988//5554 3042//5554
f 1513//5555 3046//5555 1506//5555
f 1507//5556 1506//5556 3046//5556
f 1515//5557 3046//5557 1512//5557
f 1513//5558 1512//5558 3046//5558
f 1426//5559 1425//5559 1515//5559
f 1515//5560 1425//5560 3046//5560
f 1424//5561 3041//5561 1425//5561
f 1425//5562 3041//5562 3046//5562
f 3041//5563 2987//5563 3046//5563
f 3046//5564 2987//5564 2993//5564
f 2992//5565 3047//5565 2993//5565
f 2993//5566 3047//5566 3046//5566
f 3047//5567 1508//5567 3046//5567
f 3046//5568 1508//5568 1507//5568
f 1565//5569 1573//5569 1566//5569
f 1566//5570 1573//5570 3048//5570
f 1573//5571 1572//5571 3048//5571
f 3048//5572 1572//5572 1577//5572
f 1577//5573 1576//5573 3048//5573
f 3048//5574 1576//5574 1579//5574
f 3048//5575 1579//5575 1502//5575
f 1579//5576 1503//5576 1502//5576
f 1501//5577 1509//5577 1502//5577
f 1502//5578 1509//5578 3048//5578
f 1509//5579 1508//5579 3048//5579
f 3048//5580 1508//5580 3047//5580
f 3048//5581 3047//5581 3049//5581
f 3047//5582 2992//5582 3049//5582
f 1567//5583 1566//5583 3049//5583
f 3049//5584 1566//5584 3048//5584
f 3050//5585 3051//5585 3052//5585
f 3052//5586 3051//5586 1798//5586
f 1816//5587 1815//5587 3051//5587
f 3051//5588 1815//5588 1798//5588
f 1814//5589 1813//5589 1815//5589
f 1815//5590 1813//5590 1798//5590
f 1811//5591 1818//5591 1813//5591
f 1813//5592 1818//5592 1798//5592
f 1780//5593 1779//5593 1798//5593
f 1798//5594 1779//5594 1784//5594
f 1783//5595 1788//5595 1784//5595
f 1784//5596 1788//5596 1798//5596
f 1787//5597 1792//5597 1788//5597
f 1788//5598 1792//5598 1798//5598
f 1791//5599 1794//5599 1792//5599
f 1792//5600 1794//5600 1798//5600
f 1981//5601 1798//5601 1801//5601
f 1797//5602 1801//5602 1798//5602
f 1986//5603 3053//5603 1981//5603
f 1981//5604 3053//5604 1798//5604
f 3001//5605 3006//5605 3053//5605
f 3053//5606 3006//5606 1798//5606
f 3005//5607 3052//5607 3006//5607
f 3006//5608 3052//5608 1798//5608
f 3054//5609 3055//5609 3056//5609
f 3056//5610 3055//5610 3057//5610
f 3055//5611 3050//5611 3057//5611
f 3057//5612 3050//5612 3052//5612
f 3005//5613 3058//5613 3052//5613
f 3052//5614 3058//5614 3057//5614
f 3058//5615 3011//5615 3057//5615
f 3057//5616 3011//5616 3056//5616
f 3010//5617 3009//5617 3059//5617
f 3059//5618 3009//5618 3060//5618
f 3061//5619 3062//5619 3060//5619
f 3060//5620 3062//5620 3059//5620
f 3062//5621 3054//5621 3059//5621
f 3059//5622 3054//5622 3056//5622
f 3011//5623 3010//5623 3056//5623
f 3056//5624 3010//5624 3059//5624
f 3017//5625 2381//5625 3063//5625
f 3063//5626 2381//5626 3064//5626
f 3064//5627 3065//5627 3063//5627
f 3063//5628 3065//5628 3066//5628
f 3066//5629 3067//5629 3063//5629
f 3063//5630 3067//5630 3068//5630
f 3015//5631 3017//5631 3068//5631
f 3068//5632 3017//5632 3063//5632
f 3065//5633 3064//5633 3069//5633
f 3069//5634 3064//5634 3070//5634
f 2381//5635 2379//5635 3064//5635
f 3064//5636 2379//5636 3070//5636
f 2379//5637 2084//5637 3070//5637
f 3070//5638 2084//5638 2083//5638
f 2092//5639 3071//5639 2083//5639
f 2083//5640 3071//5640 3070//5640
f 3072//5641 3073//5641 3071//5641
f 3071//5642 3073//5642 3070//5642
f 3073//5643 3074//5643 3070//5643
f 3070//5644 3074//5644 3069//5644
f 3075//5645 3076//5645 3077//5645
f 3077//5646 3076//5646 3078//5646
f 2421//5647 2420//5647 3078//5647
f 3078//5648 2420//5648 3077//5648
f 2416//5649 2415//5649 2420//5649
f 2420//5650 2415//5650 3077//5650
f 2415//5651 2414//5651 3077//5651
f 3077//5652 2414//5652 3029//5652
f 3028//5653 3079//5653 3029//5653
f 3029//5654 3079//5654 3077//5654
f 3080//5655 3075//5655 3079//5655
f 3079//5656 3075//5656 3077//5656
f 295//5657 198//5657 3081//5657
f 3081//5658 198//5658 200//5658
f 205//5659 3082//5659 200//5659
f 200//5660 3082//5660 3081//5660
f 3082//5661 3028//5661 3081//5661
f 3081//5662 3028//5662 3034//5662
f 293//5663 292//5663 3034//5663
f 3034//5664 292//5664 3081//5664
f 292//5665 291//5665 3081//5665
f 3081//5666 291//5666 295//5666
f 107//5667 114//5667 108//5667
f 108//5668 114//5668 3083//5668
f 113//5669 122//5669 114//5669
f 114//5670 122//5670 3083//5670
f 3083//5671 122//5671 217//5671
f 122//5672 121//5672 217//5672
f 217//5673 215//5673 3083//5673
f 3083//5674 215//5674 214//5674
f 214//5675 213//5675 3083//5675
f 3083//5676 213//5676 307//5676
f 3083//5677 307//5677 304//5677
f 307//5678 305//5678 304//5678
f 304//5679 303//5679 3083//5679
f 3083//5680 303//5680 2052//5680
f 2051//5681 3084//5681 2052//5681
f 2052//5682 3084//5682 3083//5682
f 3084//5683 3080//5683 3083//5683
f 3083//5684 3080//5684 3079//5684
f 3079//5685 3028//5685 3083//5685
f 3083//5686 3028//5686 3082//5686
f 3083//5687 3082//5687 204//5687
f 3082//5688 205//5688 204//5688
f 203//5689 207//5689 204//5689
f 204//5690 207//5690 3083//5690
f 98//5691 97//5691 207//5691
f 207//5692 97//5692 3083//5692
f 96//5693 104//5693 97//5693
f 97//5694 104//5694 3083//5694
f 103//5695 108//5695 104//5695
f 104//5696 108//5696 3083//5696
f 627//5697 626//5697 638//5697
f 638//5698 626//5698 3085//5698
f 626//5699 625//5699 3085//5699
f 3085//5700 625//5700 3040//5700
f 3039//5701 3086//5701 3040//5701
f 3040//5702 3086//5702 3085//5702
f 3087//5703 3088//5703 3086//5703
f 3086//5704 3088//5704 3085//5704
f 3088//5705 639//5705 3085//5705
f 3085//5706 639//5706 638//5706
f 640//5707 639//5707 3089//5707
f 3089//5708 639//5708 3088//5708
f 3087//5709 3090//5709 3088//5709
f 3088//5710 3090//5710 3089//5710
f 3090//5711 2051//5711 3089//5711
f 3089//5712 2051//5712 2050//5712
f 641//5713 640//5713 2050//5713
f 2050//5714 640//5714 3089//5714
f 1451//5715 1454//5715 3091//5715
f 3091//5716 1454//5716 3092//5716
f 3092//5717 3093//5717 3091//5717
f 3091//5718 3093//5718 3094//5718
f 3094//5719 3044//5719 3091//5719
f 3091//5720 3044//5720 3043//5720
f 1449//5721 1451//5721 3043//5721
f 3043//5722 1451//5722 3091//5722
f 1448//5723 3095//5723 1439//5723
f 1439//5724 3095//5724 3096//5724
f 3095//5725 3097//5725 3096//5725
f 3096//5726 3097//5726 3098//5726
f 3093//5727 3092//5727 3098//5727
f 3098//5728 3092//5728 3096//5728
f 3092//5729 1454//5729 3096//5729
f 3096//5730 1454//5730 1453//5730
f 1440//5731 1439//5731 1453//5731
f 1453//5732 1439//5732 3096//5732
f 1525//5733 1523//5733 3099//5733
f 1523//5734 1522//5734 3099//5734
f 1589//5735 3099//5735 1521//5735
f 1522//5736 1521//5736 3099//5736
f 1580//5737 3099//5737 1581//5737
f 1589//5738 1581//5738 3099//5738
f 1587//5739 3100//5739 1580//5739
f 1580//5740 3100//5740 3099//5740
f 3100//5741 3097//5741 3099//5741
f 3099//5742 3097//5742 3095//5742
f 3095//5743 1448//5743 3099//5743
f 1448//5744 1447//5744 3099//5744
f 1447//5745 1446//5745 3099//5745
f 1446//5746 1525//5746 3099//5746
f 1599//5747 1597//5747 3101//5747
f 3101//5748 1597//5748 1596//5748
f 1595//5749 1646//5749 1596//5749
f 1596//5750 1646//5750 3101//5750
f 1649//5751 3102//5751 1646//5751
f 1646//5752 3102//5752 3101//5752
f 3102//5753 3103//5753 3101//5753
f 3101//5754 3103//5754 3104//5754
f 3097//5755 3100//5755 3104//5755
f 3104//5756 3100//5756 3101//5756
f 3100//5757 1587//5757 3101//5757
f 3101//5758 1587//5758 1586//5758
f 1585//5759 1599//5759 1586//5759
f 1586//5760 1599//5760 3101//5760
f 1645//5761 3105//5761 1638//5761
f 1638//5762 3105//5762 3106//5762
f 3105//5763 3103//5763 3106//5763
f 3106//5764 3103//5764 3102//5764
f 1649//5765 1648//5765 3102//5765
f 3102//5766 1648//5766 3106//5766
f 1648//5767 1639//5767 3106//5767
f 3106//5768 1639//5768 1638//5768
f 1657//5769 1656//5769 1659//5769
f 1659//5770 1656//5770 3107//5770
f 1656//5771 1655//5771 3107//5771
f 3107//5772 1655//5772 1703//5772
f 1710//5773 3108//5773 1703//5773
f 1703//5774 3108//5774 3107//5774
f 3103//5775 3105//5775 3108//5775
f 3108//5776 3105//5776 3107//5776
f 1645//5777 1644//5777 3105//5777
f 3105//5778 1644//5778 3107//5778
f 1643//5779 1659//5779 1644//5779
f 1644//5780 1659//5780 3107//5780
f 3109//5781 3110//5781 3111//5781
f 3111//5782 3110//5782 3112//5782
f 3110//5783 3113//5783 3112//5783
f 3112//5784 3113//5784 3114//5784
f 3050//5785 3055//5785 3114//5785
f 3114//5786 3055//5786 3112//5786
f 3055//5787 3054//5787 3112//5787
f 3112//5788 3054//5788 3111//5788
f 3115//5789 3116//5789 3117//5789
f 3117//5790 3116//5790 3118//5790
f 3116//5791 3109//5791 3118//5791
f 3118//5792 3109//5792 3111//5792
f 3054//5793 3062//5793 3111//5793
f 3111//5794 3062//5794 3118//5794
f 3062//5795 3061//5795 3118//5795
f 3118//5796 3061//5796 3117//5796
f 3119//5797 3120//5797 3121//5797
f 3121//5798 3120//5798 3122//5798
f 3120//5799 3115//5799 3122//5799
f 3122//5800 3115//5800 3117//5800
f 3061//5801 3123//5801 3117//5801
f 3117//5802 3123//5802 3122//5802
f 3123//5803 3124//5803 3122//5803
f 3122//5804 3124//5804 3121//5804
f 2373//5805 2061//5805 3125//5805
f 3125//5806 2061//5806 2060//5806
f 2059//5807 2090//5807 2060//5807
f 2060//5808 2090//5808 3125//5808
f 2090//5809 2089//5809 3125//5809
f 3125//5810 2089//5810 2373//5810
f 2102//5811 2101//5811 3126//5811
f 3126//5812 2101//5812 2412//5812
f 2082//5813 2081//5813 2412//5813
f 2412//5814 2081//5814 3126//5814
f 2081//5815 2080//5815 3126//5815
f 3126//5816 2080//5816 2102//5816
f 2334//5817 2310//5817 3127//5817
f 3127//5818 2310//5818 2893//5818
f 2247//5819 2273//5819 2893//5819
f 2893//5820 2273//5820 3127//5820
f 2273//5821 2271//5821 3127//5821
f 3127//5822 2271//5822 2897//5822
f 2325//5823 2334//5823 2897//5823
f 2897//5824 2334//5824 3127//5824
f 2301//5825 2364//5825 3128//5825
f 3128//5826 2364//5826 3129//5826
f 2364//5827 2363//5827 3129//5827
f 3129//5828 2363//5828 2973//5828
f 2348//5829 2347//5829 2973//5829
f 2973//5830 2347//5830 3129//5830
f 2287//5831 3128//5831 2347//5831
f 2347//5832 3128//5832 3129//5832
f 3022//5833 3021//5833 3130//5833
f 3130//5834 3021//5834 3131//5834
f 3131//5835 3132//5835 3130//5835
f 3130//5836 3132//5836 3133//5836
f 3133//5837 3134//5837 3130//5837
f 3130//5838 3134//5838 3135//5838
f 2390//5839 3022//5839 3135//5839
f 3135//5840 3022//5840 3130//5840
f 3071//5841 2092//5841 3136//5841
f 3136//5842 2092//5842 2392//5842
f 2390//5843 3135//5843 2392//5843
f 2392//5844 3135//5844 3136//5844
f 3135//5845 3134//5845 3136//5845
f 3136//5846 3134//5846 3137//5846
f 3072//5847 3071//5847 3137//5847
f 3137//5848 3071//5848 3136//5848
f 3074//5849 3073//5849 3138//5849
f 3138//5850 3073//5850 3139//5850
f 3073//5851 3072//5851 3139//5851
f 3139//5852 3072//5852 3137//5852
f 3134//5853 3140//5853 3137//5853
f 3137//5854 3140//5854 3139//5854
f 3140//5855 3141//5855 3139//5855
f 3139//5856 3141//5856 3138//5856
f 3142//5857 2402//5857 3143//5857
f 3143//5858 2402//5858 2401//5858
f 2399//5859 2417//5859 2401//5859
f 2401//5860 2417//5860 3143//5860
f 2417//5861 2423//5861 3143//5861
f 3143//5862 2423//5862 3144//5862
f 3145//5863 3142//5863 3144//5863
f 3144//5864 3142//5864 3143//5864
f 3146//5865 3147//5865 3148//5865
f 3148//5866 3147//5866 3149//5866
f 3149//5867 3145//5867 3148//5867
f 3148//5868 3145//5868 3144//5868
f 2423//5869 3150//5869 3144//5869
f 3144//5870 3150//5870 3148//5870
f 3151//5871 3146//5871 3150//5871
f 3150//5872 3146//5872 3148//5872
f 2426//5873 2427//5873 3152//5873
f 3152//5874 2427//5874 3153//5874
f 3154//5875 3155//5875 3152//5875
f 3152//5876 3155//5876 3156//5876
f 3154//5877 3157//5877 3155//5877
f 3155//5878 3157//5878 3158//5878
f 3158//5879 3157//5879 3159//5879
f 3160//5880 3161//5880 3159//5880
f 3159//5881 3161//5881 3158//5881
f 3160//5882 3162//5882 3161//5882
f 3162//5883 3163//5883 3161//5883
f 3164//5884 3161//5884 3163//5884
f 3162//5885 3160//5885 3165//5885
f 3165//5886 3160//5886 3166//5886
f 3167//5887 3168//5887 3169//5887
f 3169//5888 3168//5888 3163//5888
f 3168//5889 3164//5889 3163//5889
f 3167//5890 3170//5890 3168//5890
f 3170//5891 3171//5891 3168//5891
f 3172//5892 3168//5892 3171//5892
f 3170//5893 3167//5893 3173//5893
f 3173//5894 3167//5894 3174//5894
f 3175//5895 3176//5895 3177//5895
f 3177//5896 3176//5896 3171//5896
f 3176//5897 3172//5897 3171//5897
f 3175//5898 3178//5898 3176//5898
f 3178//5899 3179//5899 3176//5899
f 3180//5900 3176//5900 3179//5900
f 3178//5901 3175//5901 3181//5901
f 3181//5902 3175//5902 3182//5902
f 3183//5903 3184//5903 3185//5903
f 3185//5904 3184//5904 3179//5904
f 3184//5905 3180//5905 3179//5905
f 3183//5906 3186//5906 3184//5906
f 3186//5907 3187//5907 3184//5907
f 3188//5908 3184//5908 3187//5908
f 3186//5909 3183//5909 3189//5909
f 3189//5910 3183//5910 3190//5910
f 3191//5911 3192//5911 3193//5911
f 3193//5912 3192//5912 3187//5912
f 3192//5913 3188//5913 3187//5913
f 3194//5914 3192//5914 3195//5914
f 3195//5915 3192//5915 3191//5915
f 3195//5916 3191//5916 3196//5916
f 3196//5917 3191//5917 3197//5917
f 3194//5918 3195//5918 3198//5918
f 3199//5919 3198//5919 3196//5919
f 3198//5920 3195//5920 3196//5920
f 3199//5921 3200//5921 3198//5921
f 3201//5922 3198//5922 3200//5922
f 3202//5923 2429//5923 3203//5923
f 3204//5924 3203//5924 2429//5924
f 3205//5925 3203//5925 3206//5925
f 3206//5926 3203//5926 3153//5926
f 2441//5927 3206//5927 3207//5927
f 3207//5928 3206//5928 3208//5928
f 3209//5929 3210//5929 3208//5929
f 3210//5930 3207//5930 3208//5930
f 3210//5931 3209//5931 3211//5931
f 3209//5932 3212//5932 3211//5932
f 3211//5933 3212//5933 3213//5933
f 3214//5934 3215//5934 3213//5934
f 3213//5935 3215//5935 3211//5935
f 3214//5936 3216//5936 3215//5936
f 3216//5937 3217//5937 3215//5937
f 3218//5938 3215//5938 3217//5938
f 3216//5939 3214//5939 3219//5939
f 3219//5940 3214//5940 3220//5940
f 3221//5941 3222//5941 3223//5941
f 3223//5942 3222//5942 3217//5942
f 3222//5943 3218//5943 3217//5943
f 3221//5944 3224//5944 3222//5944
f 3224//5945 3225//5945 3222//5945
f 3226//5946 3222//5946 3225//5946
f 3224//5947 3221//5947 3227//5947
f 3227//5948 3221//5948 3228//5948
f 3229//5949 3230//5949 3231//5949
f 3231//5950 3230//5950 3225//5950
f 3230//5951 3226//5951 3225//5951
f 3229//5952 3232//5952 3230//5952
f 3232//5953 3233//5953 3230//5953
f 3234//5954 3230//5954 3233//5954
f 3232//5955 3229//5955 3235//5955
f 3235//5956 3229//5956 3236//5956
f 3237//5957 3238//5957 3239//5957
f 3239//5958 3238//5958 3233//5958
f 3238//5959 3234//5959 3233//5959
f 3237//5960 3240//5960 3238//5960
f 3240//5961 3241//5961 3238//5961
f 3242//5962 3238//5962 3241//5962
f 3240//5963 3237//5963 3243//5963
f 3243//5964 3237//5964 3244//5964
f 3245//5965 3246//5965 3247//5965
f 3247//5966 3246//5966 3241//5966
f 3246//5967 3242//5967 3241//5967
f 3248//5968 3246//5968 3249//5968
f 3249//5969 3246//5969 3245//5969
f 3249//5970 3245//5970 3250//5970
f 3250//5971 3245//5971 3251//5971
f 3248//5972 3249//5972 3252//5972
f 3153//5973 3252//5973 3250//5973
f 3252//5974 3249//5974 3250//5974
f 3153//5975 3253//5975 3252//5975
f 3252//5976 3253//5976 3254//5976
f 3254//5977 3253//5977 3255//5977
f 3256//5978 3257//5978 3258//5978
f 3258//5979 3257//5979 3259//5979
f 3260//5980 3261//5980 3259//5980
f 3259//5981 3261//5981 3258//5981
f 3261//5982 3262//5982 3258//5982
f 3258//5983 3262//5983 3256//5983
f 3263//5984 3264//5984 3265//5984
f 3265//5985 3264//5985 3266//5985
f 3260//5986 3259//5986 3266//5986
f 3266//5987 3259//5987 3265//5987
f 3259//5988 3257//5988 3265//5988
f 3265//5989 3257//5989 3263//5989
f 3267//5990 3268//5990 3269//5990
f 3269//5991 3268//5991 3270//5991
f 3260//5992 3266//5992 3270//5992
f 3270//5993 3266//5993 3269//5993
f 3266//5994 3264//5994 3269//5994
f 3269//5995 3264//5995 3267//5995
f 3271//5996 3272//5996 3273//5996
f 3273//5997 3272//5997 3274//5997
f 3260//5998 3270//5998 3274//5998
f 3274//5999 3270//5999 3273//5999
f 3270//6000 3268//6000 3273//6000
f 3273//6001 3268//6001 3271//6001
f 3275//6002 3276//6002 3277//6002
f 3277//6003 3276//6003 3278//6003
f 3260//6004 3274//6004 3278//6004
f 3278//6005 3274//6005 3277//6005
f 3274//6006 3272//6006 3277//6006
f 3277//6007 3272//6007 3275//6007
f 3279//6008 3280//6008 3281//6008
f 3281//6009 3280//6009 3282//6009
f 3260//6010 3278//6010 3282//6010
f 3282//6011 3278//6011 3281//6011
f 3278//6012 3276//6012 3281//6012
f 3281//6013 3276//6013 3279//6013
f 3283//6014 3284//6014 3285//6014
f 3285//6015 3284//6015 3286//6015
f 3260//6016 3282//6016 3286//6016
f 3286//6017 3282//6017 3285//6017
f 3282//6018 3280//6018 3285//6018
f 3285//6019 3280//6019 3283//6019
f 3287//6020 3288//6020 3289//6020
f 3289//6021 3288//6021 3290//6021
f 3260//6022 3286//6022 3290//6022
f 3290//6023 3286//6023 3289//6023
f 3286//6024 3284//6024 3289//6024
f 3289//6025 3284//6025 3287//6025
f 3291//6026 3292//6026 3293//6026
f 3293//6027 3292//6027 3294//6027
f 3260//6028 3290//6028 3294//6028
f 3294//6029 3290//6029 3293//6029
f 3290//6030 3288//6030 3293//6030
f 3293//6031 3288//6031 3291//6031
f 3295//6032 3296//6032 3297//6032
f 3297//6033 3296//6033 3298//6033
f 3260//6034 3294//6034 3298//6034
f 3298//6035 3294//6035 3297//6035
f 3294//6036 3292//6036 3297//6036
f 3297//6037 3292//6037 3295//6037
f 3299//6038 3300//6038 3301//6038
f 3301//6039 3300//6039 3302//6039
f 3260//6040 3298//6040 3302//6040
f 3302//6041 3298//6041 3301//6041
f 3298//6042 3296//6042 3301//6042
f 3301//6043 3296//6043 3299//6043
f 3303//6044 3304//6044 3305//6044
f 3305//6045 3304//6045 3306//6045
f 3260//6046 3302//6046 3306//6046
f 3306//6047 3302//6047 3305//6047
f 3302//6048 3300//6048 3305//6048
f 3305//6049 3300//6049 3303//6049
f 3307//6050 3308//6050 3309//6050
f 3309//6051 3308//6051 3310//6051
f 3260//6052 3306//6052 3310//6052
f 3310//6053 3306//6053 3309//6053
f 3306//6054 3304//6054 3309//6054
f 3309//6055 3304//6055 3307//6055
f 3311//6056 3312//6056 3313//6056
f 3313//6057 3312//6057 3314//6057
f 3260//6058 3310//6058 3314//6058
f 3314//6059 3310//6059 3313//6059
f 3310//6060 3308//6060 3313//6060
f 3313//6061 3308//6061 3311//6061
f 3315//6062 3316//6062 3317//6062
f 3317//6063 3316//6063 3318//6063
f 3260//6064 3314//6064 3318//6064
f 3318//6065 3314//6065 3317//6065
f 3314//6066 3312//6066 3317//6066
f 3317//6067 3312//6067 3315//6067
f 3319//6068 3320//6068 3321//6068
f 3321//6069 3320//6069 3322//6069
f 3260//6070 3318//6070 3322//6070
f 3322//6071 3318//6071 3321//6071
f 3318//6072 3316//6072 3321//6072
f 3321//6073 3316//6073 3319//6073
f 3323//6074 3324//6074 3325//6074
f 3325//6075 3324//6075 3326//6075
f 3260//6076 3322//6076 3326//6076
f 3326//6077 3322//6077 3325//6077
f 3322//6078 3320//6078 3325//6078
f 3325//6079 3320//6079 3323//6079
f 3327//6080 3328//6080 3329//6080
f 3329//6081 3328//6081 3330//6081
f 3260//6082 3326//6082 3330//6082
f 3330//6083 3326//6083 3329//6083
f 3326//6084 3324//6084 3329//6084
f 3329//6085 3324//6085 3327//6085
f 3331//6086 3332//6086 3333//6086
f 3333//6087 3332//6087 3334//6087
f 3260//6088 3330//6088 3334//6088
f 3334//6089 3330//6089 3333//6089
f 3330//6090 3328//6090 3333//6090
f 3333//6091 3328//6091 3331//6091
f 3335//6092 3262//6092 3336//6092
f 3336//6093 3262//6093 3261//6093
f 3260//6094 3334//6094 3261//6094
f 3261//6095 3334//6095 3336//6095
f 3334//6096 3332//6096 3336//6096
f 3336//6097 3332//6097 3335//6097
f 3337//6098 2460//6098 3338//6098
f 3338//6099 2460//6099 2516//6099
f 3156//6100 3155//6100 3338//6100
f 3338//6101 3155//6101 3339//6101
f 3340//6102 3337//6102 3339//6102
f 3339//6103 3337//6103 3338//6103
f 3341//6104 3340//6104 3342//6104
f 3342//6105 3340//6105 3339//6105
f 3155//6106 3158//6106 3339//6106
f 3339//6107 3158//6107 3342//6107
f 3161//6108 3343//6108 3158//6108
f 3158//6109 3343//6109 3342//6109
f 2531//6110 3341//6110 3343//6110
f 3343//6111 3341//6111 3342//6111
f 2532//6112 2531//6112 3344//6112
f 3344//6113 2531//6113 3343//6113
f 3161//6114 3164//6114 3343//6114
f 3343//6115 3164//6115 3344//6115
f 3168//6116 3345//6116 3164//6116
f 3164//6117 3345//6117 3344//6117
f 2535//6118 2532//6118 3345//6118
f 3345//6119 2532//6119 3344//6119
f 2540//6120 2535//6120 3346//6120
f 3346//6121 2535//6121 3345//6121
f 3168//6122 3172//6122 3345//6122
f 3345//6123 3172//6123 3346//6123
f 3176//6124 3347//6124 3172//6124
f 3172//6125 3347//6125 3346//6125
f 2542//6126 2540//6126 3347//6126
f 3347//6127 2540//6127 3346//6127
f 2548//6128 2542//6128 3348//6128
f 3348//6129 2542//6129 3347//6129
f 3176//6130 3180//6130 3347//6130
f 3347//6131 3180//6131 3348//6131
f 3184//6132 3349//6132 3180//6132
f 3180//6133 3349//6133 3348//6133
f 2549//6134 2548//6134 3349//6134
f 3349//6135 2548//6135 3348//6135
f 2549//6136 3349//6136 2554//6136
f 2554//6137 3349//6137 3350//6137
f 3184//6138 3188//6138 3349//6138
f 3349//6139 3188//6139 3350//6139
f 3192//6140 3351//6140 3188//6140
f 3188//6141 3351//6141 3350//6141
f 3351//6142 2552//6142 3350//6142
f 3350//6143 2552//6143 2554//6143
f 2552//6144 3351//6144 2560//6144
f 2560//6145 3351//6145 3352//6145
f 3192//6146 3194//6146 3351//6146
f 3351//6147 3194//6147 3352//6147
f 3198//6148 3353//6148 3194//6148
f 3194//6149 3353//6149 3352//6149
f 3353//6150 2561//6150 3352//6150
f 3352//6151 2561//6151 2560//6151
f 2561//6152 3353//6152 2434//6152
f 2434//6153 3353//6153 2435//6153
f 3353//6154 3198//6154 2435//6154
f 2435//6155 3198//6155 3201//6155
f 3354//6156 3355//6156 3201//6156
f 3201//6157 3355//6157 2435//6157
f 2441//6158 3207//6158 2440//6158
f 2440//6159 3207//6159 2520//6159
f 3207//6160 3210//6160 2520//6160
f 2520//6161 3210//6161 3356//6161
f 3356//6162 3357//6162 2520//6162
f 2520//6163 3357//6163 2488//6163
f 3357//6164 3356//6164 3358//6164
f 3358//6165 3356//6165 3359//6165
f 3210//6166 3211//6166 3356//6166
f 3356//6167 3211//6167 3359//6167
f 3215//6168 3360//6168 3211//6168
f 3211//6169 3360//6169 3359//6169
f 3360//6170 3361//6170 3359//6170
f 3359//6171 3361//6171 3358//6171
f 3362//6172 3361//6172 3363//6172
f 3363//6173 3361//6173 3360//6173
f 3215//6174 3218//6174 3360//6174
f 3360//6175 3218//6175 3363//6175
f 3222//6176 3364//6176 3218//6176
f 3218//6177 3364//6177 3363//6177
f 3364//6178 3365//6178 3363//6178
f 3363//6179 3365//6179 3362//6179
f 3366//6180 3365//6180 3367//6180
f 3367//6181 3365//6181 3364//6181
f 3222//6182 3226//6182 3364//6182
f 3364//6183 3226//6183 3367//6183
f 3230//6184 3368//6184 3226//6184
f 3226//6185 3368//6185 3367//6185
f 3368//6186 3369//6186 3367//6186
f 3367//6187 3369//6187 3366//6187
f 3370//6188 3369//6188 3371//6188
f 3371//6189 3369//6189 3368//6189
f 3230//6190 3234//6190 3368//6190
f 3368//6191 3234//6191 3371//6191
f 3238//6192 3372//6192 3234//6192
f 3234//6193 3372//6193 3371//6193
f 3372//6194 3373//6194 3371//6194
f 3371//6195 3373//6195 3370//6195
f 3374//6196 3373//6196 3375//6196
f 3375//6197 3373//6197 3372//6197
f 3238//6198 3242//6198 3372//6198
f 3372//6199 3242//6199 3375//6199
f 3246//6200 3376//6200 3242//6200
f 3242//6201 3376//6201 3375//6201
f 3376//6202 3377//6202 3375//6202
f 3375//6203 3377//6203 3374//6203
f 3378//6204 3377//6204 3379//6204
f 3379//6205 3377//6205 3376//6205
f 3246//6206 3248//6206 3376//6206
f 3376//6207 3248//6207 3379//6207
f 3252//6208 3380//6208 3248//6208
f 3248//6209 3380//6209 3379//6209
f 3380//6210 3381//6210 3379//6210
f 3379//6211 3381//6211 3378//6211
f 3382//6212 3381//6212 2454//6212
f 2454//6213 3381//6213 3380//6213
f 3252//6214 3254//6214 3380//6214
f 3380//6215 3254//6215 2454//6215
f 2453//6216 2456//6216 2454//6216
f 2454//6217 2456//6217 3382//6217
f 2529//6218 2528//6218 3383//6218
f 3383//6219 2528//6219 3337//6219
f 2528//6220 2458//6220 3337//6220
f 3337//6221 2458//6221 2460//6221
f 3337//6222 3340//6222 3384//6222
f 3385//6223 3383//6223 3384//6223
f 3384//6224 3383//6224 3337//6224
f 3386//6225 3385//6225 3387//6225
f 3387//6226 3385//6226 3384//6226
f 3340//6227 3341//6227 3384//6227
f 3384//6228 3341//6228 3387//6228
f 3341//6229 2531//6229 3387//6229
f 3387//6230 2531//6230 2533//6230
f 2539//6231 3386//6231 2533//6231
f 2533//6232 3386//6232 3387//6232
f 2563//6233 2562//6233 3388//6233
f 3388//6234 2562//6234 2434//6234
f 2562//6235 2561//6235 2434//6235
f 2485//6236 3388//6236 2481//6236
f 2481//6237 3388//6237 2434//6237
f 2567//6238 2486//6238 3389//6238
f 3389//6239 2486//6239 2488//6239
f 2488//6240 3357//6240 3390//6240
f 3391//6241 3389//6241 3390//6241
f 3390//6242 3389//6242 2488//6242
f 3391//6243 3390//6243 3392//6243
f 3392//6244 3390//6244 3393//6244
f 3390//6245 3357//6245 3393//6245
f 3393//6246 3357//6246 3358//6246
f 3358//6247 3361//6247 3393//6247
f 3393//6248 3361//6248 3394//6248
f 3394//6249 3395//6249 3393//6249
f 3393//6250 3395//6250 3392//6250
f 3395//6251 3394//6251 3396//6251
f 3396//6252 3394//6252 3397//6252
f 3394//6253 3361//6253 3397//6253
f 3397//6254 3361//6254 3362//6254
f 3362//6255 3365//6255 3397//6255
f 3397//6256 3365//6256 3398//6256
f 3398//6257 3399//6257 3397//6257
f 3397//6258 3399//6258 3396//6258
f 3399//6259 3398//6259 3400//6259
f 3400//6260 3398//6260 3401//6260
f 3398//6261 3365//6261 3401//6261
f 3401//6262 3365//6262 3366//6262
f 3366//6263 3369//6263 3401//6263
f 3401//6264 3369//6264 3402//6264
f 3402//6265 3403//6265 3401//6265
f 3401//6266 3403//6266 3400//6266
f 3403//6267 3402//6267 3404//6267
f 3404//6268 3402//6268 3405//6268
f 3402//6269 3369//6269 3405//6269
f 3405//6270 3369//6270 3370//6270
f 3370//6271 3373//6271 3405//6271
f 3405//6272 3373//6272 3406//6272
f 3406//6273 3407//6273 3405//6273
f 3405//6274 3407//6274 3404//6274
f 3408//6275 3407//6275 3409//6275
f 3409//6276 3407//6276 3406//6276
f 3406//6277 3373//6277 3409//6277
f 3409//6278 3373//6278 3374//6278
f 3374//6279 3377//6279 3409//6279
f 3409//6280 3377//6280 3410//6280
f 3411//6281 3408//6281 3410//6281
f 3410//6282 3408//6282 3409//6282
f 3412//6283 3411//6283 3413//6283
f 3413//6284 3411//6284 3410//6284
f 3410//6285 3377//6285 3413//6285
f 3413//6286 3377//6286 3378//6286
f 3378//6287 3381//6287 3413//6287
f 3413//6288 3381//6288 3414//6288
f 3415//6289 3412//6289 3414//6289
f 3414//6290 3412//6290 3413//6290
f 3415//6291 3414//6291 3416//6291
f 3416//6292 3414//6292 3382//6292
f 3414//6293 3381//6293 3382//6293
f 2456//6294 2509//6294 3382//6294
f 3382//6295 2509//6295 2513//6295
f 2511//6296 3416//6296 2513//6296
f 2513//6297 3416//6297 3382//6297
f 3417//6298 3418//6298 3419//6298
f 3419//6299 3418//6299 3420//6299
f 2471//6300 2470//6300 3420//6300
f 3420//6301 2470//6301 3419//6301
f 2469//6302 2530//6302 2470//6302
f 2470//6303 2530//6303 3419//6303
f 2530//6304 2529//6304 3419//6304
f 3419//6305 2529//6305 3421//6305
f 3422//6306 3417//6306 3421//6306
f 3421//6307 3417//6307 3419//6307
f 3423//6308 3422//6308 3424//6308
f 3424//6309 3422//6309 3421//6309
f 2529//6310 3383//6310 3421//6310
f 3421//6311 3383//6311 3424//6311
f 3383//6312 3385//6312 3424//6312
f 3424//6313 3385//6313 3425//6313
f 3426//6314 3423//6314 3425//6314
f 3425//6315 3423//6315 3424//6315
f 3427//6316 3426//6316 3428//6316
f 3428//6317 3426//6317 3425//6317
f 3385//6318 3386//6318 3425//6318
f 3425//6319 3386//6319 3428//6319
f 3386//6320 2539//6320 3428//6320
f 3428//6321 2539//6321 2577//6321
f 2576//6322 3427//6322 2577//6322
f 2577//6323 3427//6323 3428//6323
f 2592//6324 2590//6324 3429//6324
f 3429//6325 2590//6325 3430//6325
f 2590//6326 2563//6326 3430//6326
f 3430//6327 2563//6327 3388//6327
f 2485//6328 3431//6328 3388//6328
f 3388//6329 3431//6329 3430//6329
f 3431//6330 3432//6330 3430//6330
f 3430//6331 3432//6331 3429//6331
f 3432//6332 3431//6332 3433//6332
f 3433//6333 3431//6333 3434//6333
f 3431//6334 2485//6334 3434//6334
f 3434//6335 2485//6335 2484//6335
f 2483//6336 2564//6336 2484//6336
f 2484//6337 2564//6337 3434//6337
f 2499//6338 3435//6338 2564//6338
f 2564//6339 3435//6339 3434//6339
f 3435//6340 3436//6340 3434//6340
f 3434//6341 3436//6341 3433//6341
f 3436//6342 3435//6342 3437//6342
f 3437//6343 3435//6343 3438//6343
f 3435//6344 2499//6344 3438//6344
f 3438//6345 2499//6345 2498//6345
f 2497//6346 2568//6346 2498//6346
f 2498//6347 2568//6347 3438//6347
f 2567//6348 3439//6348 2568//6348
f 2568//6349 3439//6349 3438//6349
f 3439//6350 3440//6350 3438//6350
f 3438//6351 3440//6351 3437//6351
f 3440//6352 3439//6352 3441//6352
f 3441//6353 3439//6353 3442//6353
f 3439//6354 2567//6354 3442//6354
f 3442//6355 2567//6355 3389//6355
f 3391//6356 3443//6356 3389//6356
f 3389//6357 3443//6357 3442//6357
f 3443//6358 3444//6358 3442//6358
f 3442//6359 3444//6359 3441//6359
f 3444//6360 3443//6360 3445//6360
f 3445//6361 3443//6361 3446//6361
f 3443//6362 3391//6362 3446//6362
f 3446//6363 3391//6363 3392//6363
f 3395//6364 3447//6364 3392//6364
f 3392//6365 3447//6365 3446//6365
f 3447//6366 3448//6366 3446//6366
f 3446//6367 3448//6367 3445//6367
f 3448//6368 3447//6368 3449//6368
f 3449//6369 3447//6369 3450//6369
f 3447//6370 3395//6370 3450//6370
f 3450//6371 3395//6371 3396//6371
f 3399//6372 3451//6372 3396//6372
f 3396//6373 3451//6373 3450//6373
f 3451//6374 3452//6374 3450//6374
f 3450//6375 3452//6375 3449//6375
f 3452//6376 3451//6376 3453//6376
f 3453//6377 3451//6377 3454//6377
f 3451//6378 3399//6378 3454//6378
f 3454//6379 3399//6379 3400//6379
f 3403//6380 3455//6380 3400//6380
f 3400//6381 3455//6381 3454//6381
f 3455//6382 3456//6382 3454//6382
f 3454//6383 3456//6383 3453//6383
f 3456//6384 3455//6384 3457//6384
f 3457//6385 3455//6385 3458//6385
f 3455//6386 3403//6386 3458//6386
f 3458//6387 3403//6387 3404//6387
f 3407//6388 3459//6388 3404//6388
f 3404//6389 3459//6389 3458//6389
f 3459//6390 3460//6390 3458//6390
f 3458//6391 3460//6391 3457//6391
f 3461//6392 3460//6392 3462//6392
f 3462//6393 3460//6393 3459//6393
f 3407//6394 3408//6394 3459//6394
f 3459//6395 3408//6395 3462//6395
f 3408//6396 3411//6396 3462//6396
f 3462//6397 3411//6397 3463//6397
f 3464//6398 3461//6398 3463//6398
f 3463//6399 3461//6399 3462//6399
f 3465//6400 3464//6400 3466//6400
f 3466//6401 3464//6401 3463//6401
f 3411//6402 3412//6402 3463//6402
f 3463//6403 3412//6403 3466//6403
f 3412//6404 3415//6404 3466//6404
f 3466//6405 3415//6405 3467//6405
f 3468//6406 3465//6406 3467//6406
f 3467//6407 3465//6407 3466//6407
f 3469//6408 3468//6408 3470//6408
f 3470//6409 3468//6409 3467//6409
f 3415//6410 3416//6410 3467//6410
f 3467//6411 3416//6411 3470//6411
f 3416//6412 2511//6412 3470//6412
f 3470//6413 2511//6413 3471//6413
f 3472//6414 3469//6414 3471//6414
f 3471//6415 3469//6415 3470//6415
f 3473//6416 3472//6416 3474//6416
f 3474//6417 3472//6417 3471//6417
f 2511//6418 2510//6418 3471//6418
f 3471//6419 2510//6419 3474//6419
f 2515//6420 2569//6420 2510//6420
f 2510//6421 2569//6421 3474//6421
f 2569//6422 2471//6422 3474//6422
f 3474//6423 2471//6423 3420//6423
f 3418//6424 3473//6424 3420//6424
f 3420//6425 3473//6425 3474//6425
f 3475//6426 3476//6426 3477//6426
f 3477//6427 3476//6427 3478//6427
f 3418//6428 3417//6428 3478//6428
f 3478//6429 3417//6429 3477//6429
f 3417//6430 3422//6430 3477//6430
f 3477//6431 3422//6431 3479//6431
f 3480//6432 3475//6432 3479//6432
f 3479//6433 3475//6433 3477//6433
f 3481//6434 3480//6434 3482//6434
f 3482//6435 3480//6435 3479//6435
f 3422//6436 3423//6436 3479//6436
f 3479//6437 3423//6437 3482//6437
f 3423//6438 3426//6438 3482//6438
f 3482//6439 3426//6439 3483//6439
f 3484//6440 3481//6440 3483//6440
f 3483//6441 3481//6441 3482//6441
f 3485//6442 3484//6442 3486//6442
f 3486//6443 3484//6443 3483//6443
f 3426//6444 3427//6444 3483//6444
f 3483//6445 3427//6445 3486//6445
f 3427//6446 2576//6446 3486//6446
f 3486//6447 2576//6447 3487//6447
f 3488//6448 3485//6448 3487//6448
f 3487//6449 3485//6449 3486//6449
f 3489//6450 3488//6450 3490//6450
f 3490//6451 3488//6451 3487//6451
f 2576//6452 2573//6452 3487//6452
f 3487//6453 2573//6453 3490//6453
f 2573//6454 2572//6454 3490//6454
f 3490//6455 2572//6455 2594//6455
f 2594//6456 2599//6456 3490//6456
f 3490//6457 2599//6457 3489//6457
f 2597//6458 2596//6458 3491//6458
f 3491//6459 2596//6459 3492//6459
f 2580//6460 2582//6460 2596//6460
f 2596//6461 2582//6461 3492//6461
f 2582//6462 2585//6462 3492//6462
f 3492//6463 2585//6463 2605//6463
f 2604//6464 3491//6464 2605//6464
f 2605//6465 3491//6465 3492//6465
f 3493//6466 2600//6466 3494//6466
f 3494//6467 2600//6467 2602//6467
f 2602//6468 2589//6468 3494//6468
f 3494//6469 2589//6469 2593//6469
f 2592//6470 3495//6470 2593//6470
f 2593//6471 3495//6471 3494//6471
f 3496//6472 3493//6472 3495//6472
f 3495//6473 3493//6473 3494//6473
f 3496//6474 3495//6474 3497//6474
f 3497//6475 3495//6475 3498//6475
f 3495//6476 2592//6476 3498//6476
f 3498//6477 2592//6477 3429//6477
f 3432//6478 3499//6478 3429//6478
f 3429//6479 3499//6479 3498//6479
f 3499//6480 3500//6480 3498//6480
f 3498//6481 3500//6481 3497//6481
f 3500//6482 3499//6482 3501//6482
f 3501//6483 3499//6483 3502//6483
f 3499//6484 3432//6484 3502//6484
f 3502//6485 3432//6485 3433//6485
f 3436//6486 3503//6486 3433//6486
f 3433//6487 3503//6487 3502//6487
f 3503//6488 3504//6488 3502//6488
f 3502//6489 3504//6489 3501//6489
f 3504//6490 3503//6490 3505//6490
f 3505//6491 3503//6491 3506//6491
f 3503//6492 3436//6492 3506//6492
f 3506//6493 3436//6493 3437//6493
f 3440//6494 3507//6494 3437//6494
f 3437//6495 3507//6495 3506//6495
f 3507//6496 3508//6496 3506//6496
f 3506//6497 3508//6497 3505//6497
f 3508//6498 3507//6498 3509//6498
f 3509//6499 3507//6499 3510//6499
f 3507//6500 3440//6500 3510//6500
f 3510//6501 3440//6501 3441//6501
f 3444//6502 3511//6502 3441//6502
f 3441//6503 3511//6503 3510//6503
f 3511//6504 3512//6504 3510//6504
f 3510//6505 3512//6505 3509//6505
f 3512//6506 3511//6506 3513//6506
f 3513//6507 3511//6507 3514//6507
f 3511//6508 3444//6508 3514//6508
f 3514//6509 3444//6509 3445//6509
f 3448//6510 3515//6510 3445//6510
f 3445//6511 3515//6511 3514//6511
f 3515//6512 3516//6512 3514//6512
f 3514//6513 3516//6513 3513//6513
f 3516//6514 3515//6514 3517//6514
f 3517//6515 3515//6515 3518//6515
f 3515//6516 3448//6516 3518//6516
f 3518//6517 3448//6517 3449//6517
f 3452//6518 3519//6518 3449//6518
f 3449//6519 3519//6519 3518//6519
f 3519//6520 3520//6520 3518//6520
f 3518//6521 3520//6521 3517//6521
f 3520//6522 3519//6522 3521//6522
f 3521//6523 3519//6523 3522//6523
f 3519//6524 3452//6524 3522//6524
f 3522//6525 3452//6525 3453//6525
f 3456//6526 3523//6526 3453//6526
f 3453//6527 3523//6527 3522//6527
f 3523//6528 3524//6528 3522//6528
f 3522//6529 3524//6529 3521//6529
f 3524//6530 3523//6530 3525//6530
f 3525//6531 3523//6531 3526//6531
f 3523//6532 3456//6532 3526//6532
f 3526//6533 3456//6533 3457//6533
f 3460//6534 3527//6534 3457//6534
f 3457//6535 3527//6535 3526//6535
f 3527//6536 3528//6536 3526//6536
f 3526//6537 3528//6537 3525//6537
f 3529//6538 3528//6538 3530//6538
f 3530//6539 3528//6539 3527//6539
f 3460//6540 3461//6540 3527//6540
f 3527//6541 3461//6541 3530//6541
f 3461//6542 3464//6542 3530//6542
f 3530//6543 3464//6543 3531//6543
f 3532//6544 3529//6544 3531//6544
f 3531//6545 3529//6545 3530//6545
f 3533//6546 3532//6546 3534//6546
f 3534//6547 3532//6547 3531//6547
f 3464//6548 3465//6548 3531//6548
f 3531//6549 3465//6549 3534//6549
f 3465//6550 3468//6550 3534//6550
f 3534//6551 3468//6551 3535//6551
f 3536//6552 3533//6552 3535//6552
f 3535//6553 3533//6553 3534//6553
f 3537//6554 3536//6554 3538//6554
f 3538//6555 3536//6555 3535//6555
f 3468//6556 3469//6556 3535//6556
f 3535//6557 3469//6557 3538//6557
f 3469//6558 3472//6558 3538//6558
f 3538//6559 3472//6559 3539//6559
f 3540//6560 3537//6560 3539//6560
f 3539//6561 3537//6561 3538//6561
f 3541//6562 3540//6562 3542//6562
f 3542//6563 3540//6563 3539//6563
f 3472//6564 3473//6564 3539//6564
f 3539//6565 3473//6565 3542//6565
f 3473//6566 3418//6566 3542//6566
f 3542//6567 3418//6567 3478//6567
f 3476//6568 3541//6568 3478//6568
f 3478//6569 3541//6569 3542//6569
f 2624//6570 3543//6570 2625//6570
f 2625//6571 3543//6571 3544//6571
f 3543//6572 3476//6572 3544//6572
f 3544//6573 3476//6573 3475//6573
f 3480//6574 3545//6574 3475//6574
f 3475//6575 3545//6575 3544//6575
f 3545//6576 2626//6576 3544//6576
f 3544//6577 2626//6577 2625//6577
f 2626//6578 3545//6578 2631//6578
f 2631//6579 3545//6579 3546//6579
f 3545//6580 3480//6580 3546//6580
f 3546//6581 3480//6581 3481//6581
f 3484//6582 3547//6582 3481//6582
f 3481//6583 3547//6583 3546//6583
f 3547//6584 2632//6584 3546//6584
f 3546//6585 2632//6585 2631//6585
f 2632//6586 3547//6586 2637//6586
f 2637//6587 3547//6587 3548//6587
f 3547//6588 3484//6588 3548//6588
f 3548//6589 3484//6589 3485//6589
f 3488//6590 3549//6590 3485//6590
f 3485//6591 3549//6591 3548//6591
f 3549//6592 2638//6592 3548//6592
f 3548//6593 2638//6593 2637//6593
f 2638//6594 3549//6594 2643//6594
f 2643//6595 3549//6595 3550//6595
f 3549//6596 3488//6596 3550//6596
f 3550//6597 3488//6597 3489//6597
f 2599//6598 2607//6598 3489//6598
f 3489//6599 2607//6599 3550//6599
f 2607//6600 2606//6600 3550//6600
f 3550//6601 2606//6601 2643//6601
f 2611//6602 2610//6602 2650//6602
f 2650//6603 2610//6603 3551//6603
f 2610//6604 2597//6604 3551//6604
f 3551//6605 2597//6605 3491//6605
f 3491//6606 2604//6606 3551//6606
f 3551//6607 2604//6607 2612//6607
f 2612//6608 2617//6608 3551//6608
f 3551//6609 2617//6609 2650//6609
f 2655//6610 2615//6610 3552//6610
f 3552//6611 2615//6611 2614//6611
f 2600//6612 3493//6612 2614//6612
f 2614//6613 3493//6613 3552//6613
f 3493//6614 3496//6614 3552//6614
f 3552//6615 3496//6615 3553//6615
f 2656//6616 2655//6616 3553//6616
f 3553//6617 2655//6617 3552//6617
f 2661//6618 2656//6618 3554//6618
f 3554//6619 2656//6619 3553//6619
f 3496//6620 3497//6620 3553//6620
f 3553//6621 3497//6621 3554//6621
f 3497//6622 3500//6622 3554//6622
f 3554//6623 3500//6623 3555//6623
f 2662//6624 2661//6624 3555//6624
f 3555//6625 2661//6625 3554//6625
f 2667//6626 2662//6626 3556//6626
f 3556//6627 2662//6627 3555//6627
f 3500//6628 3501//6628 3555//6628
f 3555//6629 3501//6629 3556//6629
f 3501//6630 3504//6630 3556//6630
f 3556//6631 3504//6631 3557//6631
f 2668//6632 2667//6632 3557//6632
f 3557//6633 2667//6633 3556//6633
f 2673//6634 2668//6634 3558//6634
f 3558//6635 2668//6635 3557//6635
f 3504//6636 3505//6636 3557//6636
f 3557//6637 3505//6637 3558//6637
f 3505//6638 3508//6638 3558//6638
f 3558//6639 3508//6639 3559//6639
f 2674//6640 2673//6640 3559//6640
f 3559//6641 2673//6641 3558//6641
f 2679//6642 2674//6642 3560//6642
f 3560//6643 2674//6643 3559//6643
f 3508//6644 3509//6644 3559//6644
f 3559//6645 3509//6645 3560//6645
f 3509//6646 3512//6646 3560//6646
f 3560//6647 3512//6647 3561//6647
f 2680//6648 2679//6648 3561//6648
f 3561//6649 2679//6649 3560//6649
f 2685//6650 2680//6650 3562//6650
f 3562//6651 2680//6651 3561//6651
f 3512//6652 3513//6652 3561//6652
f 3561//6653 3513//6653 3562//6653
f 3513//6654 3516//6654 3562//6654
f 3562//6655 3516//6655 3563//6655
f 2686//6656 2685//6656 3563//6656
f 3563//6657 2685//6657 3562//6657
f 2691//6658 2686//6658 3564//6658
f 3564//6659 2686//6659 3563//6659
f 3516//6660 3517//6660 3563//6660
f 3563//6661 3517//6661 3564//6661
f 3517//6662 3520//6662 3564//6662
f 3564//6663 3520//6663 3565//6663
f 2692//6664 2691//6664 3565//6664
f 3565//6665 2691//6665 3564//6665
f 2697//6666 2692//6666 3566//6666
f 3566//6667 2692//6667 3565//6667
f 3520//6668 3521//6668 3565//6668
f 3565//6669 3521//6669 3566//6669
f 3521//6670 3524//6670 3566//6670
f 3566//6671 3524//6671 3567//6671
f 2698//6672 2697//6672 3567//6672
f 3567//6673 2697//6673 3566//6673
f 2703//6674 2698//6674 3568//6674
f 3568//6675 2698//6675 3567//6675
f 3524//6676 3525//6676 3567//6676
f 3567//6677 3525//6677 3568//6677
f 3525//6678 3528//6678 3568//6678
f 3568//6679 3528//6679 3569//6679
f 2704//6680 2703//6680 3569//6680
f 3569//6681 2703//6681 3568//6681
f 2704//6682 3569//6682 2713//6682
f 2713//6683 3569//6683 3570//6683
f 3569//6684 3528//6684 3570//6684
f 3570//6685 3528//6685 3529//6685
f 3532//6686 3571//6686 3529//6686
f 3529//6687 3571//6687 3570//6687
f 3571//6688 2714//6688 3570//6688
f 3570//6689 2714//6689 2713//6689
f 2714//6690 3571//6690 2719//6690
f 2719//6691 3571//6691 3572//6691
f 3571//6692 3532//6692 3572//6692
f 3572//6693 3532//6693 3533//6693
f 3536//6694 3573//6694 3533//6694
f 3533//6695 3573//6695 3572//6695
f 3573//6696 2720//6696 3572//6696
f 3572//6697 2720//6697 2719//6697
f 2720//6698 3573//6698 2725//6698
f 2725//6699 3573//6699 3574//6699
f 3573//6700 3536//6700 3574//6700
f 3574//6701 3536//6701 3537//6701
f 3540//6702 3575//6702 3537//6702
f 3537//6703 3575//6703 3574//6703
f 3575//6704 2726//6704 3574//6704
f 3574//6705 2726//6705 2725//6705
f 2726//6706 3575//6706 2729//6706
f 2729//6707 3575//6707 3576//6707
f 3575//6708 3540//6708 3576//6708
f 3576//6709 3540//6709 3541//6709
f 3476//6710 3543//6710 3541//6710
f 3541//6711 3543//6711 3576//6711
f 3543//6712 2624//6712 3576//6712
f 3576//6713 2624//6713 2729//6713
f 2640//6714 2639//6714 2746//6714
f 2746//6715 2639//6715 3577//6715
f 2639//6716 2606//6716 3577//6716
f 3577//6717 2606//6717 2608//6717
f 2611//6718 2649//6718 2608//6718
f 2608//6719 2649//6719 3577//6719
f 2649//6720 2648//6720 3577//6720
f 3577//6721 2648//6721 2746//6721
f 2884//6722 3578//6722 3579//6722
f 3579//6723 3578//6723 3580//6723
f 3578//6724 2735//6724 3580//6724
f 3580//6725 2735//6725 2734//6725
f 2733//6726 2802//6726 2734//6726
f 2734//6727 2802//6727 3580//6727
f 2802//6728 2801//6728 3580//6728
f 3580//6729 2801//6729 3579//6729
f 3581//6730 2827//6730 3582//6730
f 3582//6731 2827//6731 2826//6731
f 2766//6732 2767//6732 2826//6732
f 2826//6733 2767//6733 3582//6733
f 2767//6734 2770//6734 3582//6734
f 3582//6735 2770//6735 3583//6735
f 3584//6736 3581//6736 3583//6736
f 3583//6737 3581//6737 3582//6737
f 3585//6738 3584//6738 3586//6738
f 3586//6739 3584//6739 3583//6739
f 2770//6740 2771//6740 3583//6740
f 3583//6741 2771//6741 3586//6741
f 2771//6742 2774//6742 3586//6742
f 3586//6743 2774//6743 3587//6743
f 3588//6744 3585//6744 3587//6744
f 3587//6745 3585//6745 3586//6745
f 3589//6746 3588//6746 3590//6746
f 3590//6747 3588//6747 3587//6747
f 2774//6748 2775//6748 3587//6748
f 3587//6749 2775//6749 3590//6749
f 2775//6750 2778//6750 3590//6750
f 3590//6751 2778//6751 3591//6751
f 2857//6752 3589//6752 3591//6752
f 3591//6753 3589//6753 3590//6753
f 2858//6754 2857//6754 3592//6754
f 3592//6755 2857//6755 3591//6755
f 2778//6756 2779//6756 3591//6756
f 3591//6757 2779//6757 3592//6757
f 2779//6758 2782//6758 3592//6758
f 3592//6759 2782//6759 3593//6759
f 2859//6760 2858//6760 3593//6760
f 3593//6761 2858//6761 3592//6761
f 2862//6762 2859//6762 3594//6762
f 3594//6763 2859//6763 3593//6763
f 2782//6764 2783//6764 3593//6764
f 3593//6765 2783//6765 3594//6765
f 2783//6766 2786//6766 3594//6766
f 3594//6767 2786//6767 3595//6767
f 2864//6768 2862//6768 3595//6768
f 3595//6769 2862//6769 3594//6769
f 2864//6770 3595//6770 2870//6770
f 2870//6771 3595//6771 3596//6771
f 3595//6772 2786//6772 3596//6772
f 3596//6773 2786//6773 2790//6773
f 2789//6774 3597//6774 2790//6774
f 2790//6775 3597//6775 3596//6775
f 3597//6776 2871//6776 3596//6776
f 3596//6777 2871//6777 2870//6777
f 2871//6778 3597//6778 2876//6778
f 2876//6779 3597//6779 3598//6779
f 3597//6780 2789//6780 3598//6780
f 3598//6781 2789//6781 2794//6781
f 2793//6782 3599//6782 2794//6782
f 2794//6783 3599//6783 3598//6783
f 3599//6784 2877//6784 3598//6784
f 3598//6785 2877//6785 2876//6785
f 2877//6786 3599//6786 3600//6786
f 3600//6787 3599//6787 3601//6787
f 3599//6788 2793//6788 3601//6788
f 3601//6789 2793//6789 2798//6789
f 2797//6790 3602//6790 2798//6790
f 2798//6791 3602//6791 3601//6791
f 3602//6792 2881//6792 3601//6792
f 3601//6793 2881//6793 3600//6793
f 2881//6794 3602//6794 2883//6794
f 2883//6795 3602//6795 3603//6795
f 3602//6796 2797//6796 3603//6796
f 3603//6797 2797//6797 2800//6797
f 2735//6798 3578//6798 2800//6798
f 2800//6799 3578//6799 3603//6799
f 3578//6800 2884//6800 3603//6800
f 3603//6801 2884//6801 2883//6801
f 2886//6802 2885//6802 3604//6802
f 3604//6803 2885//6803 3605//6803
f 2885//6804 2884//6804 3605//6804
f 3605//6805 2884//6805 3579//6805
f 2801//6806 3606//6806 3579//6806
f 3579//6807 3606//6807 3605//6807
f 3606//6808 3607//6808 3605//6808
f 3605//6809 3607//6809 3604//6809
f 3607//6810 3606//6810 3608//6810
f 3608//6811 3606//6811 3609//6811
f 3606//6812 2801//6812 3609//6812
f 3609//6813 2801//6813 2803//6813
f 2806//6814 2832//6814 2803//6814
f 2803//6815 2832//6815 3609//6815
f 2832//6816 2831//6816 3609//6816
f 3609//6817 2831//6817 3608//6817
f 2910//6818 2852//6818 3610//6818
f 3610//6819 2852//6819 2851//6819
f 2827//6820 3581//6820 2851//6820
f 2851//6821 3581//6821 3610//6821
f 3581//6822 3584//6822 3610//6822
f 3610//6823 3584//6823 3611//6823
f 2913//6824 2910//6824 3611//6824
f 3611//6825 2910//6825 3610//6825
f 2918//6826 2913//6826 3612//6826
f 3612//6827 2913//6827 3611//6827
f 3584//6828 3585//6828 3611//6828
f 3611//6829 3585//6829 3612//6829
f 3585//6830 3588//6830 3612//6830
f 3612//6831 3588//6831 3613//6831
f 2920//6832 2918//6832 3613//6832
f 3613//6833 2918//6833 3612//6833
f 2924//6834 2920//6834 3614//6834
f 3614//6835 2920//6835 3613//6835
f 3588//6836 3589//6836 3613//6836
f 3613//6837 3589//6837 3614//6837
f 3589//6838 2857//6838 3614//6838
f 3614//6839 2857//6839 2856//6839
f 2854//6840 2924//6840 2856//6840
f 2856//6841 2924//6841 3614//6841
f 2879//6842 2878//6842 2945//6842
f 2945//6843 2878//6843 3615//6843
f 2878//6844 2877//6844 3615//6844
f 3615//6845 2877//6845 3600//6845
f 2881//6846 2880//6846 3600//6846
f 3600//6847 2880//6847 3615//6847
f 2880//6848 2888//6848 3615//6848
f 3615//6849 2888//6849 2945//6849
f 2952//6850 2951//6850 3616//6850
f 3616//6851 2951//6851 2950//6851
f 2950//6852 2886//6852 3616//6852
f 3616//6853 2886//6853 3604//6853
f 3607//6854 3617//6854 3604//6854
f 3604//6855 3617//6855 3616//6855
f 2955//6856 2952//6856 3617//6856
f 3617//6857 2952//6857 3616//6857
f 2960//6858 2955//6858 3618//6858
f 3618//6859 2955//6859 3617//6859
f 3617//6860 3607//6860 3618//6860
f 3618//6861 3607//6861 3608//6861
f 3608//6862 2831//6862 3618//6862
f 3618//6863 2831//6863 2892//6863
f 2891//6864 2960//6864 2892//6864
f 2892//6865 2960//6865 3618//6865
f 2302//6866 2301//6866 3619//6866
f 3619//6867 2301//6867 3128//6867
f 3128//6868 2287//6868 3619//6868
f 3619//6869 2287//6869 2286//6869
f 2280//6870 2279//6870 2286//6870
f 2286//6871 2279//6871 3619//6871
f 2279//6872 2278//6872 3619//6872
f 3619//6873 2278//6873 2302//6873
f 2908//6874 2907//6874 3620//6874
f 3620//6875 2907//6875 3621//6875
f 2848//6876 2849//6876 2907//6876
f 2907//6877 2849//6877 3621//6877
f 2849//6878 2852//6878 3621//6878
f 3621//6879 2852//6879 2911//6879
f 2911//6880 2917//6880 3621//6880
f 3621//6881 2917//6881 3620//6881
f 2927//6882 2926//6882 2998//6882
f 2998//6883 2926//6883 3622//6883
f 2926//6884 2854//6884 3622//6884
f 3622//6885 2854//6885 2853//6885
f 2861//6886 2929//6886 2853//6886
f 2853//6887 2929//6887 3622//6887
f 2929//6888 2934//6888 3622//6888
f 3622//6889 2934//6889 2998//6889
f 2983//6890 2982//6890 3623//6890
f 3623//6891 2982//6891 3624//6891
f 2982//6892 2908//6892 3624//6892
f 3624//6893 2908//6893 3620//6893
f 2917//6894 3625//6894 3620//6894
f 3620//6895 3625//6895 3624//6895
f 3625//6896 3626//6896 3624//6896
f 3624//6897 3626//6897 3623//6897
f 3626//6898 3625//6898 3627//6898
f 3627//6899 3625//6899 3628//6899
f 3625//6900 2917//6900 3628//6900
f 3628//6901 2917//6901 2916//6901
f 2915//6902 2984//6902 2916//6902
f 2916//6903 2984//6903 3628//6903
f 2984//6904 2989//6904 3628//6904
f 3628//6905 2989//6905 3627//6905
f 3058//6906 3005//6906 3629//6906
f 3629//6907 3005//6907 3004//6907
f 2937//6908 2939//6908 3004//6908
f 3004//6909 2939//6909 3629//6909
f 2939//6910 2942//6910 3629//6910
f 3629//6911 2942//6911 3012//6911
f 3011//6912 3058//6912 3012//6912
f 3012//6913 3058//6913 3629//6913
f 3630//6914 3124//6914 3631//6914
f 3631//6915 3124//6915 3632//6915
f 2959//6916 2958//6916 3632//6916
f 3632//6917 2958//6917 3631//6917
f 2958//6918 2957//6918 3631//6918
f 3631//6919 2957//6919 3633//6919
f 3634//6920 3630//6920 3633//6920
f 3633//6921 3630//6921 3631//6921
f 3635//6922 3634//6922 3636//6922
f 3636//6923 3634//6923 3633//6923
f 2957//6924 2964//6924 3633//6924
f 3633//6925 2964//6925 3636//6925
f 2964//6926 2963//6926 3636//6926
f 3636//6927 2963//6927 3016//6927
f 3015//6928 3635//6928 3016//6928
f 3016//6929 3635//6929 3636//6929
f 3039//6930 3038//6930 3637//6930
f 3637//6931 3038//6931 3638//6931
f 3038//6932 2983//6932 3638//6932
f 3638//6933 2983//6933 3623//6933
f 3626//6934 3639//6934 3623//6934
f 3623//6935 3639//6935 3638//6935
f 3639//6936 3640//6936 3638//6936
f 3638//6937 3640//6937 3637//6937
f 3640//6938 3639//6938 3641//6938
f 3641//6939 3639//6939 3642//6939
f 3639//6940 3626//6940 3642//6940
f 3642//6941 3626//6941 3627//6941
f 2989//6942 3045//6942 3627//6942
f 3627//6943 3045//6943 3642//6943
f 3045//6944 3044//6944 3642//6944
f 3642//6945 3044//6945 3641//6945
f 1628//6946 1701//6946 1629//6946
f 1701//6947 1700//6947 1629//6947
f 1635//6948 1628//6948 1631//6948
f 1627//6949 1631//6949 1628//6949
f 1634//6950 1637//6950 1635//6950
f 1635//6951 1637//6951 1628//6951
f 1569//6952 1568//6952 1637//6952
f 1637//6953 1568//6953 1628//6953
f 1567//6954 3049//6954 1568//6954
f 1568//6955 3049//6955 1628//6955
f 2992//6956 2997//6956 3049//6956
f 3049//6957 2997//6957 1628//6957
f 2995//6958 3643//6958 2997//6958
f 2997//6959 3643//6959 1628//6959
f 1702//6960 1701//6960 3643//6960
f 3643//6961 1701//6961 1628//6961
f 1702//6962 3643//6962 1698//6962
f 1698//6963 3643//6963 1699//6963
f 3643//6964 2995//6964 1699//6964
f 1699//6965 2995//6965 3002//6965
f 3001//6966 3053//6966 3002//6966
f 3002//6967 3053//6967 1699//6967
f 1986//6968 1985//6968 3053//6968
f 3053//6969 1985//6969 1699//6969
f 1984//6970 1988//6970 1985//6970
f 1985//6971 1988//6971 1699//6971
f 1988//6972 1694//6972 1699//6972
f 1699//6973 1694//6973 1695//6973
f 3123//6974 3061//6974 3644//6974
f 3644//6975 3061//6975 3060//6975
f 3009//6976 3013//6976 3060//6976
f 3060//6977 3013//6977 3644//6977
f 3013//6978 2959//6978 3644//6978
f 3644//6979 2959//6979 3632//6979
f 3124//6980 3123//6980 3632//6980
f 3632//6981 3123//6981 3644//6981
f 3645//6982 3119//6982 3646//6982
f 3646//6983 3119//6983 3121//6983
f 3124//6984 3630//6984 3121//6984
f 3121//6985 3630//6985 3646//6985
f 3630//6986 3634//6986 3646//6986
f 3646//6987 3634//6987 3647//6987
f 3648//6988 3645//6988 3647//6988
f 3647//6989 3645//6989 3646//6989
f 3649//6990 3648//6990 3650//6990
f 3650//6991 3648//6991 3647//6991
f 3634//6992 3635//6992 3647//6992
f 3647//6993 3635//6993 3650//6993
f 3635//6994 3015//6994 3650//6994
f 3650//6995 3015//6995 3068//6995
f 3067//6996 3649//6996 3068//6996
f 3068//6997 3649//6997 3650//6997
f 3651//6998 3652//6998 3653//6998
f 3653//6999 3652//6999 3654//6999
f 3141//7000 3140//7000 3654//7000
f 3654//7001 3140//7001 3653//7001
f 3140//7002 3134//7002 3653//7002
f 3653//7003 3134//7003 3133//7003
f 3133//7004 3132//7004 3653//7004
f 3653//7005 3132//7005 3651//7005
f 3652//7006 3651//7006 3655//7006
f 3655//7007 3651//7007 3656//7007
f 3132//7008 3131//7008 3651//7008
f 3651//7009 3131//7009 3656//7009
f 3021//7010 3023//7010 3131//7010
f 3131//7011 3023//7011 3656//7011
f 2402//7012 3142//7012 3023//7012
f 3023//7013 3142//7013 3656//7013
f 3145//5863 3149//5863 3142//5863
f 3142//7014 3149//7014 3656//7014
f 3147//7015 3655//7015 3149//7015
f 3149//7016 3655//7016 3656//7016
f 3078//7017 3076//7017 3657//7017
f 3657//7018 3076//7018 3658//7018
f 3151//7019 3150//7019 3658//7019
f 3658//7020 3150//7020 3657//7020
f 3150//7021 2423//7021 3657//7021
f 3657//7022 2423//7022 2422//7022
f 2422//7023 2421//7023 3657//7023
f 3657//7024 2421//7024 3078//7024
f 3087//7025 3086//7025 3659//7025
f 3659//7026 3086//7026 3660//7026
f 3086//7027 3039//7027 3660//7027
f 3660//7028 3039//7028 3637//7028
f 3640//7029 3661//7029 3637//7029
f 3637//7030 3661//7030 3660//7030
f 3661//7031 3662//7031 3660//7031
f 3660//7032 3662//7032 3659//7032
f 3662//7033 3661//7033 3663//7033
f 3663//7034 3661//7034 3664//7034
f 3661//7035 3640//7035 3664//7035
f 3664//7036 3640//7036 3641//7036
f 3044//7037 3094//7037 3641//7037
f 3641//7038 3094//7038 3664//7038
f 3094//7039 3093//7039 3664//7039
f 3664//7040 3093//7040 3663//7040
f 1802//7041 1809//7041 1804//7041
f 1804//7042 1809//7042 1808//7042
f 3051//7043 1804//7043 1816//7043
f 1808//7044 1816//7044 1804//7044
f 3050//7045 3114//7045 3051//7045
f 3051//7046 3114//7046 1804//7046
f 3113//7047 3665//7047 3114//7047
f 3114//7048 3665//7048 1804//7048
f 3665//7049 1806//7049 1804//7049
f 3666//7050 3667//7050 3668//7050
f 3668//7051 3667//7051 3669//7051
f 3119//7052 3645//7052 3669//7052
f 3669//7053 3645//7053 3668//7053
f 3645//7054 3648//7054 3668//7054
f 3668//7055 3648//7055 3670//7055
f 3671//7056 3666//7056 3670//7056
f 3670//7057 3666//7057 3668//7057
f 3672//7058 3671//7058 3673//7058
f 3673//7059 3671//7059 3670//7059
f 3648//7060 3649//7060 3670//7060
f 3670//7061 3649//7061 3673//7061
f 3649//7062 3067//7062 3673//7062
f 3673//7063 3067//7063 3674//7063
f 3675//7064 3672//7064 3674//7064
f 3674//7065 3672//7065 3673//7065
f 3675//7064 3674//7064 3676//7064
f 3676//7066 3674//7066 3677//7066
f 3067//7067 3066//7067 3674//7067
f 3674//7068 3066//7068 3677//7068
f 3065//7069 3678//7069 3066//7069
f 3066//7070 3678//7070 3677//7070
f 3678//7071 3679//7071 3677//7071
f 3677//7072 3679//7072 3676//7072
f 3679//7073 3678//7073 3680//7073
f 3680//7074 3678//7074 3681//7074
f 3678//7075 3065//7075 3681//7075
f 3681//7076 3065//7076 3069//7076
f 3074//7077 3682//7077 3069//7077
f 3069//7078 3682//7078 3681//7078
f 3682//7079 3683//7079 3681//7079
f 3681//7080 3683//7080 3680//7080
f 3683//7081 3682//7081 3684//7081
f 3684//7082 3682//7082 3685//7082
f 3074//7083 3138//7083 3682//7083
f 3682//7084 3138//7084 3685//7084
f 3138//7085 3141//7085 3685//7085
f 3685//7086 3141//7086 3654//7086
f 3652//7087 3686//7087 3654//7087
f 3654//7088 3686//7088 3685//7088
f 3687//7089 3684//7089 3686//7089
f 3686//7088 3684//7088 3685//7088
f 3687//7090 3686//7090 3688//7090
f 3688//7091 3686//7091 3689//7091
f 3686//7092 3652//7092 3689//7092
f 3689//7093 3652//7093 3655//7093
f 3655//7094 3147//7094 3689//7094
f 3689//7095 3147//7095 3690//7095
f 3690//7096 3691//7096 3689//7096
f 3689//7097 3691//7097 3688//7097
f 3691//7098 3690//7098 3692//7098
f 3692//7099 3690//7099 3693//7099
f 3147//7100 3146//7100 3690//7100
f 3690//7101 3146//7101 3693//7101
f 3146//7102 3151//7102 3693//7102
f 3693//7103 3151//7103 3658//7103
f 3076//7104 3694//7104 3658//7104
f 3658//7105 3694//7105 3693//7105
f 3695//7106 3692//7106 3694//7106
f 3694//7107 3692//7107 3693//7107
f 3696//7108 3695//7108 3697//7108
f 3697//7109 3695//7109 3694//7109
f 3076//7110 3075//7110 3694//7110
f 3694//7111 3075//7111 3697//7111
f 3075//7112 3080//7112 3697//7112
f 3697//7113 3080//7113 3698//7113
f 3699//7114 3696//7114 3698//7114
f 3698//7115 3696//7115 3697//7115
f 3700//7116 3699//7116 3701//7116
f 3701//7117 3699//7117 3698//7117
f 3080//7118 3084//7118 3698//7118
f 3698//7119 3084//7119 3701//7119
f 3084//7120 2051//7120 3701//7120
f 3701//7121 2051//7121 3702//7121
f 3703//7122 3700//7122 3702//7122
f 3702//7123 3700//7123 3701//7123
f 3704//7124 3703//7124 3705//7124
f 3705//7125 3703//7125 3702//7125
f 2051//7126 3090//7126 3702//7126
f 3702//7127 3090//7127 3705//7127
f 3090//7128 3087//7128 3705//7128
f 3705//7129 3087//7129 3706//7129
f 3707//7130 3704//7130 3706//7130
f 3706//7131 3704//7131 3705//7131
f 3707//7130 3706//7130 3708//7130
f 3708//7132 3706//7132 3709//7132
f 3087//7133 3659//7133 3706//7133
f 3706//7134 3659//7134 3709//7134
f 3662//7135 3710//7135 3659//7135
f 3659//7136 3710//7136 3709//7136
f 3710//7137 3711//7137 3709//7137
f 3709//7138 3711//7138 3708//7138
f 3711//7139 3710//7139 3712//7139
f 3712//7140 3710//7140 3713//7140
f 3710//7141 3662//7141 3713//7141
f 3713//7142 3662//7142 3663//7142
f 3093//7143 3714//7143 3663//7143
f 3663//7144 3714//7144 3713//7144
f 3714//7145 3715//7145 3713//7145
f 3713//7146 3715//7146 3712//7146
f 3715//7147 3714//7147 3716//7147
f 3716//7148 3714//7148 3717//7148
f 3714//7149 3093//7149 3717//7149
f 3717//7150 3093//7150 3098//7150
f 3097//7151 3718//7151 3098//7151
f 3098//7152 3718//7152 3717//7152
f 3718//7153 3719//7153 3717//7153
f 3717//7154 3719//7154 3716//7154
f 3719//7155 3718//7155 3720//7155
f 3720//7156 3718//7156 3721//7156
f 3718//7157 3097//7157 3721//7157
f 3721//7158 3097//7158 3104//7158
f 3104//7159 3103//7159 3721//7159
f 3721//7160 3103//7160 3722//7160
f 3722//7161 3723//7161 3721//7161
f 3721//7162 3723//7162 3720//7162
f 1714//7163 1713//7163 3724//7163
f 3724//7164 1713//7164 1757//7164
f 1756//7165 1759//7165 1757//7165
f 1757//7166 1759//7166 3724//7166
f 1758//7167 3725//7167 1759//7167
f 1759//7168 3725//7168 3724//7168
f 3723//7169 3722//7169 3725//7169
f 3725//7170 3722//7170 3724//7170
f 3103//7171 3108//7171 3722//7171
f 3722//7172 3108//7172 3724//7172
f 1710//7173 1709//7173 3108//7173
f 3108//7174 1709//7174 3724//7174
f 1708//7175 1714//7175 1709//7175
f 1709//7176 1714//7176 3724//7176
f 6//7177 5//7177 3726//7177
f 3726//7178 5//7178 1807//7178
f 1806//7179 3665//7179 1807//7179
f 1807//7180 3665//7180 3726//7180
f 3665//7181 3113//7181 3726//7181
f 3726//7182 3113//7182 3727//7182
f 7//7183 6//7183 3727//7183
f 3727//7184 6//7184 3726//7184
f 7//7185 3727//7185 8//7185
f 8//7186 3727//7186 3728//7186
f 3113//7187 3110//7187 3727//7187
f 3727//7188 3110//7188 3728//7188
f 3109//7189 3729//7189 3110//7189
f 3110//7190 3729//7190 3728//7190
f 3730//7191 3731//7191 3729//7191
f 3729//7192 3731//7192 3728//7192
f 3731//7193 9//7193 3728//7193
f 3728//7194 9//7194 8//7194
f 3732//7195 3730//7195 3733//7195
f 3733//7196 3730//7196 3729//7196
f 3109//7197 3116//7197 3729//7197
f 3729//7198 3116//7198 3733//7198
f 3116//7199 3115//7199 3733//7199
f 3733//7200 3115//7200 3734//7200
f 3735//7201 3732//7201 3734//7201
f 3734//7202 3732//7202 3733//7202
f 3736//7203 3735//7203 3737//7203
f 3737//7204 3735//7204 3734//7204
f 3115//7205 3120//7205 3734//7205
f 3734//7206 3120//7206 3737//7206
f 3120//7207 3119//7207 3737//7207
f 3737//7208 3119//7208 3669//7208
f 3667//7209 3736//7209 3669//7209
f 3669//7210 3736//7210 3737//7210
f 3738//7211 3739//7211 3740//7211
f 3740//7212 3739//7212 3741//7212
f 3667//7213 3666//7213 3741//7213
f 3741//7214 3666//7214 3740//7214
f 3666//7215 3671//7215 3740//7215
f 3740//7216 3671//7216 3742//7216
f 3743//7217 3738//7217 3742//7217
f 3742//7218 3738//7218 3740//7218
f 3744//7219 3743//7219 3745//7219
f 3745//7220 3743//7220 3742//7220
f 3671//7221 3672//7221 3742//7221
f 3742//7222 3672//7222 3745//7222
f 3675//7223 3746//7223 3672//7223
f 3672//7224 3746//7224 3745//7224
f 3746//7225 3747//7225 3745//7225
f 3745//7226 3747//7226 3744//7226
f 3747//7227 3746//7227 3748//7227
f 3748//7228 3746//7228 3749//7228
f 3746//7229 3675//7229 3749//7229
f 3749//7230 3675//7230 3676//7230
f 3679//7231 3750//7231 3676//7231
f 3676//7232 3750//7232 3749//7232
f 3750//7233 3751//7233 3749//7233
f 3749//7234 3751//7234 3748//7234
f 3751//7235 3750//7235 3752//7235
f 3752//7236 3750//7236 3753//7236
f 3750//7237 3679//7237 3753//7237
f 3753//7238 3679//7238 3680//7238
f 3683//7239 3754//7239 3680//7239
f 3680//7240 3754//7240 3753//7240
f 3754//7241 3755//7241 3753//7241
f 3753//7242 3755//7242 3752//7242
f 3755//7243 3754//7243 3756//7243
f 3756//7244 3754//7244 3757//7244
f 3754//7245 3683//7245 3757//7245
f 3757//7246 3683//7246 3684//7246
f 3687//7247 3758//7247 3684//7247
f 3684//7248 3758//7248 3757//7248
f 3758//7249 3759//7249 3757//7249
f 3757//7250 3759//7250 3756//7250
f 3759//7251 3758//7251 3760//7251
f 3760//7252 3758//7252 3761//7252
f 3758//7253 3687//7253 3761//7253
f 3761//7254 3687//7254 3688//7254
f 3691//7255 3762//7255 3688//7255
f 3688//7256 3762//7256 3761//7256
f 3762//7257 3763//7257 3761//7257
f 3761//7258 3763//7258 3760//7258
f 3764//7259 3763//7259 3765//7259
f 3765//7260 3763//7260 3762//7260
f 3762//7261 3691//7261 3765//7261
f 3765//7262 3691//7262 3692//7262
f 3692//7263 3695//7263 3765//7263
f 3765//7264 3695//7264 3766//7264
f 3767//7265 3764//7265 3766//7265
f 3766//7266 3764//7266 3765//7266
f 3768//7267 3767//7267 3769//7267
f 3769//7268 3767//7268 3766//7268
f 3695//7269 3696//7269 3766//7269
f 3766//7270 3696//7270 3769//7270
f 3696//7271 3699//7271 3769//7271
f 3769//7272 3699//7272 3770//7272
f 3771//7273 3768//7273 3770//7273
f 3770//7274 3768//7274 3769//7274
f 3772//7275 3771//7275 3773//7275
f 3773//7276 3771//7276 3770//7276
f 3699//7277 3700//7277 3770//7277
f 3770//7278 3700//7278 3773//7278
f 3700//7279 3703//7279 3773//7279
f 3773//7280 3703//7280 3774//7280
f 3775//7281 3772//7281 3774//7281
f 3774//7282 3772//7282 3773//7282
f 3776//7283 3775//7283 3777//7283
f 3777//7284 3775//7284 3774//7284
f 3703//7285 3704//7285 3774//7285
f 3774//7286 3704//7286 3777//7286
f 3704//7287 3707//7287 3777//7287
f 3777//7288 3707//7288 3778//7288
f 3779//7289 3776//7289 3778//7289
f 3778//7290 3776//7290 3777//7290
f 3780//7291 3779//7291 3781//7291
f 3781//7292 3779//7292 3778//7292
f 3707//7293 3708//7293 3778//7293
f 3778//7294 3708//7294 3781//7294
f 3711//7295 3782//7295 3708//7295
f 3708//7296 3782//7296 3781//7296
f 3782//7297 3783//7297 3781//7297
f 3781//7298 3783//7298 3780//7298
f 3783//7299 3782//7299 3784//7299
f 3784//7300 3782//7300 3785//7300
f 3782//7301 3711//7301 3785//7301
f 3785//7302 3711//7302 3712//7302
f 3715//7303 3786//7303 3712//7303
f 3712//7304 3786//7304 3785//7304
f 3786//7305 3787//7305 3785//7305
f 3785//7306 3787//7306 3784//7306
f 3787//7307 3786//7307 3788//7307
f 3788//7308 3786//7308 3789//7308
f 3786//7309 3715//7309 3789//7309
f 3789//7310 3715//7310 3716//7310
f 3719//7311 3790//7311 3716//7311
f 3716//7312 3790//7312 3789//7312
f 3790//7313 3791//7313 3789//7313
f 3789//7314 3791//7314 3788//7314
f 3791//7315 3790//7315 3792//7315
f 3792//7316 3790//7316 3793//7316
f 3790//7317 3719//7317 3793//7317
f 3793//7318 3719//7318 3720//7318
f 3723//7319 3794//7319 3720//7319
f 3720//7320 3794//7320 3793//7320
f 3794//7321 3795//7321 3793//7321
f 3793//7322 3795//7322 3792//7322
f 1765//7323 3796//7323 1760//7323
f 1760//7324 3796//7324 3797//7324
f 3796//7325 3798//7325 3797//7325
f 3797//7326 3798//7326 3799//7326
f 3795//7327 3794//7327 3799//7327
f 3799//7328 3794//7328 3797//7328
f 3723//7329 3725//7329 3794//7329
f 3794//7330 3725//7330 3797//7330
f 3725//7331 1758//7331 3797//7331
f 3797//7332 1758//7332 1760//7332
f 1997//7333 3800//7333 1990//7333
f 1990//7334 3800//7334 3801//7334
f 3800//7335 3798//7335 3801//7335
f 3801//7336 3798//7336 3796//7336
f 1765//7337 1764//7337 3796//7337
f 3796//7338 1764//7338 3801//7338
f 1764//7339 1763//7339 3801//7339
f 3801//7340 1763//7340 1990//7340
f 2034//7341 2033//7341 3802//7341
f 2033//7342 2038//7342 3802//7342
f 11//7343 10//7343 2038//7343
f 2038//7344 10//7344 3802//7344
f 9//7345 3731//7345 10//7345
f 10//7346 3731//7346 3802//7346
f 3730//7347 3803//7347 3731//7347
f 3731//7348 3803//7348 3802//7348
f 3804//7349 3805//7349 3803//7349
f 3803//7350 3805//7350 3802//7350
f 2035//7351 2034//7351 3805//7351
f 3805//7352 2034//7352 3802//7352
f 3806//7353 3804//7353 3807//7353
f 3807//7354 3804//7354 3803//7354
f 3730//7355 3732//7355 3803//7355
f 3803//7356 3732//7356 3807//7356
f 3732//7357 3735//7357 3807//7357
f 3807//7358 3735//7358 3808//7358
f 3809//7359 3806//7359 3808//7359
f 3808//7360 3806//7360 3807//7360
f 3810//7361 3809//7361 3811//7361
f 3811//7362 3809//7362 3808//7362
f 3735//7363 3736//7363 3808//7363
f 3808//7364 3736//7364 3811//7364
f 3736//7365 3667//7365 3811//7365
f 3811//7366 3667//7366 3741//7366
f 3739//7367 3810//7367 3741//7367
f 3741//7368 3810//7368 3811//7368
f 3812//7369 3813//7369 3814//7369
f 3814//7370 3813//7370 3815//7370
f 3739//7371 3738//7371 3815//7371
f 3815//7372 3738//7372 3814//7372
f 3738//7373 3743//7373 3814//7373
f 3814//7374 3743//7374 3816//7374
f 3817//7375 3812//7375 3816//7375
f 3816//7376 3812//7376 3814//7376
f 3818//7377 3817//7377 3819//7377
f 3819//7378 3817//7378 3816//7378
f 3743//7379 3744//7379 3816//7379
f 3816//7380 3744//7380 3819//7380
f 3747//7381 3820//7381 3744//7381
f 3744//7382 3820//7382 3819//7382
f 3820//7383 3821//7383 3819//7383
f 3819//7384 3821//7384 3818//7384
f 3821//7385 3820//7385 3822//7385
f 3822//7386 3820//7386 3823//7386
f 3820//7387 3747//7387 3823//7387
f 3823//7388 3747//7388 3748//7388
f 3751//7389 3824//7389 3748//7389
f 3748//7390 3824//7390 3823//7390
f 3824//7391 3825//7391 3823//7391
f 3823//7392 3825//7392 3822//7392
f 3825//7393 3824//7393 3826//7393
f 3826//7394 3824//7394 3827//7394
f 3824//7395 3751//7395 3827//7395
f 3827//7396 3751//7396 3752//7396
f 3755//7397 3828//7397 3752//7397
f 3752//7398 3828//7398 3827//7398
f 3828//7399 3829//7399 3827//7399
f 3827//7400 3829//7400 3826//7400
f 3829//7401 3828//7401 3830//7401
f 3830//7402 3828//7402 3831//7402
f 3828//7403 3755//7403 3831//7403
f 3831//7404 3755//7404 3756//7404
f 3759//7405 3832//7405 3756//7405
f 3756//7406 3832//7406 3831//7406
f 3832//7407 3833//7407 3831//7407
f 3831//7408 3833//7408 3830//7408
f 3833//7409 3832//7409 3834//7409
f 3834//7410 3832//7410 3835//7410
f 3832//7411 3759//7411 3835//7411
f 3835//7412 3759//7412 3760//7412
f 3763//7413 3836//7413 3760//7413
f 3760//7414 3836//7414 3835//7414
f 3836//7415 3837//7415 3835//7415
f 3835//7416 3837//7416 3834//7416
f 3838//7417 3837//7417 3839//7417
f 3839//7418 3837//7418 3836//7418
f 3763//7419 3764//7419 3836//7419
f 3836//7420 3764//7420 3839//7420
f 3764//7421 3767//7421 3839//7421
f 3839//7422 3767//7422 3840//7422
f 3841//7423 3838//7423 3840//7423
f 3840//7424 3838//7424 3839//7424
f 3842//7425 3841//7425 3843//7425
f 3843//7426 3841//7426 3840//7426
f 3767//7427 3768//7427 3840//7427
f 3840//7428 3768//7428 3843//7428
f 3768//7429 3771//7429 3843//7429
f 3843//7430 3771//7430 3844//7430
f 3845//7431 3842//7431 3844//7431
f 3844//7432 3842//7432 3843//7432
f 3846//7433 3845//7433 3847//7433
f 3847//7434 3845//7434 3844//7434
f 3771//7435 3772//7435 3844//7435
f 3844//7436 3772//7436 3847//7436
f 3772//7437 3775//7437 3847//7437
f 3847//7438 3775//7438 3848//7438
f 3849//7439 3846//7439 3848//7439
f 3848//7440 3846//7440 3847//7440
f 3850//7441 3849//7441 3851//7441
f 3851//7442 3849//7442 3848//7442
f 3775//7443 3776//7443 3848//7443
f 3848//7444 3776//7444 3851//7444
f 3776//7445 3779//7445 3851//7445
f 3851//7446 3779//7446 3852//7446
f 3853//7447 3850//7447 3852//7447
f 3852//7448 3850//7448 3851//7448
f 3854//7449 3853//7449 3855//7449
f 3855//7450 3853//7450 3852//7450
f 3779//7451 3780//7451 3852//7451
f 3852//7452 3780//7452 3855//7452
f 3783//7453 3856//7453 3780//7453
f 3780//7454 3856//7454 3855//7454
f 3856//7455 3857//7455 3855//7455
f 3855//7456 3857//7456 3854//7456
f 3857//7457 3856//7457 3858//7457
f 3858//7458 3856//7458 3859//7458
f 3856//7459 3783//7459 3859//7459
f 3859//7460 3783//7460 3784//7460
f 3787//7461 3860//7461 3784//7461
f 3784//7462 3860//7462 3859//7462
f 3860//7463 3861//7463 3859//7463
f 3859//7464 3861//7464 3858//7464
f 3861//7465 3860//7465 3862//7465
f 3862//7466 3860//7466 3863//7466
f 3860//7467 3787//7467 3863//7467
f 3863//7468 3787//7468 3788//7468
f 3791//7469 3864//7469 3788//7469
f 3788//7470 3864//7470 3863//7470
f 3864//7471 3865//7471 3863//7471
f 3863//7472 3865//7472 3862//7472
f 3865//7473 3864//7473 3866//7473
f 3866//7474 3864//7474 3867//7474
f 3864//7475 3791//7475 3867//7475
f 3867//7476 3791//7476 3792//7476
f 3795//7477 3868//7477 3792//7477
f 3792//7478 3868//7478 3867//7478
f 3868//7479 3869//7479 3867//7479
f 3867//7480 3869//7480 3866//7480
f 3869//7481 3868//7481 3870//7481
f 3870//7482 3868//7482 3871//7482
f 3868//7483 3795//7483 3871//7483
f 3871//7484 3795//7484 3799//7484
f 3798//7485 3872//7485 3799//7485
f 3799//7486 3872//7486 3871//7486
f 3872//7487 3873//7487 3871//7487
f 3871//7488 3873//7488 3870//7488
f 2015//7489 3874//7489 2016//7489
f 2016//7490 3874//7490 3875//7490
f 3874//7491 3873//7491 3875//7491
f 3875//7492 3873//7492 3872//7492
f 3798//7493 3800//7493 3872//7493
f 3872//7494 3800//7494 3875//7494
f 1997//7495 1996//7495 3800//7495
f 3800//7496 1996//7496 3875//7496
f 1996//7497 1995//7497 3875//7497
f 3875//7498 1995//7498 2016//7498
f 2030//7499 3876//7499 2025//7499
f 2025//7500 3876//7500 3877//7500
f 3876//7501 3878//7501 3877//7501
f 3877//7502 3878//7502 3879//7502
f 2047//7503 2046//7503 3879//7503
f 3879//7504 2046//7504 3877//7504
f 2046//7505 2024//7505 3877//7505
f 3877//7506 2024//7506 2023//7506
f 2023//7507 2022//7507 3877//7507
f 3877//7508 2022//7508 2025//7508
f 2028//7509 2036//7509 2029//7509
f 2029//7510 2036//7510 3880//7510
f 2035//7511 3805//7511 2036//7511
f 2036//7512 3805//7512 3880//7512
f 3804//7513 3881//7513 3805//7513
f 3805//7514 3881//7514 3880//7514
f 3882//7515 3883//7515 3881//7515
f 3881//7516 3883//7516 3880//7516
f 3878//7517 3876//7517 3883//7517
f 3883//7518 3876//7518 3880//7518
f 2030//7519 2029//7519 3876//7519
f 3876//7520 2029//7520 3880//7520
f 3884//7521 3882//7521 3885//7521
f 3885//7522 3882//7522 3881//7522
f 3804//7523 3806//7523 3881//7523
f 3881//7524 3806//7524 3885//7524
f 3806//7525 3809//7525 3885//7525
f 3885//7526 3809//7526 3886//7526
f 3887//7527 3884//7527 3886//7527
f 3886//7528 3884//7528 3885//7528
f 3888//7529 3887//7529 3889//7529
f 3889//7530 3887//7530 3886//7530
f 3809//7531 3810//7531 3886//7531
f 3886//7532 3810//7532 3889//7532
f 3810//7533 3739//7533 3889//7533
f 3889//7534 3739//7534 3815//7534
f 3813//7535 3888//7535 3815//7535
f 3815//7536 3888//7536 3889//7536
f 3890//7537 3891//7537 3892//7537
f 3892//7538 3891//7538 3893//7538
f 3813//7539 3812//7539 3893//7539
f 3893//7540 3812//7540 3892//7540
f 3812//7541 3817//7541 3892//7541
f 3892//7542 3817//7542 3894//7542
f 3895//7543 3890//7543 3894//7543
f 3894//7544 3890//7544 3892//7544
f 3896//7545 3895//7545 3897//7545
f 3897//7546 3895//7546 3894//7546
f 3817//7547 3818//7547 3894//7547
f 3894//7548 3818//7548 3897//7548
f 3821//7549 3898//7549 3818//7549
f 3818//7550 3898//7550 3897//7550
f 3898//7551 3899//7551 3897//7551
f 3897//7552 3899//7552 3896//7552
f 3899//7553 3898//7553 3900//7553
f 3900//7554 3898//7554 3901//7554
f 3898//7555 3821//7555 3901//7555
f 3901//7556 3821//7556 3822//7556
f 3825//7557 3902//7557 3822//7557
f 3822//7558 3902//7558 3901//7558
f 3902//7559 3903//7559 3901//7559
f 3901//7560 3903//7560 3900//7560
f 3903//7561 3902//7561 3904//7561
f 3904//7562 3902//7562 3905//7562
f 3902//7563 3825//7563 3905//7563
f 3905//7564 3825//7564 3826//7564
f 3829//7565 3906//7565 3826//7565
f 3826//7566 3906//7566 3905//7566
f 3906//7567 3907//7567 3905//7567
f 3905//7568 3907//7568 3904//7568
f 3907//7569 3906//7569 3908//7569
f 3908//7570 3906//7570 3909//7570
f 3906//7571 3829//7571 3909//7571
f 3909//7572 3829//7572 3830//7572
f 3833//7573 3910//7573 3830//7573
f 3830//7574 3910//7574 3909//7574
f 3910//7575 3911//7575 3909//7575
f 3909//7576 3911//7576 3908//7576
f 3911//7577 3910//7577 3912//7577
f 3912//7578 3910//7578 3913//7578
f 3910//7579 3833//7579 3913//7579
f 3913//7580 3833//7580 3834//7580
f 3837//7581 3914//7581 3834//7581
f 3834//7582 3914//7582 3913//7582
f 3914//7583 3915//7583 3913//7583
f 3913//7584 3915//7584 3912//7584
f 3916//7585 3915//7585 3917//7585
f 3917//7586 3915//7586 3914//7586
f 3837//7587 3838//7587 3914//7587
f 3914//7588 3838//7588 3917//7588
f 3838//7589 3841//7589 3917//7589
f 3917//7590 3841//7590 3918//7590
f 3919//7591 3916//7591 3918//7591
f 3918//7592 3916//7592 3917//7592
f 3920//7593 3919//7593 3921//7593
f 3921//7594 3919//7594 3918//7594
f 3841//7595 3842//7595 3918//7595
f 3918//7596 3842//7596 3921//7596
f 3842//7597 3845//7597 3921//7597
f 3921//7598 3845//7598 3922//7598
f 3923//7599 3920//7599 3922//7599
f 3922//7600 3920//7600 3921//7600
f 3924//7601 3923//7601 3925//7601
f 3925//7602 3923//7602 3922//7602
f 3845//7603 3846//7603 3922//7603
f 3922//7604 3846//7604 3925//7604
f 3846//7605 3849//7605 3925//7605
f 3925//7606 3849//7606 3926//7606
f 3927//7607 3924//7607 3926//7607
f 3926//7608 3924//7608 3925//7608
f 3928//7609 3927//7609 3929//7609
f 3929//7610 3927//7610 3926//7610
f 3849//7611 3850//7611 3926//7611
f 3926//7612 3850//7612 3929//7612
f 3850//7613 3853//7613 3929//7613
f 3929//7614 3853//7614 3930//7614
f 3931//7615 3928//7615 3930//7615
f 3930//7616 3928//7616 3929//7616
f 3932//7617 3931//7617 3933//7617
f 3933//7618 3931//7618 3930//7618
f 3853//7619 3854//7619 3930//7619
f 3930//7620 3854//7620 3933//7620
f 3857//7621 3934//7621 3854//7621
f 3854//7622 3934//7622 3933//7622
f 3934//7623 3935//7623 3933//7623
f 3933//7624 3935//7624 3932//7624
f 3935//7625 3934//7625 3936//7625
f 3936//7626 3934//7626 3937//7626
f 3934//7627 3857//7627 3937//7627
f 3937//7628 3857//7628 3858//7628
f 3861//7629 3938//7629 3858//7629
f 3858//7630 3938//7630 3937//7630
f 3938//7631 3939//7631 3937//7631
f 3937//7632 3939//7632 3936//7632
f 3939//7633 3938//7633 3940//7633
f 3940//7634 3938//7634 3941//7634
f 3938//7635 3861//7635 3941//7635
f 3941//7636 3861//7636 3862//7636
f 3865//7637 3942//7637 3862//7637
f 3862//7638 3942//7638 3941//7638
f 3942//7639 3943//7639 3941//7639
f 3941//7640 3943//7640 3940//7640
f 3943//7641 3942//7641 3944//7641
f 3944//7642 3942//7642 3945//7642
f 3942//7643 3865//7643 3945//7643
f 3945//7644 3865//7644 3866//7644
f 3869//7645 3946//7645 3866//7645
f 3866//7646 3946//7646 3945//7646
f 3946//7646 3947//7646 3945//7646
f 3945//7647 3947//7647 3944//7647
f 3947//7648 3946//7648 3948//7648
f 3948//7649 3946//7649 3949//7649
f 3946//7650 3869//7650 3949//7650
f 3949//7651 3869//7651 3870//7651
f 3873//7652 3950//7652 3870//7652
f 3870//7653 3950//7653 3949//7653
f 3950//7654 3951//7654 3949//7654
f 3949//7655 3951//7655 3948//7655
f 2043//7656 3952//7656 2044//7656
f 2044//7657 3952//7657 3953//7657
f 3954//7658 3955//7658 3952//7658
f 3952//7659 3955//7659 3953//7659
f 3951//7660 3950//7660 3955//7660
f 3955//7661 3950//7661 3953//7661
f 3873//7662 3874//7662 3950//7662
f 3950//7663 3874//7663 3953//7663
f 2015//7664 2014//7664 3874//7664
f 3874//7665 2014//7665 3953//7665
f 2013//7666 2044//7666 2014//7666
f 2014//7667 2044//7667 3953//7667
f 2047//7668 3879//7668 2048//7668
f 2048//7669 3879//7669 3956//7669
f 3878//7670 3957//7670 3879//7670
f 3879//7671 3957//7671 3956//7671
f 3958//7672 3959//7672 3957//7672
f 3957//7673 3959//7673 3956//7673
f 3954//7674 3952//7674 3959//7674
f 3959//7675 3952//7675 3956//7675
f 2043//7676 2042//7676 3952//7676
f 3952//7677 2042//7677 3956//7677
f 2041//7678 2048//7678 2042//7678
f 2042//7679 2048//7679 3956//7679
f 3960//7680 3958//7680 3961//7680
f 3961//7681 3958//7681 3957//7681
f 3878//7682 3883//7682 3957//7682
f 3957//7683 3883//7683 3961//7683
f 3883//7684 3882//7684 3961//7684
f 3961//7685 3882//7685 3962//7685
f 3963//7686 3960//7686 3962//7686
f 3962//7687 3960//7687 3961//7687
f 3964//7688 3963//7688 3965//7688
f 3965//7689 3963//7689 3962//7689
f 3882//7690 3884//7690 3962//7690
f 3962//7691 3884//7691 3965//7691
f 3884//7692 3887//7692 3965//7692
f 3965//7693 3887//7693 3966//7693
f 3967//7694 3964//7694 3966//7694
f 3966//7695 3964//7695 3965//7695
f 3968//7696 3967//7696 3969//7696
f 3969//7697 3967//7697 3966//7697
f 3887//7698 3888//7698 3966//7698
f 3966//7699 3888//7699 3969//7699
f 3888//7700 3813//7700 3969//7700
f 3969//7701 3813//7701 3893//7701
f 3891//7702 3968//7702 3893//7702
f 3893//7703 3968//7703 3969//7703
f 3262//7704 3970//7704 3256//7704
f 3256//7705 3970//7705 3971//7705
f 3891//7706 3890//7706 3970//7706
f 3970//7707 3890//7707 3971//7707
f 3890//7708 3895//7708 3971//7708
f 3971//7709 3895//7709 3972//7709
f 3257//7710 3256//7710 3972//7710
f 3972//7711 3256//7711 3971//7711
f 3257//7712 3972//7712 3263//7712
f 3263//7713 3972//7713 3973//7713
f 3972//7714 3895//7714 3973//7714
f 3973//7715 3895//7715 3896//7715
f 3899//7716 3974//7716 3896//7716
f 3896//7717 3974//7717 3973//7717
f 3264//7718 3263//7718 3974//7718
f 3974//7719 3263//7719 3973//7719
f 3264//7720 3974//7720 3267//7720
f 3267//7721 3974//7721 3975//7721
f 3974//7722 3899//7722 3975//7722
f 3975//7723 3899//7723 3900//7723
f 3903//7724 3976//7724 3900//7724
f 3900//7725 3976//7725 3975//7725
f 3268//7726 3267//7726 3976//7726
f 3976//7727 3267//7727 3975//7727
f 3268//7728 3976//7728 3271//7728
f 3271//7729 3976//7729 3977//7729
f 3976//7730 3903//7730 3977//7730
f 3977//7731 3903//7731 3904//7731
f 3907//7732 3978//7732 3904//7732
f 3904//7733 3978//7733 3977//7733
f 3272//7734 3271//7734 3978//7734
f 3978//7735 3271//7735 3977//7735
f 3272//7736 3978//7736 3275//7736
f 3275//7737 3978//7737 3979//7737
f 3978//7738 3907//7738 3979//7738
f 3979//7739 3907//7739 3908//7739
f 3911//7740 3980//7740 3908//7740
f 3908//7741 3980//7741 3979//7741
f 3276//7742 3275//7742 3980//7742
f 3980//7743 3275//7743 3979//7743
f 3276//7744 3980//7744 3279//7744
f 3279//7745 3980//7745 3981//7745
f 3980//7746 3911//7746 3981//7746
f 3981//7747 3911//7747 3912//7747
f 3915//7748 3982//7748 3912//7748
f 3912//7749 3982//7749 3981//7749
f 3280//7750 3279//7750 3982//7750
f 3982//7751 3279//7751 3981//7751
f 3280//7752 3982//7752 3283//7752
f 3283//7753 3982//7753 3983//7753
f 3915//7754 3916//7754 3982//7754
f 3982//7755 3916//7755 3983//7755
f 3916//7756 3919//7756 3983//7756
f 3983//7757 3919//7757 3984//7757
f 3284//7758 3283//7758 3984//7758
f 3984//7759 3283//7759 3983//7759
f 3284//7760 3984//7760 3287//7760
f 3287//7761 3984//7761 3985//7761
f 3919//7762 3920//7762 3984//7762
f 3984//7763 3920//7763 3985//7763
f 3920//7764 3923//7764 3985//7764
f 3985//7765 3923//7765 3986//7765
f 3288//7766 3287//7766 3986//7766
f 3986//7767 3287//7767 3985//7767
f 3288//7768 3986//7768 3291//7768
f 3291//7769 3986//7769 3987//7769
f 3923//7770 3924//7770 3986//7770
f 3986//7771 3924//7771 3987//7771
f 3924//7772 3927//7772 3987//7772
f 3987//7773 3927//7773 3988//7773
f 3292//7774 3291//7774 3988//7774
f 3988//7775 3291//7775 3987//7775
f 3292//7776 3988//7776 3295//7776
f 3295//7777 3988//7777 3989//7777
f 3927//7778 3928//7778 3988//7778
f 3988//7779 3928//7779 3989//7779
f 3928//7780 3931//7780 3989//7780
f 3989//7781 3931//7781 3990//7781
f 3296//7782 3295//7782 3990//7782
f 3990//7783 3295//7783 3989//7783
f 3296//7784 3990//7784 3299//7784
f 3299//7785 3990//7785 3991//7785
f 3931//7786 3932//7786 3990//7786
f 3990//7787 3932//7787 3991//7787
f 3932//7788 3935//7788 3991//7788
f 3991//7789 3935//7789 3992//7789
f 3300//7790 3299//7790 3992//7790
f 3992//7791 3299//7791 3991//7791
f 3300//7792 3992//7792 3303//7792
f 3303//7793 3992//7793 3993//7793
f 3992//7794 3935//7794 3993//7794
f 3993//7795 3935//7795 3936//7795
f 3939//7796 3994//7796 3936//7796
f 3936//7797 3994//7797 3993//7797
f 3304//7798 3303//7798 3994//7798
f 3994//7799 3303//7799 3993//7799
f 3304//7800 3994//7800 3307//7800
f 3307//7801 3994//7801 3995//7801
f 3994//7802 3939//7802 3995//7802
f 3995//7803 3939//7803 3940//7803
f 3943//7804 3996//7804 3940//7804
f 3940//7805 3996//7805 3995//7805
f 3996//7806 3308//7806 3995//7806
f 3995//7807 3308//7807 3307//7807
f 3308//7808 3996//7808 3311//7808
f 3311//7809 3996//7809 3997//7809
f 3996//7810 3943//7810 3997//7810
f 3997//7811 3943//7811 3944//7811
f 3947//7812 3998//7812 3944//7812
f 3944//7813 3998//7813 3997//7813
f 3998//7814 3312//7814 3997//7814
f 3997//7815 3312//7815 3311//7815
f 3312//7816 3998//7816 3315//7816
f 3315//7817 3998//7817 3999//7817
f 3998//7818 3947//7818 3999//7818
f 3999//7819 3947//7819 3948//7819
f 3951//7820 4000//7820 3948//7820
f 3948//7821 4000//7821 3999//7821
f 3316//7822 3315//7822 4000//7822
f 4000//7823 3315//7823 3999//7823
f 3316//7824 4000//7824 3319//7824
f 3319//7825 4000//7825 4001//7825
f 4000//7826 3951//7826 4001//7826
f 4001//7827 3951//7827 3955//7827
f 3955//7828 3954//7828 4001//7828
f 4001//7829 3954//7829 4002//7829
f 3320//7830 3319//7830 4002//7830
f 4002//7831 3319//7831 4001//7831
f 3320//7832 4002//7832 3323//7832
f 3323//7833 4002//7833 4003//7833
f 4002//7834 3954//7834 4003//7834
f 4003//7835 3954//7835 3959//7835
f 3959//7836 3958//7836 4003//7836
f 4003//7837 3958//7837 4004//7837
f 3324//7838 3323//7838 4004//7838
f 4004//7839 3323//7839 4003//7839
f 3324//7840 4004//7840 3327//7840
f 3327//7841 4004//7841 4005//7841
f 3958//7842 3960//7842 4004//7842
f 4004//7843 3960//7843 4005//7843
f 3960//7844 3963//7844 4005//7844
f 4005//7845 3963//7845 4006//7845
f 3328//7846 3327//7846 4006//7846
f 4006//7847 3327//7847 4005//7847
f 3331//7848 3328//7848 4007//7848
f 4007//7849 3328//7849 4006//7849
f 3963//7850 3964//7850 4006//7850
f 4006//7851 3964//7851 4007//7851
f 3964//7852 3967//7852 4007//7852
f 4007//7853 3967//7853 4008//7853
f 3332//7854 3331//7854 4008//7854
f 4008//7855 3331//7855 4007//7855
f 3335//7856 3332//7856 4009//7856
f 4009//7857 3332//7857 4008//7857
f 3967//7858 3968//7858 4008//7858
f 4008//7859 3968//7859 4009//7859
f 3968//7860 3891//7860 4009//7860
f 4009//7861 3891//7861 3970//7861
f 3262//7862 3335//7862 3970//7862
f 3970//7863 3335//7863 4009//7863
f 2518//7864 4010//7864 2516//7864
f 2516//7865 4010//7865 3338//7865
f 4010//7866 4011//7866 3338//7866
f 3338//7867 4011//7867 3156//7867
f 2424//7868 2426//7868 4010//7868
f 4010//7869 2426//7869 4011//7869
f 4012//7870 2424//7870 2518//7870
f 2518//7871 2424//7871 4010//7871
f 2524//7872 2425//7872 4012//7872
f 4012//7873 2425//7873 2424//7873
f 4013//7874 2500//7874 4014//7874
f 4014//7875 2500//7875 2526//7875
f 2526//7876 2524//7876 4014//7876
f 4014//7877 2524//7877 4012//7877
f 2461//7878 4013//7878 2517//7878
f 2517//7879 4013//7879 4014//7879
f 4014//7880 4012//7880 2517//7880
f 2517//7881 4012//7881 2518//7881
f 2429//7882 3202//7882 2431//7882
f 2431//7883 3202//7883 2443//7883
f 3354//7884 2432//7884 3355//7884
f 3355//7885 2432//7885 2433//7885
f 2433//7886 2437//7886 3355//7886
f 3355//7887 2437//7887 2435//7887
f 2437//7888 2433//7888 4015//7888
f 4015//7889 2433//7889 2430//7889
f 2436//7890 2437//7890 2479//7890
f 2479//7891 2437//7891 4015//7891
f 2439//7892 2438//7892 4016//7892
f 4016//7893 2438//7893 4017//7893
f 2443//7894 3202//7894 2445//7894
f 2445//7895 3202//7895 4018//7895
f 4016//7896 4017//7896 4018//7896
f 4018//7897 4017//7897 2445//7897
f 4017//7898 2448//7898 2445//7898
f 2445//7899 2448//7899 2444//7899
f 2475//7900 2442//7900 2447//7900
f 2447//7901 2442//7901 2444//7901
f 4019//7902 2451//7902 4020//7902
f 2451//7903 2452//7903 4020//7903
f 2427//7904 2425//7904 4021//7904
f 4021//7905 2425//7905 4022//7905
f 2451//7906 4019//7906 4022//7906
f 4022//7907 4019//7907 4021//7907
f 2524//7908 2523//7908 2425//7908
f 2425//7909 2523//7909 4022//7909
f 2523//7910 2449//7910 4022//7910
f 4022//7911 2449//7911 2451//7911
f 4020//7912 2452//7912 3254//7912
f 3254//7913 2452//7913 2454//7913
f 2462//7914 2465//7914 2463//7914
f 2463//7915 2465//7915 4023//7915
f 4013//7916 2461//7916 4023//7916
f 4023//7917 2461//7917 2463//7917
f 2465//7918 2464//7918 4023//7918
f 4023//7919 2464//7919 2501//7919
f 2500//7920 4013//7920 2501//7920
f 2501//7921 4013//7921 4023//7921
f 2476//7922 2496//7922 2478//7922
f 2478//7923 2496//7923 2566//7923
f 2473//7924 2472//7924 2566//7924
f 2566//7925 2472//7925 2478//7925
f 2472//7926 2479//7926 2478//7926
f 2478//7927 2479//7927 2477//7927
f 2492//7928 2496//7928 2493//7928
f 2493//7929 2496//7929 2476//7929
f 2475//7930 2447//7930 2476//7930
f 2476//7931 2447//7931 2493//7931
f 2447//7932 2446//7932 2493//7932
f 2493//7933 2446//7933 2490//7933
f 2501//7934 2464//7934 2503//7934
f 2503//7935 2464//7935 2571//7935
f 2505//7936 2504//7936 2571//7936
f 2571//7937 2504//7937 2503//7937
f 2504//7938 2522//7938 2503//7938
f 2503//7939 2522//7939 2502//7939
f 2522//7940 2504//7940 2457//7940
f 2457//7941 2504//7941 2506//7941
f 2442//7942 4024//7942 2443//7942
f 2443//7943 4024//7943 2431//7943
f 4024//7944 4015//7944 2431//7944
f 2431//7945 4015//7945 2430//7945
f 2442//7946 2475//7946 4024//7946
f 4024//7947 2475//7947 2477//7947
f 2479//7948 4015//7948 2477//7948
f 2477//7949 4015//7949 4024//7949
f 2438//7950 2519//7950 4017//7950
f 4017//7951 2519//7951 2448//7951
f 2449//7952 2521//7952 2450//7952
f 2450//7953 2521//7953 2455//7953
f 2526//7954 2500//7954 2525//7954
f 2525//7955 2500//7955 2502//7955
f 2522//7956 2521//7956 2502//7956
f 2502//7957 2521//7957 2525//7957
f 2449//7958 2523//7958 2521//7958
f 2521//7959 2523//7959 2525//7959
f 4011//7960 2426//7960 3156//7960
f 3156//7961 2426//7961 3152//7961
f 3152//7962 3153//7962 3154//7962
f 3153//7963 3166//7963 3154//7963
f 3154//7964 3166//7964 3157//7964
f 3166//7965 3160//7965 3157//7965
f 3157//7966 3160//7966 3159//7966
f 3153//7967 3174//7967 3166//7967
f 3166//7968 3174//7968 3165//7968
f 3174//7969 3167//7969 3165//7969
f 3165//7970 3167//7970 3169//7970
f 3163//7971 3162//7971 3169//7971
f 3169//7972 3162//7972 3165//7972
f 3153//7973 3182//7973 3174//7973
f 3174//7974 3182//7974 3173//7974
f 3182//7975 3175//7975 3173//7975
f 3173//7976 3175//7976 3177//7976
f 3171//7977 3170//7977 3177//7977
f 3177//7978 3170//7978 3173//7978
f 3153//7979 3190//7979 3182//7979
f 3182//7980 3190//7980 3181//7980
f 3190//7981 3183//7981 3181//7981
f 3181//7982 3183//7982 3185//7982
f 3179//7983 3178//7983 3185//7983
f 3185//7984 3178//7984 3181//7984
f 3153//7985 3197//7985 3190//7985
f 3190//7986 3197//7986 3189//7986
f 3197//7987 3191//7987 3189//7987
f 3189//7988 3191//7988 3193//7988
f 3187//7989 3186//7989 3193//7989
f 3193//7990 3186//7990 3189//7990
f 3153//7991 3199//7991 3197//7991
f 3197//7992 3199//7992 3196//7992
f 3200//7993 3199//7993 4025//7993
f 3199//7994 3153//7994 4025//7994
f 4025//7995 3354//7995 3200//7995
f 3200//7996 3354//7996 3201//7996
f 3153//7997 3203//7997 4025//7997
f 4025//7998 3203//7998 3204//7998
f 2432//7999 3354//7999 3204//7999
f 3204//8000 3354//8000 4025//8000
f 2432//8001 3204//8001 2428//8001
f 2428//8002 3204//8002 2429//8002
f 3203//8003 3205//8003 3202//8003
f 3202//8004 3205//8004 4018//8004
f 3205//8005 2439//8005 4018//8005
f 4018//8006 2439//8006 4016//8006
f 2439//8007 3205//8007 2441//8007
f 2441//8008 3205//8008 3206//8008
f 3153//8009 3209//8009 3206//8009
f 3206//8010 3209//8010 3208//8010
f 3153//8011 3220//8011 3209//8011
f 3209//8012 3220//8012 3212//8012
f 3220//8013 3214//8013 3212//8013
f 3212//8014 3214//8014 3213//8014
f 3153//8015 3228//8015 3220//8015
f 3220//8016 3228//8016 3219//8016
f 3228//8017 3221//8017 3219//8017
f 3219//8018 3221//8018 3223//8018
f 3217//8019 3216//8019 3223//8019
f 3223//8020 3216//8020 3219//8020
f 3153//8021 3236//8021 3228//8021
f 3228//8022 3236//8022 3227//8022
f 3236//8023 3229//8023 3227//8023
f 3227//8024 3229//8024 3231//8024
f 3225//8025 3224//8025 3231//8025
f 3231//8026 3224//8026 3227//8026
f 3153//8027 3244//8027 3236//8027
f 3236//8028 3244//8028 3235//8028
f 3244//8029 3237//8029 3235//8029
f 3235//8030 3237//8030 3239//8030
f 3233//8031 3232//8031 3239//8031
f 3239//8032 3232//8032 3235//8032
f 3153//8033 3251//8033 3244//8033
f 3244//8034 3251//8034 3243//8034
f 3251//8035 3245//8035 3243//8035
f 3243//8036 3245//8036 3247//8036
f 3241//8037 3240//8037 3247//8037
f 3247//8038 3240//8038 3243//8038
f 3251//8039 3153//8039 3250//8039
f 3255//8040 4019//8040 3254//8040
f 3254//8041 4019//8041 4020//8041
f 3153//8042 2427//8042 3253//8042
f 3253//8043 2427//8043 4021//8043
f 4019//8044 3255//8044 4021//8044
f 4021//8045 3255//8045 3253//8045
# Vertices: 4025, normals: 8045, texture coordinates: 0, faces: 8050

